"vehicle_type","state_abb","year_of_manufacture","no_vehicles"
"Passenger vehicles","NSW","1901",0
"Passenger vehicles","NSW","1902",0
"Passenger vehicles","NSW","1903",0
"Passenger vehicles","NSW","1904",0
"Passenger vehicles","NSW","1905",0
"Passenger vehicles","NSW","1906",0
"Passenger vehicles","NSW","1907",0
"Passenger vehicles","NSW","1908",0
"Passenger vehicles","NSW","1909",0
"Passenger vehicles","NSW","1910",0
"Passenger vehicles","NSW","1911",3
"Passenger vehicles","NSW","1912",0
"Passenger vehicles","NSW","1913",3
"Passenger vehicles","NSW","1914",3
"Passenger vehicles","NSW","1915",0
"Passenger vehicles","NSW","1916",0
"Passenger vehicles","NSW","1917",0
"Passenger vehicles","NSW","1918",0
"Passenger vehicles","NSW","1919",0
"Passenger vehicles","NSW","1920",0
"Passenger vehicles","NSW","1921",0
"Passenger vehicles","NSW","1922",3
"Passenger vehicles","NSW","1923",43
"Passenger vehicles","NSW","1924",12
"Passenger vehicles","NSW","1925",20
"Passenger vehicles","NSW","1926",27
"Passenger vehicles","NSW","1927",44
"Passenger vehicles","NSW","1928",197
"Passenger vehicles","NSW","1929",97
"Passenger vehicles","NSW","1930",83
"Passenger vehicles","NSW","1931",38
"Passenger vehicles","NSW","1932",238
"Passenger vehicles","NSW","1933",54
"Passenger vehicles","NSW","1934",229
"Passenger vehicles","NSW","1935",67
"Passenger vehicles","NSW","1936",74
"Passenger vehicles","NSW","1937",81
"Passenger vehicles","NSW","1938",54
"Passenger vehicles","NSW","1939",70
"Passenger vehicles","NSW","1940",44
"Passenger vehicles","NSW","1941",13
"Passenger vehicles","NSW","1942",7
"Passenger vehicles","NSW","1943",5
"Passenger vehicles","NSW","1944",9
"Passenger vehicles","NSW","1945",0
"Passenger vehicles","NSW","1946",32
"Passenger vehicles","NSW","1947",45
"Passenger vehicles","NSW","1948",98
"Passenger vehicles","NSW","1949",87
"Passenger vehicles","NSW","1950",101
"Passenger vehicles","NSW","1951",112
"Passenger vehicles","NSW","1952",84
"Passenger vehicles","NSW","1953",122
"Passenger vehicles","NSW","1954",198
"Passenger vehicles","NSW","1955",274
"Passenger vehicles","NSW","1956",291
"Passenger vehicles","NSW","1957",427
"Passenger vehicles","NSW","1958",290
"Passenger vehicles","NSW","1959",370
"Passenger vehicles","NSW","1960",360
"Passenger vehicles","NSW","1961",295
"Passenger vehicles","NSW","1962",494
"Passenger vehicles","NSW","1963",660
"Passenger vehicles","NSW","1964",1160
"Passenger vehicles","NSW","1965",1054
"Passenger vehicles","NSW","1966",1241
"Passenger vehicles","NSW","1967",1276
"Passenger vehicles","NSW","1968",1311
"Passenger vehicles","NSW","1969",1476
"Passenger vehicles","NSW","1970",1924
"Passenger vehicles","NSW","1971",2066
"Passenger vehicles","NSW","1972",1404
"Passenger vehicles","NSW","1973",1375
"Passenger vehicles","NSW","1974",1552
"Passenger vehicles","NSW","1975",1214
"Passenger vehicles","NSW","1976",1298
"Passenger vehicles","NSW","1977",1243
"Passenger vehicles","NSW","1978",1151
"Passenger vehicles","NSW","1979",936
"Passenger vehicles","NSW","1980",677
"Passenger vehicles","NSW","1981",774
"Passenger vehicles","NSW","1982",1002
"Passenger vehicles","NSW","1983",962
"Passenger vehicles","NSW","1984",1553
"Passenger vehicles","NSW","1985",2116
"Passenger vehicles","NSW","1986",1605
"Passenger vehicles","NSW","1987",1451
"Passenger vehicles","NSW","1988",2096
"Passenger vehicles","NSW","1989",3170
"Passenger vehicles","NSW","1990",4272
"Passenger vehicles","NSW","1991",4431
"Passenger vehicles","NSW","1992",5168
"Passenger vehicles","NSW","1993",6010
"Passenger vehicles","NSW","1994",8023
"Passenger vehicles","NSW","1995",9652
"Passenger vehicles","NSW","1996",11543
"Passenger vehicles","NSW","1997",16544
"Passenger vehicles","NSW","1998",23850
"Passenger vehicles","NSW","1999",29297
"Passenger vehicles","NSW","2000",38752
"Passenger vehicles","NSW","2001",43530
"Passenger vehicles","NSW","2002",56605
"Passenger vehicles","NSW","2003",77479
"Passenger vehicles","NSW","2004",89694
"Passenger vehicles","NSW","2005",105703
"Passenger vehicles","NSW","2006",116916
"Passenger vehicles","NSW","2007",141252
"Passenger vehicles","NSW","2008",147467
"Passenger vehicles","NSW","2009",147288
"Passenger vehicles","NSW","2010",178529
"Passenger vehicles","NSW","2011",182174
"Passenger vehicles","NSW","2012",213552
"Passenger vehicles","NSW","2013",232251
"Passenger vehicles","NSW","2014",231932
"Passenger vehicles","NSW","2015",265425
"Passenger vehicles","NSW","2016",275989
"Passenger vehicles","NSW","2017",276375
"Passenger vehicles","NSW","2018",254332
"Passenger vehicles","NSW","2019",236913
"Passenger vehicles","NSW","2020",210736
"Passenger vehicles","NSW","2021",256544
"Passenger vehicles","NSW","2022",268709
"Passenger vehicles","NSW","2023",286998
"Passenger vehicles","NSW","2024",207781
"Passenger vehicles","NSW","2025",24
"Passenger vehicles","NSW","Not stated",51
"Passenger vehicles","Vic","1901",0
"Passenger vehicles","Vic","1902",0
"Passenger vehicles","Vic","1903",0
"Passenger vehicles","Vic","1904",0
"Passenger vehicles","Vic","1905",0
"Passenger vehicles","Vic","1906",0
"Passenger vehicles","Vic","1907",0
"Passenger vehicles","Vic","1908",3
"Passenger vehicles","Vic","1909",0
"Passenger vehicles","Vic","1910",0
"Passenger vehicles","Vic","1911",0
"Passenger vehicles","Vic","1912",0
"Passenger vehicles","Vic","1913",0
"Passenger vehicles","Vic","1914",0
"Passenger vehicles","Vic","1915",3
"Passenger vehicles","Vic","1916",0
"Passenger vehicles","Vic","1917",0
"Passenger vehicles","Vic","1918",0
"Passenger vehicles","Vic","1919",0
"Passenger vehicles","Vic","1920",0
"Passenger vehicles","Vic","1921",3
"Passenger vehicles","Vic","1922",4
"Passenger vehicles","Vic","1923",29
"Passenger vehicles","Vic","1924",25
"Passenger vehicles","Vic","1925",22
"Passenger vehicles","Vic","1926",30
"Passenger vehicles","Vic","1927",60
"Passenger vehicles","Vic","1928",211
"Passenger vehicles","Vic","1929",129
"Passenger vehicles","Vic","1930",96
"Passenger vehicles","Vic","1931",44
"Passenger vehicles","Vic","1932",261
"Passenger vehicles","Vic","1933",79
"Passenger vehicles","Vic","1934",295
"Passenger vehicles","Vic","1935",99
"Passenger vehicles","Vic","1936",108
"Passenger vehicles","Vic","1937",104
"Passenger vehicles","Vic","1938",89
"Passenger vehicles","Vic","1939",91
"Passenger vehicles","Vic","1940",52
"Passenger vehicles","Vic","1941",20
"Passenger vehicles","Vic","1942",20
"Passenger vehicles","Vic","1943",8
"Passenger vehicles","Vic","1944",5
"Passenger vehicles","Vic","1945",0
"Passenger vehicles","Vic","1946",48
"Passenger vehicles","Vic","1947",78
"Passenger vehicles","Vic","1948",121
"Passenger vehicles","Vic","1949",113
"Passenger vehicles","Vic","1950",145
"Passenger vehicles","Vic","1951",155
"Passenger vehicles","Vic","1952",139
"Passenger vehicles","Vic","1953",142
"Passenger vehicles","Vic","1954",271
"Passenger vehicles","Vic","1955",444
"Passenger vehicles","Vic","1956",387
"Passenger vehicles","Vic","1957",496
"Passenger vehicles","Vic","1958",311
"Passenger vehicles","Vic","1959",389
"Passenger vehicles","Vic","1960",338
"Passenger vehicles","Vic","1961",328
"Passenger vehicles","Vic","1962",571
"Passenger vehicles","Vic","1963",769
"Passenger vehicles","Vic","1964",1171
"Passenger vehicles","Vic","1965",1232
"Passenger vehicles","Vic","1966",1488
"Passenger vehicles","Vic","1967",1499
"Passenger vehicles","Vic","1968",1446
"Passenger vehicles","Vic","1969",1599
"Passenger vehicles","Vic","1970",2056
"Passenger vehicles","Vic","1971",2097
"Passenger vehicles","Vic","1972",1322
"Passenger vehicles","Vic","1973",1434
"Passenger vehicles","Vic","1974",1540
"Passenger vehicles","Vic","1975",1359
"Passenger vehicles","Vic","1976",1318
"Passenger vehicles","Vic","1977",1274
"Passenger vehicles","Vic","1978",1322
"Passenger vehicles","Vic","1979",1037
"Passenger vehicles","Vic","1980",777
"Passenger vehicles","Vic","1981",976
"Passenger vehicles","Vic","1982",1051
"Passenger vehicles","Vic","1983",1160
"Passenger vehicles","Vic","1984",1698
"Passenger vehicles","Vic","1985",2202
"Passenger vehicles","Vic","1986",1921
"Passenger vehicles","Vic","1987",1707
"Passenger vehicles","Vic","1988",2667
"Passenger vehicles","Vic","1989",3912
"Passenger vehicles","Vic","1990",5100
"Passenger vehicles","Vic","1991",4818
"Passenger vehicles","Vic","1992",5738
"Passenger vehicles","Vic","1993",6691
"Passenger vehicles","Vic","1994",8201
"Passenger vehicles","Vic","1995",9785
"Passenger vehicles","Vic","1996",11799
"Passenger vehicles","Vic","1997",16396
"Passenger vehicles","Vic","1998",24065
"Passenger vehicles","Vic","1999",29728
"Passenger vehicles","Vic","2000",38637
"Passenger vehicles","Vic","2001",49582
"Passenger vehicles","Vic","2002",58245
"Passenger vehicles","Vic","2003",78347
"Passenger vehicles","Vic","2004",88337
"Passenger vehicles","Vic","2005",103314
"Passenger vehicles","Vic","2006",113666
"Passenger vehicles","Vic","2007",135106
"Passenger vehicles","Vic","2008",146006
"Passenger vehicles","Vic","2009",143006
"Passenger vehicles","Vic","2010",178695
"Passenger vehicles","Vic","2011",171624
"Passenger vehicles","Vic","2012",200232
"Passenger vehicles","Vic","2013",220345
"Passenger vehicles","Vic","2014",214803
"Passenger vehicles","Vic","2015",232585
"Passenger vehicles","Vic","2016",242772
"Passenger vehicles","Vic","2017",246295
"Passenger vehicles","Vic","2018",234013
"Passenger vehicles","Vic","2019",207890
"Passenger vehicles","Vic","2020",151141
"Passenger vehicles","Vic","2021",211936
"Passenger vehicles","Vic","2022",224721
"Passenger vehicles","Vic","2023",248108
"Passenger vehicles","Vic","2024",177782
"Passenger vehicles","Vic","2025",28
"Passenger vehicles","Vic","Not stated",93
"Passenger vehicles","Qld","1901",0
"Passenger vehicles","Qld","1902",0
"Passenger vehicles","Qld","1903",3
"Passenger vehicles","Qld","1904",5
"Passenger vehicles","Qld","1905",4
"Passenger vehicles","Qld","1906",8
"Passenger vehicles","Qld","1907",4
"Passenger vehicles","Qld","1908",8
"Passenger vehicles","Qld","1909",12
"Passenger vehicles","Qld","1910",23
"Passenger vehicles","Qld","1911",24
"Passenger vehicles","Qld","1912",23
"Passenger vehicles","Qld","1913",17
"Passenger vehicles","Qld","1914",14
"Passenger vehicles","Qld","1915",26
"Passenger vehicles","Qld","1916",13
"Passenger vehicles","Qld","1917",19
"Passenger vehicles","Qld","1918",12
"Passenger vehicles","Qld","1919",7
"Passenger vehicles","Qld","1920",10
"Passenger vehicles","Qld","1921",10
"Passenger vehicles","Qld","1922",24
"Passenger vehicles","Qld","1923",169
"Passenger vehicles","Qld","1924",52
"Passenger vehicles","Qld","1925",86
"Passenger vehicles","Qld","1926",141
"Passenger vehicles","Qld","1927",206
"Passenger vehicles","Qld","1928",441
"Passenger vehicles","Qld","1929",317
"Passenger vehicles","Qld","1930",217
"Passenger vehicles","Qld","1931",87
"Passenger vehicles","Qld","1932",342
"Passenger vehicles","Qld","1933",74
"Passenger vehicles","Qld","1934",338
"Passenger vehicles","Qld","1935",118
"Passenger vehicles","Qld","1936",166
"Passenger vehicles","Qld","1937",133
"Passenger vehicles","Qld","1938",136
"Passenger vehicles","Qld","1939",152
"Passenger vehicles","Qld","1940",77
"Passenger vehicles","Qld","1941",51
"Passenger vehicles","Qld","1942",130
"Passenger vehicles","Qld","1943",67
"Passenger vehicles","Qld","1944",79
"Passenger vehicles","Qld","1945",12
"Passenger vehicles","Qld","1946",116
"Passenger vehicles","Qld","1947",130
"Passenger vehicles","Qld","1948",251
"Passenger vehicles","Qld","1949",248
"Passenger vehicles","Qld","1950",256
"Passenger vehicles","Qld","1951",311
"Passenger vehicles","Qld","1952",172
"Passenger vehicles","Qld","1953",345
"Passenger vehicles","Qld","1954",527
"Passenger vehicles","Qld","1955",689
"Passenger vehicles","Qld","1956",598
"Passenger vehicles","Qld","1957",871
"Passenger vehicles","Qld","1958",626
"Passenger vehicles","Qld","1959",652
"Passenger vehicles","Qld","1960",835
"Passenger vehicles","Qld","1961",664
"Passenger vehicles","Qld","1962",1135
"Passenger vehicles","Qld","1963",1354
"Passenger vehicles","Qld","1964",2382
"Passenger vehicles","Qld","1965",2197
"Passenger vehicles","Qld","1966",2481
"Passenger vehicles","Qld","1967",2532
"Passenger vehicles","Qld","1968",2631
"Passenger vehicles","Qld","1969",2797
"Passenger vehicles","Qld","1970",3419
"Passenger vehicles","Qld","1971",3800
"Passenger vehicles","Qld","1972",2364
"Passenger vehicles","Qld","1973",2462
"Passenger vehicles","Qld","1974",2621
"Passenger vehicles","Qld","1975",2028
"Passenger vehicles","Qld","1976",2333
"Passenger vehicles","Qld","1977",2157
"Passenger vehicles","Qld","1978",2125
"Passenger vehicles","Qld","1979",1763
"Passenger vehicles","Qld","1980",1359
"Passenger vehicles","Qld","1981",1420
"Passenger vehicles","Qld","1982",1543
"Passenger vehicles","Qld","1983",1377
"Passenger vehicles","Qld","1984",2085
"Passenger vehicles","Qld","1985",2384
"Passenger vehicles","Qld","1986",1965
"Passenger vehicles","Qld","1987",1631
"Passenger vehicles","Qld","1988",2723
"Passenger vehicles","Qld","1989",4003
"Passenger vehicles","Qld","1990",4778
"Passenger vehicles","Qld","1991",4795
"Passenger vehicles","Qld","1992",5646
"Passenger vehicles","Qld","1993",6491
"Passenger vehicles","Qld","1994",7400
"Passenger vehicles","Qld","1995",8117
"Passenger vehicles","Qld","1996",9204
"Passenger vehicles","Qld","1997",13299
"Passenger vehicles","Qld","1998",17755
"Passenger vehicles","Qld","1999",21171
"Passenger vehicles","Qld","2000",27345
"Passenger vehicles","Qld","2001",29777
"Passenger vehicles","Qld","2002",39677
"Passenger vehicles","Qld","2003",56068
"Passenger vehicles","Qld","2004",67915
"Passenger vehicles","Qld","2005",81003
"Passenger vehicles","Qld","2006",89383
"Passenger vehicles","Qld","2007",108231
"Passenger vehicles","Qld","2008",107494
"Passenger vehicles","Qld","2009",103656
"Passenger vehicles","Qld","2010",129258
"Passenger vehicles","Qld","2011",132609
"Passenger vehicles","Qld","2012",154450
"Passenger vehicles","Qld","2013",164773
"Passenger vehicles","Qld","2014",155711
"Passenger vehicles","Qld","2015",177128
"Passenger vehicles","Qld","2016",171838
"Passenger vehicles","Qld","2017",176771
"Passenger vehicles","Qld","2018",168192
"Passenger vehicles","Qld","2019",151948
"Passenger vehicles","Qld","2020",136417
"Passenger vehicles","Qld","2021",166048
"Passenger vehicles","Qld","2022",182984
"Passenger vehicles","Qld","2023",196901
"Passenger vehicles","Qld","2024",148426
"Passenger vehicles","Qld","2025",10
"Passenger vehicles","Qld","Not stated",445
"Passenger vehicles","SA","1901",3
"Passenger vehicles","SA","1902",0
"Passenger vehicles","SA","1903",0
"Passenger vehicles","SA","1904",4
"Passenger vehicles","SA","1905",3
"Passenger vehicles","SA","1906",3
"Passenger vehicles","SA","1907",5
"Passenger vehicles","SA","1908",6
"Passenger vehicles","SA","1909",6
"Passenger vehicles","SA","1910",9
"Passenger vehicles","SA","1911",8
"Passenger vehicles","SA","1912",17
"Passenger vehicles","SA","1913",22
"Passenger vehicles","SA","1914",14
"Passenger vehicles","SA","1915",13
"Passenger vehicles","SA","1916",11
"Passenger vehicles","SA","1917",7
"Passenger vehicles","SA","1918",8
"Passenger vehicles","SA","1919",5
"Passenger vehicles","SA","1920",5
"Passenger vehicles","SA","1921",3
"Passenger vehicles","SA","1922",19
"Passenger vehicles","SA","1923",56
"Passenger vehicles","SA","1924",66
"Passenger vehicles","SA","1925",85
"Passenger vehicles","SA","1926",92
"Passenger vehicles","SA","1927",108
"Passenger vehicles","SA","1928",182
"Passenger vehicles","SA","1929",172
"Passenger vehicles","SA","1930",66
"Passenger vehicles","SA","1931",14
"Passenger vehicles","SA","1932",75
"Passenger vehicles","SA","1933",47
"Passenger vehicles","SA","1934",96
"Passenger vehicles","SA","1935",68
"Passenger vehicles","SA","1936",63
"Passenger vehicles","SA","1937",103
"Passenger vehicles","SA","1938",91
"Passenger vehicles","SA","1939",70
"Passenger vehicles","SA","1940",32
"Passenger vehicles","SA","1941",8
"Passenger vehicles","SA","1942",22
"Passenger vehicles","SA","1943",13
"Passenger vehicles","SA","1944",11
"Passenger vehicles","SA","1945",7
"Passenger vehicles","SA","1946",46
"Passenger vehicles","SA","1947",82
"Passenger vehicles","SA","1948",170
"Passenger vehicles","SA","1949",162
"Passenger vehicles","SA","1950",142
"Passenger vehicles","SA","1951",155
"Passenger vehicles","SA","1952",139
"Passenger vehicles","SA","1953",153
"Passenger vehicles","SA","1954",278
"Passenger vehicles","SA","1955",377
"Passenger vehicles","SA","1956",247
"Passenger vehicles","SA","1957",393
"Passenger vehicles","SA","1958",283
"Passenger vehicles","SA","1959",378
"Passenger vehicles","SA","1960",410
"Passenger vehicles","SA","1961",301
"Passenger vehicles","SA","1962",585
"Passenger vehicles","SA","1963",688
"Passenger vehicles","SA","1964",985
"Passenger vehicles","SA","1965",1116
"Passenger vehicles","SA","1966",1344
"Passenger vehicles","SA","1967",1293
"Passenger vehicles","SA","1968",1512
"Passenger vehicles","SA","1969",1578
"Passenger vehicles","SA","1970",1920
"Passenger vehicles","SA","1971",1852
"Passenger vehicles","SA","1972",1337
"Passenger vehicles","SA","1973",1263
"Passenger vehicles","SA","1974",1378
"Passenger vehicles","SA","1975",1139
"Passenger vehicles","SA","1976",1310
"Passenger vehicles","SA","1977",1173
"Passenger vehicles","SA","1978",1215
"Passenger vehicles","SA","1979",895
"Passenger vehicles","SA","1980",631
"Passenger vehicles","SA","1981",623
"Passenger vehicles","SA","1982",815
"Passenger vehicles","SA","1983",765
"Passenger vehicles","SA","1984",1123
"Passenger vehicles","SA","1985",1271
"Passenger vehicles","SA","1986",1124
"Passenger vehicles","SA","1987",975
"Passenger vehicles","SA","1988",1416
"Passenger vehicles","SA","1989",1897
"Passenger vehicles","SA","1990",2643
"Passenger vehicles","SA","1991",2444
"Passenger vehicles","SA","1992",2949
"Passenger vehicles","SA","1993",3358
"Passenger vehicles","SA","1994",3984
"Passenger vehicles","SA","1995",4811
"Passenger vehicles","SA","1996",5375
"Passenger vehicles","SA","1997",7479
"Passenger vehicles","SA","1998",10280
"Passenger vehicles","SA","1999",11432
"Passenger vehicles","SA","2000",14694
"Passenger vehicles","SA","2001",16778
"Passenger vehicles","SA","2002",21494
"Passenger vehicles","SA","2003",28446
"Passenger vehicles","SA","2004",31041
"Passenger vehicles","SA","2005",35878
"Passenger vehicles","SA","2006",37973
"Passenger vehicles","SA","2007",42368
"Passenger vehicles","SA","2008",44303
"Passenger vehicles","SA","2009",40936
"Passenger vehicles","SA","2010",51107
"Passenger vehicles","SA","2011",48541
"Passenger vehicles","SA","2012",55343
"Passenger vehicles","SA","2013",58278
"Passenger vehicles","SA","2014",54398
"Passenger vehicles","SA","2015",57469
"Passenger vehicles","SA","2016",58835
"Passenger vehicles","SA","2017",61827
"Passenger vehicles","SA","2018",57927
"Passenger vehicles","SA","2019",49610
"Passenger vehicles","SA","2020",43665
"Passenger vehicles","SA","2021",51627
"Passenger vehicles","SA","2022",55041
"Passenger vehicles","SA","2023",60285
"Passenger vehicles","SA","2024",46703
"Passenger vehicles","SA","2025",5
"Passenger vehicles","SA","Not stated",11
"Passenger vehicles","WA","1901",0
"Passenger vehicles","WA","1902",0
"Passenger vehicles","WA","1903",3
"Passenger vehicles","WA","1904",4
"Passenger vehicles","WA","1905",0
"Passenger vehicles","WA","1906",4
"Passenger vehicles","WA","1907",0
"Passenger vehicles","WA","1908",4
"Passenger vehicles","WA","1909",6
"Passenger vehicles","WA","1910",10
"Passenger vehicles","WA","1911",13
"Passenger vehicles","WA","1912",15
"Passenger vehicles","WA","1913",13
"Passenger vehicles","WA","1914",22
"Passenger vehicles","WA","1915",25
"Passenger vehicles","WA","1916",7
"Passenger vehicles","WA","1917",6
"Passenger vehicles","WA","1918",7
"Passenger vehicles","WA","1919",0
"Passenger vehicles","WA","1920",4
"Passenger vehicles","WA","1921",5
"Passenger vehicles","WA","1922",8
"Passenger vehicles","WA","1923",91
"Passenger vehicles","WA","1924",40
"Passenger vehicles","WA","1925",54
"Passenger vehicles","WA","1926",96
"Passenger vehicles","WA","1927",135
"Passenger vehicles","WA","1928",216
"Passenger vehicles","WA","1929",209
"Passenger vehicles","WA","1930",101
"Passenger vehicles","WA","1931",40
"Passenger vehicles","WA","1932",132
"Passenger vehicles","WA","1933",57
"Passenger vehicles","WA","1934",158
"Passenger vehicles","WA","1935",82
"Passenger vehicles","WA","1936",90
"Passenger vehicles","WA","1937",101
"Passenger vehicles","WA","1938",93
"Passenger vehicles","WA","1939",73
"Passenger vehicles","WA","1940",48
"Passenger vehicles","WA","1941",13
"Passenger vehicles","WA","1942",42
"Passenger vehicles","WA","1943",15
"Passenger vehicles","WA","1944",26
"Passenger vehicles","WA","1945",17
"Passenger vehicles","WA","1946",92
"Passenger vehicles","WA","1947",92
"Passenger vehicles","WA","1948",192
"Passenger vehicles","WA","1949",164
"Passenger vehicles","WA","1950",163
"Passenger vehicles","WA","1951",165
"Passenger vehicles","WA","1952",148
"Passenger vehicles","WA","1953",196
"Passenger vehicles","WA","1954",284
"Passenger vehicles","WA","1955",338
"Passenger vehicles","WA","1956",273
"Passenger vehicles","WA","1957",473
"Passenger vehicles","WA","1958",357
"Passenger vehicles","WA","1959",383
"Passenger vehicles","WA","1960",439
"Passenger vehicles","WA","1961",339
"Passenger vehicles","WA","1962",697
"Passenger vehicles","WA","1963",732
"Passenger vehicles","WA","1964",1086
"Passenger vehicles","WA","1965",1029
"Passenger vehicles","WA","1966",1338
"Passenger vehicles","WA","1967",1288
"Passenger vehicles","WA","1968",1493
"Passenger vehicles","WA","1969",1751
"Passenger vehicles","WA","1970",1958
"Passenger vehicles","WA","1971",2197
"Passenger vehicles","WA","1972",1368
"Passenger vehicles","WA","1973",1385
"Passenger vehicles","WA","1974",1596
"Passenger vehicles","WA","1975",1136
"Passenger vehicles","WA","1976",1392
"Passenger vehicles","WA","1977",1559
"Passenger vehicles","WA","1978",1325
"Passenger vehicles","WA","1979",971
"Passenger vehicles","WA","1980",651
"Passenger vehicles","WA","1981",727
"Passenger vehicles","WA","1982",818
"Passenger vehicles","WA","1983",824
"Passenger vehicles","WA","1984",1119
"Passenger vehicles","WA","1985",1357
"Passenger vehicles","WA","1986",1149
"Passenger vehicles","WA","1987",1161
"Passenger vehicles","WA","1988",1904
"Passenger vehicles","WA","1989",2474
"Passenger vehicles","WA","1990",2715
"Passenger vehicles","WA","1991",2538
"Passenger vehicles","WA","1992",3182
"Passenger vehicles","WA","1993",3903
"Passenger vehicles","WA","1994",4592
"Passenger vehicles","WA","1995",4996
"Passenger vehicles","WA","1996",5934
"Passenger vehicles","WA","1997",7836
"Passenger vehicles","WA","1998",10747
"Passenger vehicles","WA","1999",12020
"Passenger vehicles","WA","2000",15546
"Passenger vehicles","WA","2001",17134
"Passenger vehicles","WA","2002",22636
"Passenger vehicles","WA","2003",32311
"Passenger vehicles","WA","2004",39418
"Passenger vehicles","WA","2005",48847
"Passenger vehicles","WA","2006",58844
"Passenger vehicles","WA","2007",67408
"Passenger vehicles","WA","2008",70663
"Passenger vehicles","WA","2009",63867
"Passenger vehicles","WA","2010",82609
"Passenger vehicles","WA","2011",75516
"Passenger vehicles","WA","2012",93710
"Passenger vehicles","WA","2013",96472
"Passenger vehicles","WA","2014",90117
"Passenger vehicles","WA","2015",88846
"Passenger vehicles","WA","2016",89087
"Passenger vehicles","WA","2017",86794
"Passenger vehicles","WA","2018",85692
"Passenger vehicles","WA","2019",82018
"Passenger vehicles","WA","2020",71231
"Passenger vehicles","WA","2021",90755
"Passenger vehicles","WA","2022",85515
"Passenger vehicles","WA","2023",97109
"Passenger vehicles","WA","2024",74299
"Passenger vehicles","WA","2025",7
"Passenger vehicles","WA","Not stated",3
"Passenger vehicles","Tas","1901",0
"Passenger vehicles","Tas","1902",0
"Passenger vehicles","Tas","1903",3
"Passenger vehicles","Tas","1904",0
"Passenger vehicles","Tas","1905",3
"Passenger vehicles","Tas","1906",3
"Passenger vehicles","Tas","1907",4
"Passenger vehicles","Tas","1908",3
"Passenger vehicles","Tas","1909",3
"Passenger vehicles","Tas","1910",4
"Passenger vehicles","Tas","1911",3
"Passenger vehicles","Tas","1912",3
"Passenger vehicles","Tas","1913",8
"Passenger vehicles","Tas","1914",0
"Passenger vehicles","Tas","1915",7
"Passenger vehicles","Tas","1916",4
"Passenger vehicles","Tas","1917",4
"Passenger vehicles","Tas","1918",3
"Passenger vehicles","Tas","1919",0
"Passenger vehicles","Tas","1920",3
"Passenger vehicles","Tas","1921",0
"Passenger vehicles","Tas","1922",0
"Passenger vehicles","Tas","1923",11
"Passenger vehicles","Tas","1924",0
"Passenger vehicles","Tas","1925",12
"Passenger vehicles","Tas","1926",12
"Passenger vehicles","Tas","1927",7
"Passenger vehicles","Tas","1928",30
"Passenger vehicles","Tas","1929",25
"Passenger vehicles","Tas","1930",20
"Passenger vehicles","Tas","1931",0
"Passenger vehicles","Tas","1932",14
"Passenger vehicles","Tas","1933",5
"Passenger vehicles","Tas","1934",27
"Passenger vehicles","Tas","1935",15
"Passenger vehicles","Tas","1936",9
"Passenger vehicles","Tas","1937",11
"Passenger vehicles","Tas","1938",13
"Passenger vehicles","Tas","1939",7
"Passenger vehicles","Tas","1940",6
"Passenger vehicles","Tas","1941",0
"Passenger vehicles","Tas","1942",0
"Passenger vehicles","Tas","1943",4
"Passenger vehicles","Tas","1944",4
"Passenger vehicles","Tas","1945",0
"Passenger vehicles","Tas","1946",7
"Passenger vehicles","Tas","1947",11
"Passenger vehicles","Tas","1948",22
"Passenger vehicles","Tas","1949",14
"Passenger vehicles","Tas","1950",18
"Passenger vehicles","Tas","1951",21
"Passenger vehicles","Tas","1952",16
"Passenger vehicles","Tas","1953",30
"Passenger vehicles","Tas","1954",42
"Passenger vehicles","Tas","1955",35
"Passenger vehicles","Tas","1956",46
"Passenger vehicles","Tas","1957",40
"Passenger vehicles","Tas","1958",38
"Passenger vehicles","Tas","1959",43
"Passenger vehicles","Tas","1960",49
"Passenger vehicles","Tas","1961",43
"Passenger vehicles","Tas","1962",75
"Passenger vehicles","Tas","1963",91
"Passenger vehicles","Tas","1964",140
"Passenger vehicles","Tas","1965",69
"Passenger vehicles","Tas","1966",129
"Passenger vehicles","Tas","1967",140
"Passenger vehicles","Tas","1968",118
"Passenger vehicles","Tas","1969",117
"Passenger vehicles","Tas","1970",158
"Passenger vehicles","Tas","1971",211
"Passenger vehicles","Tas","1972",145
"Passenger vehicles","Tas","1973",160
"Passenger vehicles","Tas","1974",206
"Passenger vehicles","Tas","1975",204
"Passenger vehicles","Tas","1976",229
"Passenger vehicles","Tas","1977",253
"Passenger vehicles","Tas","1978",227
"Passenger vehicles","Tas","1979",191
"Passenger vehicles","Tas","1980",189
"Passenger vehicles","Tas","1981",160
"Passenger vehicles","Tas","1982",188
"Passenger vehicles","Tas","1983",235
"Passenger vehicles","Tas","1984",378
"Passenger vehicles","Tas","1985",465
"Passenger vehicles","Tas","1986",370
"Passenger vehicles","Tas","1987",312
"Passenger vehicles","Tas","1988",469
"Passenger vehicles","Tas","1989",877
"Passenger vehicles","Tas","1990",974
"Passenger vehicles","Tas","1991",969
"Passenger vehicles","Tas","1992",1175
"Passenger vehicles","Tas","1993",1474
"Passenger vehicles","Tas","1994",1719
"Passenger vehicles","Tas","1995",1871
"Passenger vehicles","Tas","1996",2139
"Passenger vehicles","Tas","1997",2938
"Passenger vehicles","Tas","1998",3913
"Passenger vehicles","Tas","1999",4288
"Passenger vehicles","Tas","2000",5709
"Passenger vehicles","Tas","2001",6262
"Passenger vehicles","Tas","2002",7433
"Passenger vehicles","Tas","2003",9284
"Passenger vehicles","Tas","2004",10609
"Passenger vehicles","Tas","2005",11792
"Passenger vehicles","Tas","2006",12826
"Passenger vehicles","Tas","2007",13740
"Passenger vehicles","Tas","2008",13846
"Passenger vehicles","Tas","2009",12979
"Passenger vehicles","Tas","2010",15258
"Passenger vehicles","Tas","2011",13800
"Passenger vehicles","Tas","2012",15342
"Passenger vehicles","Tas","2013",17161
"Passenger vehicles","Tas","2014",15898
"Passenger vehicles","Tas","2015",16756
"Passenger vehicles","Tas","2016",16505
"Passenger vehicles","Tas","2017",15867
"Passenger vehicles","Tas","2018",16241
"Passenger vehicles","Tas","2019",15095
"Passenger vehicles","Tas","2020",11240
"Passenger vehicles","Tas","2021",14989
"Passenger vehicles","Tas","2022",15590
"Passenger vehicles","Tas","2023",16030
"Passenger vehicles","Tas","2024",11726
"Passenger vehicles","Tas","2025",0
"Passenger vehicles","Tas","Not stated",0
"Passenger vehicles","NT","1901",0
"Passenger vehicles","NT","1902",0
"Passenger vehicles","NT","1903",0
"Passenger vehicles","NT","1904",0
"Passenger vehicles","NT","1905",0
"Passenger vehicles","NT","1906",0
"Passenger vehicles","NT","1907",0
"Passenger vehicles","NT","1908",0
"Passenger vehicles","NT","1909",0
"Passenger vehicles","NT","1910",0
"Passenger vehicles","NT","1911",0
"Passenger vehicles","NT","1912",0
"Passenger vehicles","NT","1913",0
"Passenger vehicles","NT","1914",0
"Passenger vehicles","NT","1915",0
"Passenger vehicles","NT","1916",0
"Passenger vehicles","NT","1917",0
"Passenger vehicles","NT","1918",0
"Passenger vehicles","NT","1919",0
"Passenger vehicles","NT","1920",0
"Passenger vehicles","NT","1921",0
"Passenger vehicles","NT","1922",0
"Passenger vehicles","NT","1923",4
"Passenger vehicles","NT","1924",0
"Passenger vehicles","NT","1925",3
"Passenger vehicles","NT","1926",0
"Passenger vehicles","NT","1927",0
"Passenger vehicles","NT","1928",8
"Passenger vehicles","NT","1929",3
"Passenger vehicles","NT","1930",3
"Passenger vehicles","NT","1931",3
"Passenger vehicles","NT","1932",5
"Passenger vehicles","NT","1933",0
"Passenger vehicles","NT","1934",4
"Passenger vehicles","NT","1935",0
"Passenger vehicles","NT","1936",3
"Passenger vehicles","NT","1937",0
"Passenger vehicles","NT","1938",4
"Passenger vehicles","NT","1939",0
"Passenger vehicles","NT","1940",3
"Passenger vehicles","NT","1941",3
"Passenger vehicles","NT","1942",6
"Passenger vehicles","NT","1943",4
"Passenger vehicles","NT","1944",3
"Passenger vehicles","NT","1945",0
"Passenger vehicles","NT","1946",0
"Passenger vehicles","NT","1947",0
"Passenger vehicles","NT","1948",5
"Passenger vehicles","NT","1949",4
"Passenger vehicles","NT","1950",3
"Passenger vehicles","NT","1951",0
"Passenger vehicles","NT","1952",5
"Passenger vehicles","NT","1953",3
"Passenger vehicles","NT","1954",7
"Passenger vehicles","NT","1955",11
"Passenger vehicles","NT","1956",0
"Passenger vehicles","NT","1957",8
"Passenger vehicles","NT","1958",4
"Passenger vehicles","NT","1959",9
"Passenger vehicles","NT","1960",13
"Passenger vehicles","NT","1961",3
"Passenger vehicles","NT","1962",16
"Passenger vehicles","NT","1963",12
"Passenger vehicles","NT","1964",20
"Passenger vehicles","NT","1965",22
"Passenger vehicles","NT","1966",32
"Passenger vehicles","NT","1967",34
"Passenger vehicles","NT","1968",34
"Passenger vehicles","NT","1969",43
"Passenger vehicles","NT","1970",56
"Passenger vehicles","NT","1971",42
"Passenger vehicles","NT","1972",26
"Passenger vehicles","NT","1973",24
"Passenger vehicles","NT","1974",37
"Passenger vehicles","NT","1975",31
"Passenger vehicles","NT","1976",35
"Passenger vehicles","NT","1977",34
"Passenger vehicles","NT","1978",38
"Passenger vehicles","NT","1979",24
"Passenger vehicles","NT","1980",17
"Passenger vehicles","NT","1981",31
"Passenger vehicles","NT","1982",23
"Passenger vehicles","NT","1983",29
"Passenger vehicles","NT","1984",46
"Passenger vehicles","NT","1985",53
"Passenger vehicles","NT","1986",32
"Passenger vehicles","NT","1987",22
"Passenger vehicles","NT","1988",54
"Passenger vehicles","NT","1989",82
"Passenger vehicles","NT","1990",89
"Passenger vehicles","NT","1991",99
"Passenger vehicles","NT","1992",142
"Passenger vehicles","NT","1993",144
"Passenger vehicles","NT","1994",174
"Passenger vehicles","NT","1995",206
"Passenger vehicles","NT","1996",225
"Passenger vehicles","NT","1997",351
"Passenger vehicles","NT","1998",537
"Passenger vehicles","NT","1999",596
"Passenger vehicles","NT","2000",748
"Passenger vehicles","NT","2001",785
"Passenger vehicles","NT","2002",1128
"Passenger vehicles","NT","2003",1567
"Passenger vehicles","NT","2004",1910
"Passenger vehicles","NT","2005",2109
"Passenger vehicles","NT","2006",2595
"Passenger vehicles","NT","2007",3129
"Passenger vehicles","NT","2008",3380
"Passenger vehicles","NT","2009",3324
"Passenger vehicles","NT","2010",3976
"Passenger vehicles","NT","2011",4061
"Passenger vehicles","NT","2012",4630
"Passenger vehicles","NT","2013",4937
"Passenger vehicles","NT","2014",4722
"Passenger vehicles","NT","2015",5155
"Passenger vehicles","NT","2016",5413
"Passenger vehicles","NT","2017",5249
"Passenger vehicles","NT","2018",5279
"Passenger vehicles","NT","2019",4595
"Passenger vehicles","NT","2020",4494
"Passenger vehicles","NT","2021",6142
"Passenger vehicles","NT","2022",5905
"Passenger vehicles","NT","2023",6690
"Passenger vehicles","NT","2024",4840
"Passenger vehicles","NT","2025",0
"Passenger vehicles","NT","Not stated",3
"Passenger vehicles","ACT","1901",0
"Passenger vehicles","ACT","1902",0
"Passenger vehicles","ACT","1903",0
"Passenger vehicles","ACT","1904",0
"Passenger vehicles","ACT","1905",0
"Passenger vehicles","ACT","1906",0
"Passenger vehicles","ACT","1907",0
"Passenger vehicles","ACT","1908",0
"Passenger vehicles","ACT","1909",0
"Passenger vehicles","ACT","1910",0
"Passenger vehicles","ACT","1911",0
"Passenger vehicles","ACT","1912",3
"Passenger vehicles","ACT","1913",3
"Passenger vehicles","ACT","1914",0
"Passenger vehicles","ACT","1915",0
"Passenger vehicles","ACT","1916",3
"Passenger vehicles","ACT","1917",3
"Passenger vehicles","ACT","1918",0
"Passenger vehicles","ACT","1919",0
"Passenger vehicles","ACT","1920",0
"Passenger vehicles","ACT","1921",0
"Passenger vehicles","ACT","1922",3
"Passenger vehicles","ACT","1923",4
"Passenger vehicles","ACT","1924",8
"Passenger vehicles","ACT","1925",4
"Passenger vehicles","ACT","1926",6
"Passenger vehicles","ACT","1927",3
"Passenger vehicles","ACT","1928",15
"Passenger vehicles","ACT","1929",7
"Passenger vehicles","ACT","1930",7
"Passenger vehicles","ACT","1931",3
"Passenger vehicles","ACT","1932",8
"Passenger vehicles","ACT","1933",4
"Passenger vehicles","ACT","1934",5
"Passenger vehicles","ACT","1935",6
"Passenger vehicles","ACT","1936",4
"Passenger vehicles","ACT","1937",7
"Passenger vehicles","ACT","1938",9
"Passenger vehicles","ACT","1939",9
"Passenger vehicles","ACT","1940",3
"Passenger vehicles","ACT","1941",3
"Passenger vehicles","ACT","1942",0
"Passenger vehicles","ACT","1943",0
"Passenger vehicles","ACT","1944",0
"Passenger vehicles","ACT","1945",0
"Passenger vehicles","ACT","1946",0
"Passenger vehicles","ACT","1947",5
"Passenger vehicles","ACT","1948",11
"Passenger vehicles","ACT","1949",13
"Passenger vehicles","ACT","1950",20
"Passenger vehicles","ACT","1951",9
"Passenger vehicles","ACT","1952",10
"Passenger vehicles","ACT","1953",9
"Passenger vehicles","ACT","1954",17
"Passenger vehicles","ACT","1955",27
"Passenger vehicles","ACT","1956",21
"Passenger vehicles","ACT","1957",32
"Passenger vehicles","ACT","1958",33
"Passenger vehicles","ACT","1959",37
"Passenger vehicles","ACT","1960",31
"Passenger vehicles","ACT","1961",29
"Passenger vehicles","ACT","1962",55
"Passenger vehicles","ACT","1963",59
"Passenger vehicles","ACT","1964",119
"Passenger vehicles","ACT","1965",76
"Passenger vehicles","ACT","1966",102
"Passenger vehicles","ACT","1967",122
"Passenger vehicles","ACT","1968",115
"Passenger vehicles","ACT","1969",137
"Passenger vehicles","ACT","1970",153
"Passenger vehicles","ACT","1971",180
"Passenger vehicles","ACT","1972",105
"Passenger vehicles","ACT","1973",121
"Passenger vehicles","ACT","1974",143
"Passenger vehicles","ACT","1975",101
"Passenger vehicles","ACT","1976",131
"Passenger vehicles","ACT","1977",109
"Passenger vehicles","ACT","1978",100
"Passenger vehicles","ACT","1979",93
"Passenger vehicles","ACT","1980",56
"Passenger vehicles","ACT","1981",71
"Passenger vehicles","ACT","1982",75
"Passenger vehicles","ACT","1983",90
"Passenger vehicles","ACT","1984",93
"Passenger vehicles","ACT","1985",117
"Passenger vehicles","ACT","1986",127
"Passenger vehicles","ACT","1987",108
"Passenger vehicles","ACT","1988",134
"Passenger vehicles","ACT","1989",193
"Passenger vehicles","ACT","1990",233
"Passenger vehicles","ACT","1991",217
"Passenger vehicles","ACT","1992",263
"Passenger vehicles","ACT","1993",301
"Passenger vehicles","ACT","1994",416
"Passenger vehicles","ACT","1995",430
"Passenger vehicles","ACT","1996",514
"Passenger vehicles","ACT","1997",778
"Passenger vehicles","ACT","1998",1193
"Passenger vehicles","ACT","1999",1324
"Passenger vehicles","ACT","2000",1864
"Passenger vehicles","ACT","2001",2139
"Passenger vehicles","ACT","2002",2853
"Passenger vehicles","ACT","2003",3941
"Passenger vehicles","ACT","2004",4614
"Passenger vehicles","ACT","2005",5553
"Passenger vehicles","ACT","2006",6655
"Passenger vehicles","ACT","2007",8266
"Passenger vehicles","ACT","2008",8710
"Passenger vehicles","ACT","2009",9068
"Passenger vehicles","ACT","2010",11333
"Passenger vehicles","ACT","2011",11497
"Passenger vehicles","ACT","2012",14088
"Passenger vehicles","ACT","2013",15111
"Passenger vehicles","ACT","2014",14501
"Passenger vehicles","ACT","2015",16167
"Passenger vehicles","ACT","2016",17148
"Passenger vehicles","ACT","2017",17170
"Passenger vehicles","ACT","2018",16394
"Passenger vehicles","ACT","2019",15526
"Passenger vehicles","ACT","2020",14766
"Passenger vehicles","ACT","2021",13917
"Passenger vehicles","ACT","2022",14858
"Passenger vehicles","ACT","2023",16431
"Passenger vehicles","ACT","2024",11452
"Passenger vehicles","ACT","2025",0
"Passenger vehicles","ACT","Not stated",3
"Light commercial vehicles","NSW","1901",0
"Light commercial vehicles","NSW","1902",0
"Light commercial vehicles","NSW","1903",0
"Light commercial vehicles","NSW","1904",0
"Light commercial vehicles","NSW","1905",0
"Light commercial vehicles","NSW","1906",0
"Light commercial vehicles","NSW","1907",0
"Light commercial vehicles","NSW","1908",0
"Light commercial vehicles","NSW","1909",0
"Light commercial vehicles","NSW","1910",0
"Light commercial vehicles","NSW","1911",0
"Light commercial vehicles","NSW","1912",0
"Light commercial vehicles","NSW","1913",0
"Light commercial vehicles","NSW","1914",0
"Light commercial vehicles","NSW","1915",0
"Light commercial vehicles","NSW","1916",0
"Light commercial vehicles","NSW","1917",0
"Light commercial vehicles","NSW","1918",0
"Light commercial vehicles","NSW","1919",0
"Light commercial vehicles","NSW","1920",0
"Light commercial vehicles","NSW","1921",0
"Light commercial vehicles","NSW","1922",0
"Light commercial vehicles","NSW","1923",6
"Light commercial vehicles","NSW","1924",3
"Light commercial vehicles","NSW","1925",3
"Light commercial vehicles","NSW","1926",6
"Light commercial vehicles","NSW","1927",14
"Light commercial vehicles","NSW","1928",78
"Light commercial vehicles","NSW","1929",19
"Light commercial vehicles","NSW","1930",10
"Light commercial vehicles","NSW","1931",9
"Light commercial vehicles","NSW","1932",28
"Light commercial vehicles","NSW","1933",8
"Light commercial vehicles","NSW","1934",27
"Light commercial vehicles","NSW","1935",17
"Light commercial vehicles","NSW","1936",25
"Light commercial vehicles","NSW","1937",32
"Light commercial vehicles","NSW","1938",24
"Light commercial vehicles","NSW","1939",17
"Light commercial vehicles","NSW","1940",18
"Light commercial vehicles","NSW","1941",15
"Light commercial vehicles","NSW","1942",74
"Light commercial vehicles","NSW","1943",19
"Light commercial vehicles","NSW","1944",26
"Light commercial vehicles","NSW","1945",0
"Light commercial vehicles","NSW","1946",41
"Light commercial vehicles","NSW","1947",26
"Light commercial vehicles","NSW","1948",65
"Light commercial vehicles","NSW","1949",32
"Light commercial vehicles","NSW","1950",29
"Light commercial vehicles","NSW","1951",41
"Light commercial vehicles","NSW","1952",53
"Light commercial vehicles","NSW","1953",72
"Light commercial vehicles","NSW","1954",85
"Light commercial vehicles","NSW","1955",117
"Light commercial vehicles","NSW","1956",128
"Light commercial vehicles","NSW","1957",63
"Light commercial vehicles","NSW","1958",79
"Light commercial vehicles","NSW","1959",71
"Light commercial vehicles","NSW","1960",62
"Light commercial vehicles","NSW","1961",73
"Light commercial vehicles","NSW","1962",94
"Light commercial vehicles","NSW","1963",105
"Light commercial vehicles","NSW","1964",207
"Light commercial vehicles","NSW","1965",123
"Light commercial vehicles","NSW","1966",152
"Light commercial vehicles","NSW","1967",156
"Light commercial vehicles","NSW","1968",112
"Light commercial vehicles","NSW","1969",117
"Light commercial vehicles","NSW","1970",193
"Light commercial vehicles","NSW","1971",279
"Light commercial vehicles","NSW","1972",330
"Light commercial vehicles","NSW","1973",326
"Light commercial vehicles","NSW","1974",493
"Light commercial vehicles","NSW","1975",453
"Light commercial vehicles","NSW","1976",526
"Light commercial vehicles","NSW","1977",528
"Light commercial vehicles","NSW","1978",666
"Light commercial vehicles","NSW","1979",600
"Light commercial vehicles","NSW","1980",506
"Light commercial vehicles","NSW","1981",628
"Light commercial vehicles","NSW","1982",565
"Light commercial vehicles","NSW","1983",476
"Light commercial vehicles","NSW","1984",942
"Light commercial vehicles","NSW","1985",1108
"Light commercial vehicles","NSW","1986",637
"Light commercial vehicles","NSW","1987",617
"Light commercial vehicles","NSW","1988",1432
"Light commercial vehicles","NSW","1989",2126
"Light commercial vehicles","NSW","1990",2563
"Light commercial vehicles","NSW","1991",2346
"Light commercial vehicles","NSW","1992",3014
"Light commercial vehicles","NSW","1993",3044
"Light commercial vehicles","NSW","1994",3972
"Light commercial vehicles","NSW","1995",4515
"Light commercial vehicles","NSW","1996",5007
"Light commercial vehicles","NSW","1997",6368
"Light commercial vehicles","NSW","1998",8474
"Light commercial vehicles","NSW","1999",10394
"Light commercial vehicles","NSW","2000",11022
"Light commercial vehicles","NSW","2001",11190
"Light commercial vehicles","NSW","2002",14403
"Light commercial vehicles","NSW","2003",18573
"Light commercial vehicles","NSW","2004",21267
"Light commercial vehicles","NSW","2005",23979
"Light commercial vehicles","NSW","2006",23456
"Light commercial vehicles","NSW","2007",26831
"Light commercial vehicles","NSW","2008",33651
"Light commercial vehicles","NSW","2009",32125
"Light commercial vehicles","NSW","2010",36188
"Light commercial vehicles","NSW","2011",34680
"Light commercial vehicles","NSW","2012",44819
"Light commercial vehicles","NSW","2013",47220
"Light commercial vehicles","NSW","2014",47138
"Light commercial vehicles","NSW","2015",52767
"Light commercial vehicles","NSW","2016",59174
"Light commercial vehicles","NSW","2017",65356
"Light commercial vehicles","NSW","2018",66408
"Light commercial vehicles","NSW","2019",57987
"Light commercial vehicles","NSW","2020",55871
"Light commercial vehicles","NSW","2021",76942
"Light commercial vehicles","NSW","2022",71166
"Light commercial vehicles","NSW","2023",79464
"Light commercial vehicles","NSW","2024",43383
"Light commercial vehicles","NSW","2025",13
"Light commercial vehicles","NSW","Not stated",37
"Light commercial vehicles","Vic","1901",0
"Light commercial vehicles","Vic","1902",0
"Light commercial vehicles","Vic","1903",0
"Light commercial vehicles","Vic","1904",0
"Light commercial vehicles","Vic","1905",0
"Light commercial vehicles","Vic","1906",0
"Light commercial vehicles","Vic","1907",0
"Light commercial vehicles","Vic","1908",0
"Light commercial vehicles","Vic","1909",3
"Light commercial vehicles","Vic","1910",0
"Light commercial vehicles","Vic","1911",0
"Light commercial vehicles","Vic","1912",0
"Light commercial vehicles","Vic","1913",0
"Light commercial vehicles","Vic","1914",0
"Light commercial vehicles","Vic","1915",0
"Light commercial vehicles","Vic","1916",0
"Light commercial vehicles","Vic","1917",0
"Light commercial vehicles","Vic","1918",0
"Light commercial vehicles","Vic","1919",0
"Light commercial vehicles","Vic","1920",3
"Light commercial vehicles","Vic","1921",0
"Light commercial vehicles","Vic","1922",0
"Light commercial vehicles","Vic","1923",6
"Light commercial vehicles","Vic","1924",5
"Light commercial vehicles","Vic","1925",0
"Light commercial vehicles","Vic","1926",5
"Light commercial vehicles","Vic","1927",13
"Light commercial vehicles","Vic","1928",59
"Light commercial vehicles","Vic","1929",24
"Light commercial vehicles","Vic","1930",12
"Light commercial vehicles","Vic","1931",6
"Light commercial vehicles","Vic","1932",20
"Light commercial vehicles","Vic","1933",9
"Light commercial vehicles","Vic","1934",16
"Light commercial vehicles","Vic","1935",15
"Light commercial vehicles","Vic","1936",19
"Light commercial vehicles","Vic","1937",21
"Light commercial vehicles","Vic","1938",14
"Light commercial vehicles","Vic","1939",15
"Light commercial vehicles","Vic","1940",19
"Light commercial vehicles","Vic","1941",12
"Light commercial vehicles","Vic","1942",39
"Light commercial vehicles","Vic","1943",13
"Light commercial vehicles","Vic","1944",11
"Light commercial vehicles","Vic","1945",3
"Light commercial vehicles","Vic","1946",37
"Light commercial vehicles","Vic","1947",27
"Light commercial vehicles","Vic","1948",64
"Light commercial vehicles","Vic","1949",32
"Light commercial vehicles","Vic","1950",47
"Light commercial vehicles","Vic","1951",48
"Light commercial vehicles","Vic","1952",69
"Light commercial vehicles","Vic","1953",86
"Light commercial vehicles","Vic","1954",110
"Light commercial vehicles","Vic","1955",128
"Light commercial vehicles","Vic","1956",158
"Light commercial vehicles","Vic","1957",87
"Light commercial vehicles","Vic","1958",87
"Light commercial vehicles","Vic","1959",102
"Light commercial vehicles","Vic","1960",75
"Light commercial vehicles","Vic","1961",83
"Light commercial vehicles","Vic","1962",110
"Light commercial vehicles","Vic","1963",132
"Light commercial vehicles","Vic","1964",267
"Light commercial vehicles","Vic","1965",191
"Light commercial vehicles","Vic","1966",190
"Light commercial vehicles","Vic","1967",201
"Light commercial vehicles","Vic","1968",185
"Light commercial vehicles","Vic","1969",199
"Light commercial vehicles","Vic","1970",314
"Light commercial vehicles","Vic","1971",384
"Light commercial vehicles","Vic","1972",500
"Light commercial vehicles","Vic","1973",464
"Light commercial vehicles","Vic","1974",613
"Light commercial vehicles","Vic","1975",671
"Light commercial vehicles","Vic","1976",782
"Light commercial vehicles","Vic","1977",878
"Light commercial vehicles","Vic","1978",1035
"Light commercial vehicles","Vic","1979",843
"Light commercial vehicles","Vic","1980",642
"Light commercial vehicles","Vic","1981",870
"Light commercial vehicles","Vic","1982",847
"Light commercial vehicles","Vic","1983",787
"Light commercial vehicles","Vic","1984",1181
"Light commercial vehicles","Vic","1985",1236
"Light commercial vehicles","Vic","1986",904
"Light commercial vehicles","Vic","1987",814
"Light commercial vehicles","Vic","1988",1553
"Light commercial vehicles","Vic","1989",2132
"Light commercial vehicles","Vic","1990",2396
"Light commercial vehicles","Vic","1991",1902
"Light commercial vehicles","Vic","1992",2485
"Light commercial vehicles","Vic","1993",2759
"Light commercial vehicles","Vic","1994",3543
"Light commercial vehicles","Vic","1995",4132
"Light commercial vehicles","Vic","1996",4771
"Light commercial vehicles","Vic","1997",5535
"Light commercial vehicles","Vic","1998",7081
"Light commercial vehicles","Vic","1999",9042
"Light commercial vehicles","Vic","2000",9669
"Light commercial vehicles","Vic","2001",12026
"Light commercial vehicles","Vic","2002",13958
"Light commercial vehicles","Vic","2003",17570
"Light commercial vehicles","Vic","2004",19452
"Light commercial vehicles","Vic","2005",21707
"Light commercial vehicles","Vic","2006",21294
"Light commercial vehicles","Vic","2007",23363
"Light commercial vehicles","Vic","2008",28506
"Light commercial vehicles","Vic","2009",28215
"Light commercial vehicles","Vic","2010",31672
"Light commercial vehicles","Vic","2011",27756
"Light commercial vehicles","Vic","2012",35425
"Light commercial vehicles","Vic","2013",37550
"Light commercial vehicles","Vic","2014",37696
"Light commercial vehicles","Vic","2015",40890
"Light commercial vehicles","Vic","2016",45991
"Light commercial vehicles","Vic","2017",49086
"Light commercial vehicles","Vic","2018",54401
"Light commercial vehicles","Vic","2019",46565
"Light commercial vehicles","Vic","2020",39961
"Light commercial vehicles","Vic","2021",60766
"Light commercial vehicles","Vic","2022",57437
"Light commercial vehicles","Vic","2023",65297
"Light commercial vehicles","Vic","2024",34785
"Light commercial vehicles","Vic","2025",19
"Light commercial vehicles","Vic","Not stated",34
"Light commercial vehicles","Qld","1901",0
"Light commercial vehicles","Qld","1902",0
"Light commercial vehicles","Qld","1903",0
"Light commercial vehicles","Qld","1904",0
"Light commercial vehicles","Qld","1905",0
"Light commercial vehicles","Qld","1906",0
"Light commercial vehicles","Qld","1907",0
"Light commercial vehicles","Qld","1908",0
"Light commercial vehicles","Qld","1909",0
"Light commercial vehicles","Qld","1910",0
"Light commercial vehicles","Qld","1911",0
"Light commercial vehicles","Qld","1912",3
"Light commercial vehicles","Qld","1913",0
"Light commercial vehicles","Qld","1914",0
"Light commercial vehicles","Qld","1915",3
"Light commercial vehicles","Qld","1916",3
"Light commercial vehicles","Qld","1917",0
"Light commercial vehicles","Qld","1918",3
"Light commercial vehicles","Qld","1919",3
"Light commercial vehicles","Qld","1920",3
"Light commercial vehicles","Qld","1921",3
"Light commercial vehicles","Qld","1922",5
"Light commercial vehicles","Qld","1923",44
"Light commercial vehicles","Qld","1924",14
"Light commercial vehicles","Qld","1925",23
"Light commercial vehicles","Qld","1926",42
"Light commercial vehicles","Qld","1927",36
"Light commercial vehicles","Qld","1928",102
"Light commercial vehicles","Qld","1929",53
"Light commercial vehicles","Qld","1930",28
"Light commercial vehicles","Qld","1931",11
"Light commercial vehicles","Qld","1932",36
"Light commercial vehicles","Qld","1933",15
"Light commercial vehicles","Qld","1934",51
"Light commercial vehicles","Qld","1935",24
"Light commercial vehicles","Qld","1936",24
"Light commercial vehicles","Qld","1937",38
"Light commercial vehicles","Qld","1938",34
"Light commercial vehicles","Qld","1939",27
"Light commercial vehicles","Qld","1940",45
"Light commercial vehicles","Qld","1941",36
"Light commercial vehicles","Qld","1942",169
"Light commercial vehicles","Qld","1943",39
"Light commercial vehicles","Qld","1944",35
"Light commercial vehicles","Qld","1945",11
"Light commercial vehicles","Qld","1946",64
"Light commercial vehicles","Qld","1947",56
"Light commercial vehicles","Qld","1948",107
"Light commercial vehicles","Qld","1949",74
"Light commercial vehicles","Qld","1950",119
"Light commercial vehicles","Qld","1951",115
"Light commercial vehicles","Qld","1952",111
"Light commercial vehicles","Qld","1953",172
"Light commercial vehicles","Qld","1954",225
"Light commercial vehicles","Qld","1955",238
"Light commercial vehicles","Qld","1956",251
"Light commercial vehicles","Qld","1957",172
"Light commercial vehicles","Qld","1958",168
"Light commercial vehicles","Qld","1959",170
"Light commercial vehicles","Qld","1960",166
"Light commercial vehicles","Qld","1961",145
"Light commercial vehicles","Qld","1962",164
"Light commercial vehicles","Qld","1963",234
"Light commercial vehicles","Qld","1964",506
"Light commercial vehicles","Qld","1965",270
"Light commercial vehicles","Qld","1966",371
"Light commercial vehicles","Qld","1967",322
"Light commercial vehicles","Qld","1968",299
"Light commercial vehicles","Qld","1969",303
"Light commercial vehicles","Qld","1970",510
"Light commercial vehicles","Qld","1971",621
"Light commercial vehicles","Qld","1972",670
"Light commercial vehicles","Qld","1973",617
"Light commercial vehicles","Qld","1974",851
"Light commercial vehicles","Qld","1975",868
"Light commercial vehicles","Qld","1976",918
"Light commercial vehicles","Qld","1977",903
"Light commercial vehicles","Qld","1978",1189
"Light commercial vehicles","Qld","1979",1029
"Light commercial vehicles","Qld","1980",847
"Light commercial vehicles","Qld","1981",962
"Light commercial vehicles","Qld","1982",953
"Light commercial vehicles","Qld","1983",916
"Light commercial vehicles","Qld","1984",1475
"Light commercial vehicles","Qld","1985",1614
"Light commercial vehicles","Qld","1986",957
"Light commercial vehicles","Qld","1987",849
"Light commercial vehicles","Qld","1988",1789
"Light commercial vehicles","Qld","1989",2637
"Light commercial vehicles","Qld","1990",3096
"Light commercial vehicles","Qld","1991",2913
"Light commercial vehicles","Qld","1992",3925
"Light commercial vehicles","Qld","1993",4374
"Light commercial vehicles","Qld","1994",5412
"Light commercial vehicles","Qld","1995",5390
"Light commercial vehicles","Qld","1996",6009
"Light commercial vehicles","Qld","1997",7096
"Light commercial vehicles","Qld","1998",9337
"Light commercial vehicles","Qld","1999",10921
"Light commercial vehicles","Qld","2000",11570
"Light commercial vehicles","Qld","2001",10925
"Light commercial vehicles","Qld","2002",14817
"Light commercial vehicles","Qld","2003",19763
"Light commercial vehicles","Qld","2004",25024
"Light commercial vehicles","Qld","2005",28540
"Light commercial vehicles","Qld","2006",27721
"Light commercial vehicles","Qld","2007",33332
"Light commercial vehicles","Qld","2008",39111
"Light commercial vehicles","Qld","2009",32912
"Light commercial vehicles","Qld","2010",35956
"Light commercial vehicles","Qld","2011",36015
"Light commercial vehicles","Qld","2012",49109
"Light commercial vehicles","Qld","2013",48706
"Light commercial vehicles","Qld","2014",43803
"Light commercial vehicles","Qld","2015",49659
"Light commercial vehicles","Qld","2016",50696
"Light commercial vehicles","Qld","2017",56823
"Light commercial vehicles","Qld","2018",62974
"Light commercial vehicles","Qld","2019",52549
"Light commercial vehicles","Qld","2020",49591
"Light commercial vehicles","Qld","2021",65957
"Light commercial vehicles","Qld","2022",66166
"Light commercial vehicles","Qld","2023",73134
"Light commercial vehicles","Qld","2024",42811
"Light commercial vehicles","Qld","2025",42
"Light commercial vehicles","Qld","Not stated",180
"Light commercial vehicles","SA","1901",0
"Light commercial vehicles","SA","1902",0
"Light commercial vehicles","SA","1903",0
"Light commercial vehicles","SA","1904",0
"Light commercial vehicles","SA","1905",0
"Light commercial vehicles","SA","1906",0
"Light commercial vehicles","SA","1907",0
"Light commercial vehicles","SA","1908",0
"Light commercial vehicles","SA","1909",0
"Light commercial vehicles","SA","1910",0
"Light commercial vehicles","SA","1911",0
"Light commercial vehicles","SA","1912",0
"Light commercial vehicles","SA","1913",0
"Light commercial vehicles","SA","1914",0
"Light commercial vehicles","SA","1915",0
"Light commercial vehicles","SA","1916",0
"Light commercial vehicles","SA","1917",0
"Light commercial vehicles","SA","1918",3
"Light commercial vehicles","SA","1919",3
"Light commercial vehicles","SA","1920",0
"Light commercial vehicles","SA","1921",0
"Light commercial vehicles","SA","1922",3
"Light commercial vehicles","SA","1923",15
"Light commercial vehicles","SA","1924",20
"Light commercial vehicles","SA","1925",19
"Light commercial vehicles","SA","1926",22
"Light commercial vehicles","SA","1927",27
"Light commercial vehicles","SA","1928",33
"Light commercial vehicles","SA","1929",15
"Light commercial vehicles","SA","1930",4
"Light commercial vehicles","SA","1931",0
"Light commercial vehicles","SA","1932",6
"Light commercial vehicles","SA","1933",4
"Light commercial vehicles","SA","1934",12
"Light commercial vehicles","SA","1935",10
"Light commercial vehicles","SA","1936",14
"Light commercial vehicles","SA","1937",20
"Light commercial vehicles","SA","1938",15
"Light commercial vehicles","SA","1939",9
"Light commercial vehicles","SA","1940",10
"Light commercial vehicles","SA","1941",14
"Light commercial vehicles","SA","1942",26
"Light commercial vehicles","SA","1943",11
"Light commercial vehicles","SA","1944",8
"Light commercial vehicles","SA","1945",5
"Light commercial vehicles","SA","1946",16
"Light commercial vehicles","SA","1947",18
"Light commercial vehicles","SA","1948",46
"Light commercial vehicles","SA","1949",34
"Light commercial vehicles","SA","1950",27
"Light commercial vehicles","SA","1951",29
"Light commercial vehicles","SA","1952",39
"Light commercial vehicles","SA","1953",61
"Light commercial vehicles","SA","1954",80
"Light commercial vehicles","SA","1955",75
"Light commercial vehicles","SA","1956",79
"Light commercial vehicles","SA","1957",40
"Light commercial vehicles","SA","1958",69
"Light commercial vehicles","SA","1959",53
"Light commercial vehicles","SA","1960",53
"Light commercial vehicles","SA","1961",43
"Light commercial vehicles","SA","1962",39
"Light commercial vehicles","SA","1963",69
"Light commercial vehicles","SA","1964",109
"Light commercial vehicles","SA","1965",87
"Light commercial vehicles","SA","1966",103
"Light commercial vehicles","SA","1967",104
"Light commercial vehicles","SA","1968",105
"Light commercial vehicles","SA","1969",106
"Light commercial vehicles","SA","1970",178
"Light commercial vehicles","SA","1971",176
"Light commercial vehicles","SA","1972",191
"Light commercial vehicles","SA","1973",215
"Light commercial vehicles","SA","1974",252
"Light commercial vehicles","SA","1975",294
"Light commercial vehicles","SA","1976",326
"Light commercial vehicles","SA","1977",371
"Light commercial vehicles","SA","1978",400
"Light commercial vehicles","SA","1979",333
"Light commercial vehicles","SA","1980",305
"Light commercial vehicles","SA","1981",319
"Light commercial vehicles","SA","1982",279
"Light commercial vehicles","SA","1983",310
"Light commercial vehicles","SA","1984",497
"Light commercial vehicles","SA","1985",562
"Light commercial vehicles","SA","1986",360
"Light commercial vehicles","SA","1987",301
"Light commercial vehicles","SA","1988",648
"Light commercial vehicles","SA","1989",837
"Light commercial vehicles","SA","1990",985
"Light commercial vehicles","SA","1991",763
"Light commercial vehicles","SA","1992",1023
"Light commercial vehicles","SA","1993",1099
"Light commercial vehicles","SA","1994",1421
"Light commercial vehicles","SA","1995",1621
"Light commercial vehicles","SA","1996",1975
"Light commercial vehicles","SA","1997",2080
"Light commercial vehicles","SA","1998",2876
"Light commercial vehicles","SA","1999",2958
"Light commercial vehicles","SA","2000",3306
"Light commercial vehicles","SA","2001",3620
"Light commercial vehicles","SA","2002",4873
"Light commercial vehicles","SA","2003",5760
"Light commercial vehicles","SA","2004",6381
"Light commercial vehicles","SA","2005",7054
"Light commercial vehicles","SA","2006",6797
"Light commercial vehicles","SA","2007",7781
"Light commercial vehicles","SA","2008",9502
"Light commercial vehicles","SA","2009",8776
"Light commercial vehicles","SA","2010",10268
"Light commercial vehicles","SA","2011",8772
"Light commercial vehicles","SA","2012",11331
"Light commercial vehicles","SA","2013",11520
"Light commercial vehicles","SA","2014",11263
"Light commercial vehicles","SA","2015",12040
"Light commercial vehicles","SA","2016",12664
"Light commercial vehicles","SA","2017",14353
"Light commercial vehicles","SA","2018",15400
"Light commercial vehicles","SA","2019",13423
"Light commercial vehicles","SA","2020",12345
"Light commercial vehicles","SA","2021",16480
"Light commercial vehicles","SA","2022",16051
"Light commercial vehicles","SA","2023",18916
"Light commercial vehicles","SA","2024",10477
"Light commercial vehicles","SA","2025",3
"Light commercial vehicles","SA","Not stated",7
"Light commercial vehicles","WA","1901",0
"Light commercial vehicles","WA","1902",0
"Light commercial vehicles","WA","1903",0
"Light commercial vehicles","WA","1904",0
"Light commercial vehicles","WA","1905",0
"Light commercial vehicles","WA","1906",0
"Light commercial vehicles","WA","1907",0
"Light commercial vehicles","WA","1908",0
"Light commercial vehicles","WA","1909",0
"Light commercial vehicles","WA","1910",0
"Light commercial vehicles","WA","1911",0
"Light commercial vehicles","WA","1912",0
"Light commercial vehicles","WA","1913",0
"Light commercial vehicles","WA","1914",0
"Light commercial vehicles","WA","1915",0
"Light commercial vehicles","WA","1916",0
"Light commercial vehicles","WA","1917",0
"Light commercial vehicles","WA","1918",0
"Light commercial vehicles","WA","1919",0
"Light commercial vehicles","WA","1920",0
"Light commercial vehicles","WA","1921",0
"Light commercial vehicles","WA","1922",0
"Light commercial vehicles","WA","1923",0
"Light commercial vehicles","WA","1924",3
"Light commercial vehicles","WA","1925",3
"Light commercial vehicles","WA","1926",0
"Light commercial vehicles","WA","1927",6
"Light commercial vehicles","WA","1928",3
"Light commercial vehicles","WA","1929",9
"Light commercial vehicles","WA","1930",4
"Light commercial vehicles","WA","1931",0
"Light commercial vehicles","WA","1932",3
"Light commercial vehicles","WA","1933",3
"Light commercial vehicles","WA","1934",3
"Light commercial vehicles","WA","1935",0
"Light commercial vehicles","WA","1936",3
"Light commercial vehicles","WA","1937",9
"Light commercial vehicles","WA","1938",4
"Light commercial vehicles","WA","1939",3
"Light commercial vehicles","WA","1940",3
"Light commercial vehicles","WA","1941",7
"Light commercial vehicles","WA","1942",15
"Light commercial vehicles","WA","1943",8
"Light commercial vehicles","WA","1944",15
"Light commercial vehicles","WA","1945",11
"Light commercial vehicles","WA","1946",13
"Light commercial vehicles","WA","1947",9
"Light commercial vehicles","WA","1948",31
"Light commercial vehicles","WA","1949",21
"Light commercial vehicles","WA","1950",31
"Light commercial vehicles","WA","1951",40
"Light commercial vehicles","WA","1952",40
"Light commercial vehicles","WA","1953",59
"Light commercial vehicles","WA","1954",90
"Light commercial vehicles","WA","1955",90
"Light commercial vehicles","WA","1956",78
"Light commercial vehicles","WA","1957",57
"Light commercial vehicles","WA","1958",63
"Light commercial vehicles","WA","1959",55
"Light commercial vehicles","WA","1960",51
"Light commercial vehicles","WA","1961",68
"Light commercial vehicles","WA","1962",92
"Light commercial vehicles","WA","1963",107
"Light commercial vehicles","WA","1964",159
"Light commercial vehicles","WA","1965",98
"Light commercial vehicles","WA","1966",135
"Light commercial vehicles","WA","1967",128
"Light commercial vehicles","WA","1968",172
"Light commercial vehicles","WA","1969",169
"Light commercial vehicles","WA","1970",241
"Light commercial vehicles","WA","1971",334
"Light commercial vehicles","WA","1972",322
"Light commercial vehicles","WA","1973",330
"Light commercial vehicles","WA","1974",501
"Light commercial vehicles","WA","1975",526
"Light commercial vehicles","WA","1976",670
"Light commercial vehicles","WA","1977",782
"Light commercial vehicles","WA","1978",852
"Light commercial vehicles","WA","1979",622
"Light commercial vehicles","WA","1980",471
"Light commercial vehicles","WA","1981",603
"Light commercial vehicles","WA","1982",590
"Light commercial vehicles","WA","1983",571
"Light commercial vehicles","WA","1984",846
"Light commercial vehicles","WA","1985",946
"Light commercial vehicles","WA","1986",552
"Light commercial vehicles","WA","1987",613
"Light commercial vehicles","WA","1988",1240
"Light commercial vehicles","WA","1989",1620
"Light commercial vehicles","WA","1990",1552
"Light commercial vehicles","WA","1991",1380
"Light commercial vehicles","WA","1992",2014
"Light commercial vehicles","WA","1993",2312
"Light commercial vehicles","WA","1994",2886
"Light commercial vehicles","WA","1995",3034
"Light commercial vehicles","WA","1996",3496
"Light commercial vehicles","WA","1997",3812
"Light commercial vehicles","WA","1998",4330
"Light commercial vehicles","WA","1999",4407
"Light commercial vehicles","WA","2000",4967
"Light commercial vehicles","WA","2001",5184
"Light commercial vehicles","WA","2002",6815
"Light commercial vehicles","WA","2003",9433
"Light commercial vehicles","WA","2004",11109
"Light commercial vehicles","WA","2005",13381
"Light commercial vehicles","WA","2006",14186
"Light commercial vehicles","WA","2007",15688
"Light commercial vehicles","WA","2008",18711
"Light commercial vehicles","WA","2009",15580
"Light commercial vehicles","WA","2010",18452
"Light commercial vehicles","WA","2011",17245
"Light commercial vehicles","WA","2012",23963
"Light commercial vehicles","WA","2013",21779
"Light commercial vehicles","WA","2014",22341
"Light commercial vehicles","WA","2015",21102
"Light commercial vehicles","WA","2016",21640
"Light commercial vehicles","WA","2017",23752
"Light commercial vehicles","WA","2018",26590
"Light commercial vehicles","WA","2019",23949
"Light commercial vehicles","WA","2020",24415
"Light commercial vehicles","WA","2021",32283
"Light commercial vehicles","WA","2022",30249
"Light commercial vehicles","WA","2023",32599
"Light commercial vehicles","WA","2024",20286
"Light commercial vehicles","WA","2025",12
"Light commercial vehicles","WA","Not stated",0
"Light commercial vehicles","Tas","1901",0
"Light commercial vehicles","Tas","1902",0
"Light commercial vehicles","Tas","1903",0
"Light commercial vehicles","Tas","1904",0
"Light commercial vehicles","Tas","1905",0
"Light commercial vehicles","Tas","1906",0
"Light commercial vehicles","Tas","1907",0
"Light commercial vehicles","Tas","1908",0
"Light commercial vehicles","Tas","1909",0
"Light commercial vehicles","Tas","1910",0
"Light commercial vehicles","Tas","1911",0
"Light commercial vehicles","Tas","1912",0
"Light commercial vehicles","Tas","1913",0
"Light commercial vehicles","Tas","1914",0
"Light commercial vehicles","Tas","1915",0
"Light commercial vehicles","Tas","1916",0
"Light commercial vehicles","Tas","1917",0
"Light commercial vehicles","Tas","1918",0
"Light commercial vehicles","Tas","1919",0
"Light commercial vehicles","Tas","1920",0
"Light commercial vehicles","Tas","1921",0
"Light commercial vehicles","Tas","1922",0
"Light commercial vehicles","Tas","1923",0
"Light commercial vehicles","Tas","1924",0
"Light commercial vehicles","Tas","1925",0
"Light commercial vehicles","Tas","1926",0
"Light commercial vehicles","Tas","1927",0
"Light commercial vehicles","Tas","1928",10
"Light commercial vehicles","Tas","1929",3
"Light commercial vehicles","Tas","1930",3
"Light commercial vehicles","Tas","1931",0
"Light commercial vehicles","Tas","1932",0
"Light commercial vehicles","Tas","1933",0
"Light commercial vehicles","Tas","1934",0
"Light commercial vehicles","Tas","1935",3
"Light commercial vehicles","Tas","1936",4
"Light commercial vehicles","Tas","1937",4
"Light commercial vehicles","Tas","1938",5
"Light commercial vehicles","Tas","1939",5
"Light commercial vehicles","Tas","1940",4
"Light commercial vehicles","Tas","1941",0
"Light commercial vehicles","Tas","1942",12
"Light commercial vehicles","Tas","1943",0
"Light commercial vehicles","Tas","1944",5
"Light commercial vehicles","Tas","1945",0
"Light commercial vehicles","Tas","1946",10
"Light commercial vehicles","Tas","1947",5
"Light commercial vehicles","Tas","1948",21
"Light commercial vehicles","Tas","1949",0
"Light commercial vehicles","Tas","1950",7
"Light commercial vehicles","Tas","1951",5
"Light commercial vehicles","Tas","1952",4
"Light commercial vehicles","Tas","1953",8
"Light commercial vehicles","Tas","1954",10
"Light commercial vehicles","Tas","1955",10
"Light commercial vehicles","Tas","1956",18
"Light commercial vehicles","Tas","1957",12
"Light commercial vehicles","Tas","1958",13
"Light commercial vehicles","Tas","1959",14
"Light commercial vehicles","Tas","1960",12
"Light commercial vehicles","Tas","1961",8
"Light commercial vehicles","Tas","1962",15
"Light commercial vehicles","Tas","1963",17
"Light commercial vehicles","Tas","1964",32
"Light commercial vehicles","Tas","1965",15
"Light commercial vehicles","Tas","1966",28
"Light commercial vehicles","Tas","1967",23
"Light commercial vehicles","Tas","1968",24
"Light commercial vehicles","Tas","1969",27
"Light commercial vehicles","Tas","1970",33
"Light commercial vehicles","Tas","1971",37
"Light commercial vehicles","Tas","1972",54
"Light commercial vehicles","Tas","1973",67
"Light commercial vehicles","Tas","1974",76
"Light commercial vehicles","Tas","1975",119
"Light commercial vehicles","Tas","1976",112
"Light commercial vehicles","Tas","1977",130
"Light commercial vehicles","Tas","1978",163
"Light commercial vehicles","Tas","1979",140
"Light commercial vehicles","Tas","1980",158
"Light commercial vehicles","Tas","1981",152
"Light commercial vehicles","Tas","1982",192
"Light commercial vehicles","Tas","1983",193
"Light commercial vehicles","Tas","1984",341
"Light commercial vehicles","Tas","1985",481
"Light commercial vehicles","Tas","1986",398
"Light commercial vehicles","Tas","1987",270
"Light commercial vehicles","Tas","1988",528
"Light commercial vehicles","Tas","1989",805
"Light commercial vehicles","Tas","1990",899
"Light commercial vehicles","Tas","1991",758
"Light commercial vehicles","Tas","1992",1103
"Light commercial vehicles","Tas","1993",1047
"Light commercial vehicles","Tas","1994",1399
"Light commercial vehicles","Tas","1995",1420
"Light commercial vehicles","Tas","1996",1487
"Light commercial vehicles","Tas","1997",1646
"Light commercial vehicles","Tas","1998",2052
"Light commercial vehicles","Tas","1999",2207
"Light commercial vehicles","Tas","2000",2500
"Light commercial vehicles","Tas","2001",2263
"Light commercial vehicles","Tas","2002",2944
"Light commercial vehicles","Tas","2003",3456
"Light commercial vehicles","Tas","2004",4190
"Light commercial vehicles","Tas","2005",4397
"Light commercial vehicles","Tas","2006",3764
"Light commercial vehicles","Tas","2007",4170
"Light commercial vehicles","Tas","2008",5114
"Light commercial vehicles","Tas","2009",4473
"Light commercial vehicles","Tas","2010",5034
"Light commercial vehicles","Tas","2011",4150
"Light commercial vehicles","Tas","2012",4862
"Light commercial vehicles","Tas","2013",5522
"Light commercial vehicles","Tas","2014",5160
"Light commercial vehicles","Tas","2015",5615
"Light commercial vehicles","Tas","2016",5731
"Light commercial vehicles","Tas","2017",5785
"Light commercial vehicles","Tas","2018",6588
"Light commercial vehicles","Tas","2019",6052
"Light commercial vehicles","Tas","2020",4999
"Light commercial vehicles","Tas","2021",6781
"Light commercial vehicles","Tas","2022",5906
"Light commercial vehicles","Tas","2023",6410
"Light commercial vehicles","Tas","2024",3330
"Light commercial vehicles","Tas","2025",0
"Light commercial vehicles","Tas","Not stated",0
"Light commercial vehicles","NT","1901",0
"Light commercial vehicles","NT","1902",0
"Light commercial vehicles","NT","1903",0
"Light commercial vehicles","NT","1904",0
"Light commercial vehicles","NT","1905",0
"Light commercial vehicles","NT","1906",0
"Light commercial vehicles","NT","1907",0
"Light commercial vehicles","NT","1908",0
"Light commercial vehicles","NT","1909",0
"Light commercial vehicles","NT","1910",0
"Light commercial vehicles","NT","1911",0
"Light commercial vehicles","NT","1912",0
"Light commercial vehicles","NT","1913",0
"Light commercial vehicles","NT","1914",0
"Light commercial vehicles","NT","1915",0
"Light commercial vehicles","NT","1916",0
"Light commercial vehicles","NT","1917",0
"Light commercial vehicles","NT","1918",0
"Light commercial vehicles","NT","1919",0
"Light commercial vehicles","NT","1920",0
"Light commercial vehicles","NT","1921",0
"Light commercial vehicles","NT","1922",0
"Light commercial vehicles","NT","1923",0
"Light commercial vehicles","NT","1924",0
"Light commercial vehicles","NT","1925",0
"Light commercial vehicles","NT","1926",3
"Light commercial vehicles","NT","1927",0
"Light commercial vehicles","NT","1928",3
"Light commercial vehicles","NT","1929",0
"Light commercial vehicles","NT","1930",0
"Light commercial vehicles","NT","1931",0
"Light commercial vehicles","NT","1932",0
"Light commercial vehicles","NT","1933",0
"Light commercial vehicles","NT","1934",0
"Light commercial vehicles","NT","1935",0
"Light commercial vehicles","NT","1936",0
"Light commercial vehicles","NT","1937",0
"Light commercial vehicles","NT","1938",3
"Light commercial vehicles","NT","1939",0
"Light commercial vehicles","NT","1940",3
"Light commercial vehicles","NT","1941",0
"Light commercial vehicles","NT","1942",3
"Light commercial vehicles","NT","1943",0
"Light commercial vehicles","NT","1944",3
"Light commercial vehicles","NT","1945",0
"Light commercial vehicles","NT","1946",3
"Light commercial vehicles","NT","1947",3
"Light commercial vehicles","NT","1948",3
"Light commercial vehicles","NT","1949",3
"Light commercial vehicles","NT","1950",0
"Light commercial vehicles","NT","1951",3
"Light commercial vehicles","NT","1952",3
"Light commercial vehicles","NT","1953",3
"Light commercial vehicles","NT","1954",4
"Light commercial vehicles","NT","1955",7
"Light commercial vehicles","NT","1956",0
"Light commercial vehicles","NT","1957",4
"Light commercial vehicles","NT","1958",3
"Light commercial vehicles","NT","1959",7
"Light commercial vehicles","NT","1960",0
"Light commercial vehicles","NT","1961",0
"Light commercial vehicles","NT","1962",4
"Light commercial vehicles","NT","1963",6
"Light commercial vehicles","NT","1964",6
"Light commercial vehicles","NT","1965",0
"Light commercial vehicles","NT","1966",4
"Light commercial vehicles","NT","1967",0
"Light commercial vehicles","NT","1968",4
"Light commercial vehicles","NT","1969",7
"Light commercial vehicles","NT","1970",11
"Light commercial vehicles","NT","1971",15
"Light commercial vehicles","NT","1972",12
"Light commercial vehicles","NT","1973",11
"Light commercial vehicles","NT","1974",11
"Light commercial vehicles","NT","1975",18
"Light commercial vehicles","NT","1976",26
"Light commercial vehicles","NT","1977",26
"Light commercial vehicles","NT","1978",21
"Light commercial vehicles","NT","1979",23
"Light commercial vehicles","NT","1980",24
"Light commercial vehicles","NT","1981",23
"Light commercial vehicles","NT","1982",19
"Light commercial vehicles","NT","1983",31
"Light commercial vehicles","NT","1984",55
"Light commercial vehicles","NT","1985",38
"Light commercial vehicles","NT","1986",19
"Light commercial vehicles","NT","1987",24
"Light commercial vehicles","NT","1988",44
"Light commercial vehicles","NT","1989",73
"Light commercial vehicles","NT","1990",78
"Light commercial vehicles","NT","1991",85
"Light commercial vehicles","NT","1992",114
"Light commercial vehicles","NT","1993",147
"Light commercial vehicles","NT","1994",175
"Light commercial vehicles","NT","1995",213
"Light commercial vehicles","NT","1996",217
"Light commercial vehicles","NT","1997",263
"Light commercial vehicles","NT","1998",349
"Light commercial vehicles","NT","1999",359
"Light commercial vehicles","NT","2000",412
"Light commercial vehicles","NT","2001",470
"Light commercial vehicles","NT","2002",618
"Light commercial vehicles","NT","2003",761
"Light commercial vehicles","NT","2004",892
"Light commercial vehicles","NT","2005",1211
"Light commercial vehicles","NT","2006",1321
"Light commercial vehicles","NT","2007",1483
"Light commercial vehicles","NT","2008",1777
"Light commercial vehicles","NT","2009",1515
"Light commercial vehicles","NT","2010",1786
"Light commercial vehicles","NT","2011",1594
"Light commercial vehicles","NT","2012",2231
"Light commercial vehicles","NT","2013",2323
"Light commercial vehicles","NT","2014",2622
"Light commercial vehicles","NT","2015",2481
"Light commercial vehicles","NT","2016",2434
"Light commercial vehicles","NT","2017",2824
"Light commercial vehicles","NT","2018",2928
"Light commercial vehicles","NT","2019",2642
"Light commercial vehicles","NT","2020",2651
"Light commercial vehicles","NT","2021",3422
"Light commercial vehicles","NT","2022",3404
"Light commercial vehicles","NT","2023",3616
"Light commercial vehicles","NT","2024",2469
"Light commercial vehicles","NT","2025",0
"Light commercial vehicles","NT","Not stated",0
"Light commercial vehicles","ACT","1901",0
"Light commercial vehicles","ACT","1902",0
"Light commercial vehicles","ACT","1903",0
"Light commercial vehicles","ACT","1904",0
"Light commercial vehicles","ACT","1905",0
"Light commercial vehicles","ACT","1906",0
"Light commercial vehicles","ACT","1907",0
"Light commercial vehicles","ACT","1908",0
"Light commercial vehicles","ACT","1909",0
"Light commercial vehicles","ACT","1910",0
"Light commercial vehicles","ACT","1911",0
"Light commercial vehicles","ACT","1912",0
"Light commercial vehicles","ACT","1913",0
"Light commercial vehicles","ACT","1914",0
"Light commercial vehicles","ACT","1915",0
"Light commercial vehicles","ACT","1916",0
"Light commercial vehicles","ACT","1917",0
"Light commercial vehicles","ACT","1918",0
"Light commercial vehicles","ACT","1919",0
"Light commercial vehicles","ACT","1920",0
"Light commercial vehicles","ACT","1921",0
"Light commercial vehicles","ACT","1922",0
"Light commercial vehicles","ACT","1923",0
"Light commercial vehicles","ACT","1924",0
"Light commercial vehicles","ACT","1925",0
"Light commercial vehicles","ACT","1926",0
"Light commercial vehicles","ACT","1927",0
"Light commercial vehicles","ACT","1928",0
"Light commercial vehicles","ACT","1929",0
"Light commercial vehicles","ACT","1930",0
"Light commercial vehicles","ACT","1931",0
"Light commercial vehicles","ACT","1932",0
"Light commercial vehicles","ACT","1933",0
"Light commercial vehicles","ACT","1934",0
"Light commercial vehicles","ACT","1935",3
"Light commercial vehicles","ACT","1936",3
"Light commercial vehicles","ACT","1937",0
"Light commercial vehicles","ACT","1938",0
"Light commercial vehicles","ACT","1939",3
"Light commercial vehicles","ACT","1940",0
"Light commercial vehicles","ACT","1941",0
"Light commercial vehicles","ACT","1942",0
"Light commercial vehicles","ACT","1943",0
"Light commercial vehicles","ACT","1944",0
"Light commercial vehicles","ACT","1945",0
"Light commercial vehicles","ACT","1946",0
"Light commercial vehicles","ACT","1947",3
"Light commercial vehicles","ACT","1948",3
"Light commercial vehicles","ACT","1949",0
"Light commercial vehicles","ACT","1950",0
"Light commercial vehicles","ACT","1951",0
"Light commercial vehicles","ACT","1952",0
"Light commercial vehicles","ACT","1953",0
"Light commercial vehicles","ACT","1954",5
"Light commercial vehicles","ACT","1955",7
"Light commercial vehicles","ACT","1956",3
"Light commercial vehicles","ACT","1957",0
"Light commercial vehicles","ACT","1958",4
"Light commercial vehicles","ACT","1959",4
"Light commercial vehicles","ACT","1960",7
"Light commercial vehicles","ACT","1961",6
"Light commercial vehicles","ACT","1962",5
"Light commercial vehicles","ACT","1963",9
"Light commercial vehicles","ACT","1964",14
"Light commercial vehicles","ACT","1965",10
"Light commercial vehicles","ACT","1966",4
"Light commercial vehicles","ACT","1967",14
"Light commercial vehicles","ACT","1968",10
"Light commercial vehicles","ACT","1969",7
"Light commercial vehicles","ACT","1970",8
"Light commercial vehicles","ACT","1971",22
"Light commercial vehicles","ACT","1972",23
"Light commercial vehicles","ACT","1973",25
"Light commercial vehicles","ACT","1974",27
"Light commercial vehicles","ACT","1975",27
"Light commercial vehicles","ACT","1976",29
"Light commercial vehicles","ACT","1977",35
"Light commercial vehicles","ACT","1978",33
"Light commercial vehicles","ACT","1979",28
"Light commercial vehicles","ACT","1980",22
"Light commercial vehicles","ACT","1981",19
"Light commercial vehicles","ACT","1982",25
"Light commercial vehicles","ACT","1983",27
"Light commercial vehicles","ACT","1984",40
"Light commercial vehicles","ACT","1985",46
"Light commercial vehicles","ACT","1986",29
"Light commercial vehicles","ACT","1987",21
"Light commercial vehicles","ACT","1988",37
"Light commercial vehicles","ACT","1989",62
"Light commercial vehicles","ACT","1990",74
"Light commercial vehicles","ACT","1991",67
"Light commercial vehicles","ACT","1992",86
"Light commercial vehicles","ACT","1993",94
"Light commercial vehicles","ACT","1994",130
"Light commercial vehicles","ACT","1995",120
"Light commercial vehicles","ACT","1996",124
"Light commercial vehicles","ACT","1997",156
"Light commercial vehicles","ACT","1998",208
"Light commercial vehicles","ACT","1999",250
"Light commercial vehicles","ACT","2000",324
"Light commercial vehicles","ACT","2001",349
"Light commercial vehicles","ACT","2002",453
"Light commercial vehicles","ACT","2003",657
"Light commercial vehicles","ACT","2004",726
"Light commercial vehicles","ACT","2005",769
"Light commercial vehicles","ACT","2006",819
"Light commercial vehicles","ACT","2007",859
"Light commercial vehicles","ACT","2008",1184
"Light commercial vehicles","ACT","2009",1197
"Light commercial vehicles","ACT","2010",1329
"Light commercial vehicles","ACT","2011",1193
"Light commercial vehicles","ACT","2012",1675
"Light commercial vehicles","ACT","2013",1742
"Light commercial vehicles","ACT","2014",1799
"Light commercial vehicles","ACT","2015",2012
"Light commercial vehicles","ACT","2016",2364
"Light commercial vehicles","ACT","2017",2530
"Light commercial vehicles","ACT","2018",2651
"Light commercial vehicles","ACT","2019",2427
"Light commercial vehicles","ACT","2020",2289
"Light commercial vehicles","ACT","2021",2861
"Light commercial vehicles","ACT","2022",2402
"Light commercial vehicles","ACT","2023",2800
"Light commercial vehicles","ACT","2024",1355
"Light commercial vehicles","ACT","2025",3
"Light commercial vehicles","ACT","Not stated",3
"Light rigid trucks","NSW","1901",0
"Light rigid trucks","NSW","1902",0
"Light rigid trucks","NSW","1903",0
"Light rigid trucks","NSW","1904",0
"Light rigid trucks","NSW","1905",0
"Light rigid trucks","NSW","1906",0
"Light rigid trucks","NSW","1907",0
"Light rigid trucks","NSW","1908",0
"Light rigid trucks","NSW","1909",0
"Light rigid trucks","NSW","1910",0
"Light rigid trucks","NSW","1911",0
"Light rigid trucks","NSW","1912",0
"Light rigid trucks","NSW","1913",0
"Light rigid trucks","NSW","1914",0
"Light rigid trucks","NSW","1915",0
"Light rigid trucks","NSW","1916",0
"Light rigid trucks","NSW","1917",0
"Light rigid trucks","NSW","1918",0
"Light rigid trucks","NSW","1919",0
"Light rigid trucks","NSW","1920",0
"Light rigid trucks","NSW","1921",0
"Light rigid trucks","NSW","1922",0
"Light rigid trucks","NSW","1923",0
"Light rigid trucks","NSW","1924",0
"Light rigid trucks","NSW","1925",0
"Light rigid trucks","NSW","1926",0
"Light rigid trucks","NSW","1927",0
"Light rigid trucks","NSW","1928",0
"Light rigid trucks","NSW","1929",0
"Light rigid trucks","NSW","1930",0
"Light rigid trucks","NSW","1931",0
"Light rigid trucks","NSW","1932",0
"Light rigid trucks","NSW","1933",0
"Light rigid trucks","NSW","1934",0
"Light rigid trucks","NSW","1935",0
"Light rigid trucks","NSW","1936",0
"Light rigid trucks","NSW","1937",0
"Light rigid trucks","NSW","1938",0
"Light rigid trucks","NSW","1939",0
"Light rigid trucks","NSW","1940",0
"Light rigid trucks","NSW","1941",0
"Light rigid trucks","NSW","1942",0
"Light rigid trucks","NSW","1943",0
"Light rigid trucks","NSW","1944",0
"Light rigid trucks","NSW","1945",0
"Light rigid trucks","NSW","1946",0
"Light rigid trucks","NSW","1947",0
"Light rigid trucks","NSW","1948",0
"Light rigid trucks","NSW","1949",0
"Light rigid trucks","NSW","1950",0
"Light rigid trucks","NSW","1951",0
"Light rigid trucks","NSW","1952",0
"Light rigid trucks","NSW","1953",0
"Light rigid trucks","NSW","1954",0
"Light rigid trucks","NSW","1955",0
"Light rigid trucks","NSW","1956",3
"Light rigid trucks","NSW","1957",0
"Light rigid trucks","NSW","1958",0
"Light rigid trucks","NSW","1959",0
"Light rigid trucks","NSW","1960",3
"Light rigid trucks","NSW","1961",3
"Light rigid trucks","NSW","1962",0
"Light rigid trucks","NSW","1963",0
"Light rigid trucks","NSW","1964",0
"Light rigid trucks","NSW","1965",3
"Light rigid trucks","NSW","1966",3
"Light rigid trucks","NSW","1967",3
"Light rigid trucks","NSW","1968",7
"Light rigid trucks","NSW","1969",0
"Light rigid trucks","NSW","1970",3
"Light rigid trucks","NSW","1971",3
"Light rigid trucks","NSW","1972",5
"Light rigid trucks","NSW","1973",3
"Light rigid trucks","NSW","1974",6
"Light rigid trucks","NSW","1975",3
"Light rigid trucks","NSW","1976",15
"Light rigid trucks","NSW","1977",17
"Light rigid trucks","NSW","1978",19
"Light rigid trucks","NSW","1979",10
"Light rigid trucks","NSW","1980",18
"Light rigid trucks","NSW","1981",29
"Light rigid trucks","NSW","1982",25
"Light rigid trucks","NSW","1983",16
"Light rigid trucks","NSW","1984",36
"Light rigid trucks","NSW","1985",78
"Light rigid trucks","NSW","1986",76
"Light rigid trucks","NSW","1987",64
"Light rigid trucks","NSW","1988",153
"Light rigid trucks","NSW","1989",248
"Light rigid trucks","NSW","1990",245
"Light rigid trucks","NSW","1991",184
"Light rigid trucks","NSW","1992",219
"Light rigid trucks","NSW","1993",246
"Light rigid trucks","NSW","1994",296
"Light rigid trucks","NSW","1995",359
"Light rigid trucks","NSW","1996",319
"Light rigid trucks","NSW","1997",368
"Light rigid trucks","NSW","1998",609
"Light rigid trucks","NSW","1999",756
"Light rigid trucks","NSW","2000",791
"Light rigid trucks","NSW","2001",899
"Light rigid trucks","NSW","2002",1490
"Light rigid trucks","NSW","2003",872
"Light rigid trucks","NSW","2004",1519
"Light rigid trucks","NSW","2005",1647
"Light rigid trucks","NSW","2006",1456
"Light rigid trucks","NSW","2007",1990
"Light rigid trucks","NSW","2008",1917
"Light rigid trucks","NSW","2009",1678
"Light rigid trucks","NSW","2010",2292
"Light rigid trucks","NSW","2011",1393
"Light rigid trucks","NSW","2012",1824
"Light rigid trucks","NSW","2013",2112
"Light rigid trucks","NSW","2014",2483
"Light rigid trucks","NSW","2015",3381
"Light rigid trucks","NSW","2016",3788
"Light rigid trucks","NSW","2017",4108
"Light rigid trucks","NSW","2018",4377
"Light rigid trucks","NSW","2019",3661
"Light rigid trucks","NSW","2020",3807
"Light rigid trucks","NSW","2021",6717
"Light rigid trucks","NSW","2022",7968
"Light rigid trucks","NSW","2023",10198
"Light rigid trucks","NSW","2024",6046
"Light rigid trucks","NSW","2025",33
"Light rigid trucks","NSW","Not stated",0
"Light rigid trucks","Vic","1901",0
"Light rigid trucks","Vic","1902",0
"Light rigid trucks","Vic","1903",0
"Light rigid trucks","Vic","1904",0
"Light rigid trucks","Vic","1905",0
"Light rigid trucks","Vic","1906",0
"Light rigid trucks","Vic","1907",0
"Light rigid trucks","Vic","1908",0
"Light rigid trucks","Vic","1909",0
"Light rigid trucks","Vic","1910",0
"Light rigid trucks","Vic","1911",0
"Light rigid trucks","Vic","1912",0
"Light rigid trucks","Vic","1913",0
"Light rigid trucks","Vic","1914",0
"Light rigid trucks","Vic","1915",0
"Light rigid trucks","Vic","1916",0
"Light rigid trucks","Vic","1917",0
"Light rigid trucks","Vic","1918",0
"Light rigid trucks","Vic","1919",0
"Light rigid trucks","Vic","1920",0
"Light rigid trucks","Vic","1921",0
"Light rigid trucks","Vic","1922",0
"Light rigid trucks","Vic","1923",0
"Light rigid trucks","Vic","1924",0
"Light rigid trucks","Vic","1925",0
"Light rigid trucks","Vic","1926",0
"Light rigid trucks","Vic","1927",0
"Light rigid trucks","Vic","1928",0
"Light rigid trucks","Vic","1929",0
"Light rigid trucks","Vic","1930",0
"Light rigid trucks","Vic","1931",0
"Light rigid trucks","Vic","1932",0
"Light rigid trucks","Vic","1933",0
"Light rigid trucks","Vic","1934",0
"Light rigid trucks","Vic","1935",0
"Light rigid trucks","Vic","1936",0
"Light rigid trucks","Vic","1937",0
"Light rigid trucks","Vic","1938",0
"Light rigid trucks","Vic","1939",0
"Light rigid trucks","Vic","1940",0
"Light rigid trucks","Vic","1941",0
"Light rigid trucks","Vic","1942",0
"Light rigid trucks","Vic","1943",0
"Light rigid trucks","Vic","1944",0
"Light rigid trucks","Vic","1945",0
"Light rigid trucks","Vic","1946",3
"Light rigid trucks","Vic","1947",0
"Light rigid trucks","Vic","1948",0
"Light rigid trucks","Vic","1949",0
"Light rigid trucks","Vic","1950",0
"Light rigid trucks","Vic","1951",0
"Light rigid trucks","Vic","1952",0
"Light rigid trucks","Vic","1953",0
"Light rigid trucks","Vic","1954",0
"Light rigid trucks","Vic","1955",0
"Light rigid trucks","Vic","1956",0
"Light rigid trucks","Vic","1957",0
"Light rigid trucks","Vic","1958",0
"Light rigid trucks","Vic","1959",0
"Light rigid trucks","Vic","1960",0
"Light rigid trucks","Vic","1961",0
"Light rigid trucks","Vic","1962",0
"Light rigid trucks","Vic","1963",0
"Light rigid trucks","Vic","1964",0
"Light rigid trucks","Vic","1965",0
"Light rigid trucks","Vic","1966",0
"Light rigid trucks","Vic","1967",5
"Light rigid trucks","Vic","1968",7
"Light rigid trucks","Vic","1969",5
"Light rigid trucks","Vic","1970",6
"Light rigid trucks","Vic","1971",5
"Light rigid trucks","Vic","1972",5
"Light rigid trucks","Vic","1973",8
"Light rigid trucks","Vic","1974",12
"Light rigid trucks","Vic","1975",15
"Light rigid trucks","Vic","1976",24
"Light rigid trucks","Vic","1977",26
"Light rigid trucks","Vic","1978",37
"Light rigid trucks","Vic","1979",39
"Light rigid trucks","Vic","1980",19
"Light rigid trucks","Vic","1981",19
"Light rigid trucks","Vic","1982",35
"Light rigid trucks","Vic","1983",12
"Light rigid trucks","Vic","1984",44
"Light rigid trucks","Vic","1985",64
"Light rigid trucks","Vic","1986",72
"Light rigid trucks","Vic","1987",64
"Light rigid trucks","Vic","1988",133
"Light rigid trucks","Vic","1989",132
"Light rigid trucks","Vic","1990",129
"Light rigid trucks","Vic","1991",80
"Light rigid trucks","Vic","1992",114
"Light rigid trucks","Vic","1993",139
"Light rigid trucks","Vic","1994",142
"Light rigid trucks","Vic","1995",210
"Light rigid trucks","Vic","1996",197
"Light rigid trucks","Vic","1997",207
"Light rigid trucks","Vic","1998",296
"Light rigid trucks","Vic","1999",394
"Light rigid trucks","Vic","2000",415
"Light rigid trucks","Vic","2001",630
"Light rigid trucks","Vic","2002",983
"Light rigid trucks","Vic","2003",646
"Light rigid trucks","Vic","2004",1133
"Light rigid trucks","Vic","2005",1472
"Light rigid trucks","Vic","2006",1148
"Light rigid trucks","Vic","2007",1372
"Light rigid trucks","Vic","2008",1712
"Light rigid trucks","Vic","2009",1204
"Light rigid trucks","Vic","2010",1747
"Light rigid trucks","Vic","2011",1143
"Light rigid trucks","Vic","2012",1307
"Light rigid trucks","Vic","2013",1509
"Light rigid trucks","Vic","2014",1917
"Light rigid trucks","Vic","2015",2363
"Light rigid trucks","Vic","2016",2706
"Light rigid trucks","Vic","2017",2907
"Light rigid trucks","Vic","2018",3299
"Light rigid trucks","Vic","2019",3051
"Light rigid trucks","Vic","2020",2699
"Light rigid trucks","Vic","2021",4425
"Light rigid trucks","Vic","2022",6833
"Light rigid trucks","Vic","2023",7863
"Light rigid trucks","Vic","2024",4496
"Light rigid trucks","Vic","2025",30
"Light rigid trucks","Vic","Not stated",0
"Light rigid trucks","Qld","1901",0
"Light rigid trucks","Qld","1902",0
"Light rigid trucks","Qld","1903",0
"Light rigid trucks","Qld","1904",0
"Light rigid trucks","Qld","1905",0
"Light rigid trucks","Qld","1906",0
"Light rigid trucks","Qld","1907",0
"Light rigid trucks","Qld","1908",0
"Light rigid trucks","Qld","1909",0
"Light rigid trucks","Qld","1910",0
"Light rigid trucks","Qld","1911",0
"Light rigid trucks","Qld","1912",0
"Light rigid trucks","Qld","1913",0
"Light rigid trucks","Qld","1914",0
"Light rigid trucks","Qld","1915",0
"Light rigid trucks","Qld","1916",0
"Light rigid trucks","Qld","1917",0
"Light rigid trucks","Qld","1918",0
"Light rigid trucks","Qld","1919",0
"Light rigid trucks","Qld","1920",3
"Light rigid trucks","Qld","1921",0
"Light rigid trucks","Qld","1922",0
"Light rigid trucks","Qld","1923",0
"Light rigid trucks","Qld","1924",0
"Light rigid trucks","Qld","1925",0
"Light rigid trucks","Qld","1926",3
"Light rigid trucks","Qld","1927",0
"Light rigid trucks","Qld","1928",3
"Light rigid trucks","Qld","1929",0
"Light rigid trucks","Qld","1930",0
"Light rigid trucks","Qld","1931",0
"Light rigid trucks","Qld","1932",0
"Light rigid trucks","Qld","1933",3
"Light rigid trucks","Qld","1934",0
"Light rigid trucks","Qld","1935",0
"Light rigid trucks","Qld","1936",0
"Light rigid trucks","Qld","1937",0
"Light rigid trucks","Qld","1938",0
"Light rigid trucks","Qld","1939",4
"Light rigid trucks","Qld","1940",3
"Light rigid trucks","Qld","1941",3
"Light rigid trucks","Qld","1942",9
"Light rigid trucks","Qld","1943",0
"Light rigid trucks","Qld","1944",3
"Light rigid trucks","Qld","1945",3
"Light rigid trucks","Qld","1946",3
"Light rigid trucks","Qld","1947",0
"Light rigid trucks","Qld","1948",5
"Light rigid trucks","Qld","1949",3
"Light rigid trucks","Qld","1950",3
"Light rigid trucks","Qld","1951",7
"Light rigid trucks","Qld","1952",3
"Light rigid trucks","Qld","1953",8
"Light rigid trucks","Qld","1954",3
"Light rigid trucks","Qld","1955",4
"Light rigid trucks","Qld","1956",0
"Light rigid trucks","Qld","1957",4
"Light rigid trucks","Qld","1958",3
"Light rigid trucks","Qld","1959",3
"Light rigid trucks","Qld","1960",3
"Light rigid trucks","Qld","1961",3
"Light rigid trucks","Qld","1962",3
"Light rigid trucks","Qld","1963",3
"Light rigid trucks","Qld","1964",8
"Light rigid trucks","Qld","1965",13
"Light rigid trucks","Qld","1966",11
"Light rigid trucks","Qld","1967",11
"Light rigid trucks","Qld","1968",15
"Light rigid trucks","Qld","1969",10
"Light rigid trucks","Qld","1970",19
"Light rigid trucks","Qld","1971",29
"Light rigid trucks","Qld","1972",23
"Light rigid trucks","Qld","1973",21
"Light rigid trucks","Qld","1974",48
"Light rigid trucks","Qld","1975",35
"Light rigid trucks","Qld","1976",51
"Light rigid trucks","Qld","1977",44
"Light rigid trucks","Qld","1978",57
"Light rigid trucks","Qld","1979",41
"Light rigid trucks","Qld","1980",43
"Light rigid trucks","Qld","1981",43
"Light rigid trucks","Qld","1982",57
"Light rigid trucks","Qld","1983",37
"Light rigid trucks","Qld","1984",63
"Light rigid trucks","Qld","1985",128
"Light rigid trucks","Qld","1986",86
"Light rigid trucks","Qld","1987",142
"Light rigid trucks","Qld","1988",239
"Light rigid trucks","Qld","1989",212
"Light rigid trucks","Qld","1990",203
"Light rigid trucks","Qld","1991",159
"Light rigid trucks","Qld","1992",242
"Light rigid trucks","Qld","1993",240
"Light rigid trucks","Qld","1994",338
"Light rigid trucks","Qld","1995",314
"Light rigid trucks","Qld","1996",270
"Light rigid trucks","Qld","1997",368
"Light rigid trucks","Qld","1998",446
"Light rigid trucks","Qld","1999",573
"Light rigid trucks","Qld","2000",601
"Light rigid trucks","Qld","2001",743
"Light rigid trucks","Qld","2002",1282
"Light rigid trucks","Qld","2003",883
"Light rigid trucks","Qld","2004",1409
"Light rigid trucks","Qld","2005",1650
"Light rigid trucks","Qld","2006",1388
"Light rigid trucks","Qld","2007",1733
"Light rigid trucks","Qld","2008",1554
"Light rigid trucks","Qld","2009",1237
"Light rigid trucks","Qld","2010",1525
"Light rigid trucks","Qld","2011",1025
"Light rigid trucks","Qld","2012",1230
"Light rigid trucks","Qld","2013",1327
"Light rigid trucks","Qld","2014",1569
"Light rigid trucks","Qld","2015",1974
"Light rigid trucks","Qld","2016",2081
"Light rigid trucks","Qld","2017",2411
"Light rigid trucks","Qld","2018",2773
"Light rigid trucks","Qld","2019",2031
"Light rigid trucks","Qld","2020",2475
"Light rigid trucks","Qld","2021",4193
"Light rigid trucks","Qld","2022",6961
"Light rigid trucks","Qld","2023",9103
"Light rigid trucks","Qld","2024",5658
"Light rigid trucks","Qld","2025",34
"Light rigid trucks","Qld","Not stated",0
"Light rigid trucks","SA","1901",0
"Light rigid trucks","SA","1902",0
"Light rigid trucks","SA","1903",0
"Light rigid trucks","SA","1904",0
"Light rigid trucks","SA","1905",0
"Light rigid trucks","SA","1906",0
"Light rigid trucks","SA","1907",0
"Light rigid trucks","SA","1908",0
"Light rigid trucks","SA","1909",0
"Light rigid trucks","SA","1910",0
"Light rigid trucks","SA","1911",0
"Light rigid trucks","SA","1912",0
"Light rigid trucks","SA","1913",0
"Light rigid trucks","SA","1914",0
"Light rigid trucks","SA","1915",0
"Light rigid trucks","SA","1916",0
"Light rigid trucks","SA","1917",0
"Light rigid trucks","SA","1918",0
"Light rigid trucks","SA","1919",0
"Light rigid trucks","SA","1920",0
"Light rigid trucks","SA","1921",0
"Light rigid trucks","SA","1922",0
"Light rigid trucks","SA","1923",0
"Light rigid trucks","SA","1924",0
"Light rigid trucks","SA","1925",0
"Light rigid trucks","SA","1926",0
"Light rigid trucks","SA","1927",0
"Light rigid trucks","SA","1928",0
"Light rigid trucks","SA","1929",0
"Light rigid trucks","SA","1930",0
"Light rigid trucks","SA","1931",0
"Light rigid trucks","SA","1932",0
"Light rigid trucks","SA","1933",0
"Light rigid trucks","SA","1934",0
"Light rigid trucks","SA","1935",0
"Light rigid trucks","SA","1936",0
"Light rigid trucks","SA","1937",0
"Light rigid trucks","SA","1938",0
"Light rigid trucks","SA","1939",3
"Light rigid trucks","SA","1940",0
"Light rigid trucks","SA","1941",0
"Light rigid trucks","SA","1942",3
"Light rigid trucks","SA","1943",0
"Light rigid trucks","SA","1944",3
"Light rigid trucks","SA","1945",0
"Light rigid trucks","SA","1946",0
"Light rigid trucks","SA","1947",0
"Light rigid trucks","SA","1948",0
"Light rigid trucks","SA","1949",0
"Light rigid trucks","SA","1950",3
"Light rigid trucks","SA","1951",0
"Light rigid trucks","SA","1952",0
"Light rigid trucks","SA","1953",3
"Light rigid trucks","SA","1954",0
"Light rigid trucks","SA","1955",0
"Light rigid trucks","SA","1956",3
"Light rigid trucks","SA","1957",0
"Light rigid trucks","SA","1958",3
"Light rigid trucks","SA","1959",3
"Light rigid trucks","SA","1960",0
"Light rigid trucks","SA","1961",0
"Light rigid trucks","SA","1962",0
"Light rigid trucks","SA","1963",0
"Light rigid trucks","SA","1964",0
"Light rigid trucks","SA","1965",3
"Light rigid trucks","SA","1966",4
"Light rigid trucks","SA","1967",3
"Light rigid trucks","SA","1968",0
"Light rigid trucks","SA","1969",6
"Light rigid trucks","SA","1970",5
"Light rigid trucks","SA","1971",3
"Light rigid trucks","SA","1972",6
"Light rigid trucks","SA","1973",3
"Light rigid trucks","SA","1974",5
"Light rigid trucks","SA","1975",8
"Light rigid trucks","SA","1976",15
"Light rigid trucks","SA","1977",12
"Light rigid trucks","SA","1978",6
"Light rigid trucks","SA","1979",6
"Light rigid trucks","SA","1980",5
"Light rigid trucks","SA","1981",7
"Light rigid trucks","SA","1982",5
"Light rigid trucks","SA","1983",14
"Light rigid trucks","SA","1984",18
"Light rigid trucks","SA","1985",27
"Light rigid trucks","SA","1986",41
"Light rigid trucks","SA","1987",38
"Light rigid trucks","SA","1988",68
"Light rigid trucks","SA","1989",61
"Light rigid trucks","SA","1990",69
"Light rigid trucks","SA","1991",35
"Light rigid trucks","SA","1992",46
"Light rigid trucks","SA","1993",28
"Light rigid trucks","SA","1994",47
"Light rigid trucks","SA","1995",54
"Light rigid trucks","SA","1996",56
"Light rigid trucks","SA","1997",74
"Light rigid trucks","SA","1998",85
"Light rigid trucks","SA","1999",92
"Light rigid trucks","SA","2000",119
"Light rigid trucks","SA","2001",131
"Light rigid trucks","SA","2002",233
"Light rigid trucks","SA","2003",174
"Light rigid trucks","SA","2004",344
"Light rigid trucks","SA","2005",418
"Light rigid trucks","SA","2006",336
"Light rigid trucks","SA","2007",369
"Light rigid trucks","SA","2008",427
"Light rigid trucks","SA","2009",296
"Light rigid trucks","SA","2010",442
"Light rigid trucks","SA","2011",281
"Light rigid trucks","SA","2012",335
"Light rigid trucks","SA","2013",329
"Light rigid trucks","SA","2014",481
"Light rigid trucks","SA","2015",537
"Light rigid trucks","SA","2016",552
"Light rigid trucks","SA","2017",633
"Light rigid trucks","SA","2018",759
"Light rigid trucks","SA","2019",629
"Light rigid trucks","SA","2020",642
"Light rigid trucks","SA","2021",1087
"Light rigid trucks","SA","2022",1531
"Light rigid trucks","SA","2023",2142
"Light rigid trucks","SA","2024",1257
"Light rigid trucks","SA","2025",7
"Light rigid trucks","SA","Not stated",0
"Light rigid trucks","WA","1901",0
"Light rigid trucks","WA","1902",0
"Light rigid trucks","WA","1903",0
"Light rigid trucks","WA","1904",0
"Light rigid trucks","WA","1905",0
"Light rigid trucks","WA","1906",0
"Light rigid trucks","WA","1907",0
"Light rigid trucks","WA","1908",0
"Light rigid trucks","WA","1909",0
"Light rigid trucks","WA","1910",0
"Light rigid trucks","WA","1911",0
"Light rigid trucks","WA","1912",0
"Light rigid trucks","WA","1913",0
"Light rigid trucks","WA","1914",0
"Light rigid trucks","WA","1915",0
"Light rigid trucks","WA","1916",0
"Light rigid trucks","WA","1917",0
"Light rigid trucks","WA","1918",0
"Light rigid trucks","WA","1919",0
"Light rigid trucks","WA","1920",0
"Light rigid trucks","WA","1921",0
"Light rigid trucks","WA","1922",0
"Light rigid trucks","WA","1923",0
"Light rigid trucks","WA","1924",0
"Light rigid trucks","WA","1925",0
"Light rigid trucks","WA","1926",0
"Light rigid trucks","WA","1927",0
"Light rigid trucks","WA","1928",0
"Light rigid trucks","WA","1929",0
"Light rigid trucks","WA","1930",0
"Light rigid trucks","WA","1931",0
"Light rigid trucks","WA","1932",0
"Light rigid trucks","WA","1933",0
"Light rigid trucks","WA","1934",0
"Light rigid trucks","WA","1935",0
"Light rigid trucks","WA","1936",0
"Light rigid trucks","WA","1937",0
"Light rigid trucks","WA","1938",0
"Light rigid trucks","WA","1939",0
"Light rigid trucks","WA","1940",0
"Light rigid trucks","WA","1941",0
"Light rigid trucks","WA","1942",0
"Light rigid trucks","WA","1943",0
"Light rigid trucks","WA","1944",0
"Light rigid trucks","WA","1945",0
"Light rigid trucks","WA","1946",0
"Light rigid trucks","WA","1947",0
"Light rigid trucks","WA","1948",0
"Light rigid trucks","WA","1949",0
"Light rigid trucks","WA","1950",0
"Light rigid trucks","WA","1951",0
"Light rigid trucks","WA","1952",3
"Light rigid trucks","WA","1953",0
"Light rigid trucks","WA","1954",0
"Light rigid trucks","WA","1955",0
"Light rigid trucks","WA","1956",0
"Light rigid trucks","WA","1957",0
"Light rigid trucks","WA","1958",0
"Light rigid trucks","WA","1959",0
"Light rigid trucks","WA","1960",0
"Light rigid trucks","WA","1961",0
"Light rigid trucks","WA","1962",0
"Light rigid trucks","WA","1963",0
"Light rigid trucks","WA","1964",0
"Light rigid trucks","WA","1965",0
"Light rigid trucks","WA","1966",0
"Light rigid trucks","WA","1967",3
"Light rigid trucks","WA","1968",3
"Light rigid trucks","WA","1969",0
"Light rigid trucks","WA","1970",0
"Light rigid trucks","WA","1971",0
"Light rigid trucks","WA","1972",0
"Light rigid trucks","WA","1973",0
"Light rigid trucks","WA","1974",0
"Light rigid trucks","WA","1975",0
"Light rigid trucks","WA","1976",7
"Light rigid trucks","WA","1977",11
"Light rigid trucks","WA","1978",4
"Light rigid trucks","WA","1979",10
"Light rigid trucks","WA","1980",5
"Light rigid trucks","WA","1981",7
"Light rigid trucks","WA","1982",10
"Light rigid trucks","WA","1983",7
"Light rigid trucks","WA","1984",18
"Light rigid trucks","WA","1985",27
"Light rigid trucks","WA","1986",27
"Light rigid trucks","WA","1987",46
"Light rigid trucks","WA","1988",63
"Light rigid trucks","WA","1989",90
"Light rigid trucks","WA","1990",85
"Light rigid trucks","WA","1991",58
"Light rigid trucks","WA","1992",63
"Light rigid trucks","WA","1993",61
"Light rigid trucks","WA","1994",92
"Light rigid trucks","WA","1995",113
"Light rigid trucks","WA","1996",137
"Light rigid trucks","WA","1997",131
"Light rigid trucks","WA","1998",119
"Light rigid trucks","WA","1999",166
"Light rigid trucks","WA","2000",149
"Light rigid trucks","WA","2001",192
"Light rigid trucks","WA","2002",572
"Light rigid trucks","WA","2003",345
"Light rigid trucks","WA","2004",705
"Light rigid trucks","WA","2005",872
"Light rigid trucks","WA","2006",636
"Light rigid trucks","WA","2007",678
"Light rigid trucks","WA","2008",774
"Light rigid trucks","WA","2009",470
"Light rigid trucks","WA","2010",862
"Light rigid trucks","WA","2011",524
"Light rigid trucks","WA","2012",730
"Light rigid trucks","WA","2013",732
"Light rigid trucks","WA","2014",866
"Light rigid trucks","WA","2015",850
"Light rigid trucks","WA","2016",855
"Light rigid trucks","WA","2017",967
"Light rigid trucks","WA","2018",929
"Light rigid trucks","WA","2019",956
"Light rigid trucks","WA","2020",927
"Light rigid trucks","WA","2021",1785
"Light rigid trucks","WA","2022",3022
"Light rigid trucks","WA","2023",4867
"Light rigid trucks","WA","2024",3310
"Light rigid trucks","WA","2025",16
"Light rigid trucks","WA","Not stated",0
"Light rigid trucks","Tas","1901",0
"Light rigid trucks","Tas","1902",0
"Light rigid trucks","Tas","1903",0
"Light rigid trucks","Tas","1904",0
"Light rigid trucks","Tas","1905",0
"Light rigid trucks","Tas","1906",0
"Light rigid trucks","Tas","1907",0
"Light rigid trucks","Tas","1908",0
"Light rigid trucks","Tas","1909",0
"Light rigid trucks","Tas","1910",0
"Light rigid trucks","Tas","1911",0
"Light rigid trucks","Tas","1912",0
"Light rigid trucks","Tas","1913",0
"Light rigid trucks","Tas","1914",0
"Light rigid trucks","Tas","1915",0
"Light rigid trucks","Tas","1916",0
"Light rigid trucks","Tas","1917",0
"Light rigid trucks","Tas","1918",0
"Light rigid trucks","Tas","1919",0
"Light rigid trucks","Tas","1920",0
"Light rigid trucks","Tas","1921",0
"Light rigid trucks","Tas","1922",0
"Light rigid trucks","Tas","1923",0
"Light rigid trucks","Tas","1924",0
"Light rigid trucks","Tas","1925",0
"Light rigid trucks","Tas","1926",0
"Light rigid trucks","Tas","1927",0
"Light rigid trucks","Tas","1928",0
"Light rigid trucks","Tas","1929",0
"Light rigid trucks","Tas","1930",0
"Light rigid trucks","Tas","1931",0
"Light rigid trucks","Tas","1932",0
"Light rigid trucks","Tas","1933",0
"Light rigid trucks","Tas","1934",0
"Light rigid trucks","Tas","1935",0
"Light rigid trucks","Tas","1936",0
"Light rigid trucks","Tas","1937",0
"Light rigid trucks","Tas","1938",0
"Light rigid trucks","Tas","1939",0
"Light rigid trucks","Tas","1940",0
"Light rigid trucks","Tas","1941",0
"Light rigid trucks","Tas","1942",0
"Light rigid trucks","Tas","1943",0
"Light rigid trucks","Tas","1944",0
"Light rigid trucks","Tas","1945",0
"Light rigid trucks","Tas","1946",0
"Light rigid trucks","Tas","1947",0
"Light rigid trucks","Tas","1948",0
"Light rigid trucks","Tas","1949",0
"Light rigid trucks","Tas","1950",0
"Light rigid trucks","Tas","1951",0
"Light rigid trucks","Tas","1952",3
"Light rigid trucks","Tas","1953",0
"Light rigid trucks","Tas","1954",0
"Light rigid trucks","Tas","1955",0
"Light rigid trucks","Tas","1956",0
"Light rigid trucks","Tas","1957",0
"Light rigid trucks","Tas","1958",0
"Light rigid trucks","Tas","1959",0
"Light rigid trucks","Tas","1960",0
"Light rigid trucks","Tas","1961",0
"Light rigid trucks","Tas","1962",3
"Light rigid trucks","Tas","1963",3
"Light rigid trucks","Tas","1964",0
"Light rigid trucks","Tas","1965",3
"Light rigid trucks","Tas","1966",3
"Light rigid trucks","Tas","1967",3
"Light rigid trucks","Tas","1968",0
"Light rigid trucks","Tas","1969",0
"Light rigid trucks","Tas","1970",0
"Light rigid trucks","Tas","1971",0
"Light rigid trucks","Tas","1972",4
"Light rigid trucks","Tas","1973",4
"Light rigid trucks","Tas","1974",12
"Light rigid trucks","Tas","1975",8
"Light rigid trucks","Tas","1976",12
"Light rigid trucks","Tas","1977",16
"Light rigid trucks","Tas","1978",19
"Light rigid trucks","Tas","1979",14
"Light rigid trucks","Tas","1980",18
"Light rigid trucks","Tas","1981",14
"Light rigid trucks","Tas","1982",6
"Light rigid trucks","Tas","1983",14
"Light rigid trucks","Tas","1984",14
"Light rigid trucks","Tas","1985",30
"Light rigid trucks","Tas","1986",25
"Light rigid trucks","Tas","1987",27
"Light rigid trucks","Tas","1988",45
"Light rigid trucks","Tas","1989",52
"Light rigid trucks","Tas","1990",44
"Light rigid trucks","Tas","1991",36
"Light rigid trucks","Tas","1992",22
"Light rigid trucks","Tas","1993",38
"Light rigid trucks","Tas","1994",48
"Light rigid trucks","Tas","1995",27
"Light rigid trucks","Tas","1996",40
"Light rigid trucks","Tas","1997",29
"Light rigid trucks","Tas","1998",59
"Light rigid trucks","Tas","1999",73
"Light rigid trucks","Tas","2000",46
"Light rigid trucks","Tas","2001",76
"Light rigid trucks","Tas","2002",167
"Light rigid trucks","Tas","2003",96
"Light rigid trucks","Tas","2004",145
"Light rigid trucks","Tas","2005",199
"Light rigid trucks","Tas","2006",117
"Light rigid trucks","Tas","2007",126
"Light rigid trucks","Tas","2008",195
"Light rigid trucks","Tas","2009",102
"Light rigid trucks","Tas","2010",163
"Light rigid trucks","Tas","2011",112
"Light rigid trucks","Tas","2012",92
"Light rigid trucks","Tas","2013",143
"Light rigid trucks","Tas","2014",174
"Light rigid trucks","Tas","2015",190
"Light rigid trucks","Tas","2016",186
"Light rigid trucks","Tas","2017",190
"Light rigid trucks","Tas","2018",209
"Light rigid trucks","Tas","2019",181
"Light rigid trucks","Tas","2020",200
"Light rigid trucks","Tas","2021",340
"Light rigid trucks","Tas","2022",544
"Light rigid trucks","Tas","2023",639
"Light rigid trucks","Tas","2024",346
"Light rigid trucks","Tas","2025",0
"Light rigid trucks","Tas","Not stated",0
"Light rigid trucks","NT","1901",0
"Light rigid trucks","NT","1902",0
"Light rigid trucks","NT","1903",0
"Light rigid trucks","NT","1904",0
"Light rigid trucks","NT","1905",0
"Light rigid trucks","NT","1906",0
"Light rigid trucks","NT","1907",0
"Light rigid trucks","NT","1908",0
"Light rigid trucks","NT","1909",0
"Light rigid trucks","NT","1910",0
"Light rigid trucks","NT","1911",0
"Light rigid trucks","NT","1912",0
"Light rigid trucks","NT","1913",0
"Light rigid trucks","NT","1914",0
"Light rigid trucks","NT","1915",0
"Light rigid trucks","NT","1916",0
"Light rigid trucks","NT","1917",0
"Light rigid trucks","NT","1918",0
"Light rigid trucks","NT","1919",0
"Light rigid trucks","NT","1920",0
"Light rigid trucks","NT","1921",0
"Light rigid trucks","NT","1922",0
"Light rigid trucks","NT","1923",0
"Light rigid trucks","NT","1924",0
"Light rigid trucks","NT","1925",0
"Light rigid trucks","NT","1926",0
"Light rigid trucks","NT","1927",0
"Light rigid trucks","NT","1928",0
"Light rigid trucks","NT","1929",0
"Light rigid trucks","NT","1930",0
"Light rigid trucks","NT","1931",0
"Light rigid trucks","NT","1932",0
"Light rigid trucks","NT","1933",0
"Light rigid trucks","NT","1934",0
"Light rigid trucks","NT","1935",0
"Light rigid trucks","NT","1936",0
"Light rigid trucks","NT","1937",0
"Light rigid trucks","NT","1938",0
"Light rigid trucks","NT","1939",0
"Light rigid trucks","NT","1940",0
"Light rigid trucks","NT","1941",0
"Light rigid trucks","NT","1942",0
"Light rigid trucks","NT","1943",0
"Light rigid trucks","NT","1944",0
"Light rigid trucks","NT","1945",0
"Light rigid trucks","NT","1946",0
"Light rigid trucks","NT","1947",0
"Light rigid trucks","NT","1948",0
"Light rigid trucks","NT","1949",3
"Light rigid trucks","NT","1950",0
"Light rigid trucks","NT","1951",0
"Light rigid trucks","NT","1952",0
"Light rigid trucks","NT","1953",0
"Light rigid trucks","NT","1954",0
"Light rigid trucks","NT","1955",0
"Light rigid trucks","NT","1956",0
"Light rigid trucks","NT","1957",0
"Light rigid trucks","NT","1958",0
"Light rigid trucks","NT","1959",0
"Light rigid trucks","NT","1960",0
"Light rigid trucks","NT","1961",0
"Light rigid trucks","NT","1962",0
"Light rigid trucks","NT","1963",0
"Light rigid trucks","NT","1964",0
"Light rigid trucks","NT","1965",0
"Light rigid trucks","NT","1966",0
"Light rigid trucks","NT","1967",0
"Light rigid trucks","NT","1968",0
"Light rigid trucks","NT","1969",0
"Light rigid trucks","NT","1970",0
"Light rigid trucks","NT","1971",0
"Light rigid trucks","NT","1972",0
"Light rigid trucks","NT","1973",0
"Light rigid trucks","NT","1974",0
"Light rigid trucks","NT","1975",0
"Light rigid trucks","NT","1976",0
"Light rigid trucks","NT","1977",3
"Light rigid trucks","NT","1978",0
"Light rigid trucks","NT","1979",3
"Light rigid trucks","NT","1980",3
"Light rigid trucks","NT","1981",0
"Light rigid trucks","NT","1982",3
"Light rigid trucks","NT","1983",3
"Light rigid trucks","NT","1984",0
"Light rigid trucks","NT","1985",6
"Light rigid trucks","NT","1986",3
"Light rigid trucks","NT","1987",3
"Light rigid trucks","NT","1988",6
"Light rigid trucks","NT","1989",5
"Light rigid trucks","NT","1990",6
"Light rigid trucks","NT","1991",7
"Light rigid trucks","NT","1992",4
"Light rigid trucks","NT","1993",9
"Light rigid trucks","NT","1994",10
"Light rigid trucks","NT","1995",15
"Light rigid trucks","NT","1996",5
"Light rigid trucks","NT","1997",11
"Light rigid trucks","NT","1998",23
"Light rigid trucks","NT","1999",19
"Light rigid trucks","NT","2000",22
"Light rigid trucks","NT","2001",28
"Light rigid trucks","NT","2002",55
"Light rigid trucks","NT","2003",37
"Light rigid trucks","NT","2004",50
"Light rigid trucks","NT","2005",71
"Light rigid trucks","NT","2006",55
"Light rigid trucks","NT","2007",61
"Light rigid trucks","NT","2008",56
"Light rigid trucks","NT","2009",48
"Light rigid trucks","NT","2010",72
"Light rigid trucks","NT","2011",43
"Light rigid trucks","NT","2012",66
"Light rigid trucks","NT","2013",51
"Light rigid trucks","NT","2014",63
"Light rigid trucks","NT","2015",69
"Light rigid trucks","NT","2016",52
"Light rigid trucks","NT","2017",68
"Light rigid trucks","NT","2018",99
"Light rigid trucks","NT","2019",78
"Light rigid trucks","NT","2020",65
"Light rigid trucks","NT","2021",159
"Light rigid trucks","NT","2022",303
"Light rigid trucks","NT","2023",530
"Light rigid trucks","NT","2024",338
"Light rigid trucks","NT","2025",3
"Light rigid trucks","NT","Not stated",0
"Light rigid trucks","ACT","1901",0
"Light rigid trucks","ACT","1902",0
"Light rigid trucks","ACT","1903",0
"Light rigid trucks","ACT","1904",0
"Light rigid trucks","ACT","1905",0
"Light rigid trucks","ACT","1906",0
"Light rigid trucks","ACT","1907",0
"Light rigid trucks","ACT","1908",0
"Light rigid trucks","ACT","1909",0
"Light rigid trucks","ACT","1910",0
"Light rigid trucks","ACT","1911",0
"Light rigid trucks","ACT","1912",0
"Light rigid trucks","ACT","1913",0
"Light rigid trucks","ACT","1914",0
"Light rigid trucks","ACT","1915",0
"Light rigid trucks","ACT","1916",0
"Light rigid trucks","ACT","1917",0
"Light rigid trucks","ACT","1918",0
"Light rigid trucks","ACT","1919",0
"Light rigid trucks","ACT","1920",0
"Light rigid trucks","ACT","1921",0
"Light rigid trucks","ACT","1922",0
"Light rigid trucks","ACT","1923",0
"Light rigid trucks","ACT","1924",0
"Light rigid trucks","ACT","1925",0
"Light rigid trucks","ACT","1926",0
"Light rigid trucks","ACT","1927",0
"Light rigid trucks","ACT","1928",0
"Light rigid trucks","ACT","1929",0
"Light rigid trucks","ACT","1930",0
"Light rigid trucks","ACT","1931",0
"Light rigid trucks","ACT","1932",0
"Light rigid trucks","ACT","1933",0
"Light rigid trucks","ACT","1934",0
"Light rigid trucks","ACT","1935",0
"Light rigid trucks","ACT","1936",0
"Light rigid trucks","ACT","1937",0
"Light rigid trucks","ACT","1938",0
"Light rigid trucks","ACT","1939",0
"Light rigid trucks","ACT","1940",0
"Light rigid trucks","ACT","1941",0
"Light rigid trucks","ACT","1942",0
"Light rigid trucks","ACT","1943",0
"Light rigid trucks","ACT","1944",0
"Light rigid trucks","ACT","1945",0
"Light rigid trucks","ACT","1946",0
"Light rigid trucks","ACT","1947",0
"Light rigid trucks","ACT","1948",0
"Light rigid trucks","ACT","1949",0
"Light rigid trucks","ACT","1950",0
"Light rigid trucks","ACT","1951",0
"Light rigid trucks","ACT","1952",0
"Light rigid trucks","ACT","1953",0
"Light rigid trucks","ACT","1954",0
"Light rigid trucks","ACT","1955",0
"Light rigid trucks","ACT","1956",0
"Light rigid trucks","ACT","1957",0
"Light rigid trucks","ACT","1958",0
"Light rigid trucks","ACT","1959",0
"Light rigid trucks","ACT","1960",0
"Light rigid trucks","ACT","1961",0
"Light rigid trucks","ACT","1962",0
"Light rigid trucks","ACT","1963",0
"Light rigid trucks","ACT","1964",0
"Light rigid trucks","ACT","1965",0
"Light rigid trucks","ACT","1966",0
"Light rigid trucks","ACT","1967",0
"Light rigid trucks","ACT","1968",0
"Light rigid trucks","ACT","1969",0
"Light rigid trucks","ACT","1970",0
"Light rigid trucks","ACT","1971",0
"Light rigid trucks","ACT","1972",0
"Light rigid trucks","ACT","1973",0
"Light rigid trucks","ACT","1974",0
"Light rigid trucks","ACT","1975",0
"Light rigid trucks","ACT","1976",0
"Light rigid trucks","ACT","1977",0
"Light rigid trucks","ACT","1978",0
"Light rigid trucks","ACT","1979",0
"Light rigid trucks","ACT","1980",3
"Light rigid trucks","ACT","1981",0
"Light rigid trucks","ACT","1982",0
"Light rigid trucks","ACT","1983",0
"Light rigid trucks","ACT","1984",0
"Light rigid trucks","ACT","1985",0
"Light rigid trucks","ACT","1986",3
"Light rigid trucks","ACT","1987",3
"Light rigid trucks","ACT","1988",6
"Light rigid trucks","ACT","1989",6
"Light rigid trucks","ACT","1990",5
"Light rigid trucks","ACT","1991",3
"Light rigid trucks","ACT","1992",4
"Light rigid trucks","ACT","1993",7
"Light rigid trucks","ACT","1994",9
"Light rigid trucks","ACT","1995",6
"Light rigid trucks","ACT","1996",9
"Light rigid trucks","ACT","1997",5
"Light rigid trucks","ACT","1998",11
"Light rigid trucks","ACT","1999",20
"Light rigid trucks","ACT","2000",15
"Light rigid trucks","ACT","2001",18
"Light rigid trucks","ACT","2002",23
"Light rigid trucks","ACT","2003",27
"Light rigid trucks","ACT","2004",42
"Light rigid trucks","ACT","2005",36
"Light rigid trucks","ACT","2006",33
"Light rigid trucks","ACT","2007",51
"Light rigid trucks","ACT","2008",54
"Light rigid trucks","ACT","2009",32
"Light rigid trucks","ACT","2010",58
"Light rigid trucks","ACT","2011",34
"Light rigid trucks","ACT","2012",43
"Light rigid trucks","ACT","2013",61
"Light rigid trucks","ACT","2014",51
"Light rigid trucks","ACT","2015",101
"Light rigid trucks","ACT","2016",88
"Light rigid trucks","ACT","2017",118
"Light rigid trucks","ACT","2018",154
"Light rigid trucks","ACT","2019",124
"Light rigid trucks","ACT","2020",157
"Light rigid trucks","ACT","2021",202
"Light rigid trucks","ACT","2022",231
"Light rigid trucks","ACT","2023",239
"Light rigid trucks","ACT","2024",120
"Light rigid trucks","ACT","2025",3
"Light rigid trucks","ACT","Not stated",0
"Heavy rigid trucks","NSW","1901",0
"Heavy rigid trucks","NSW","1902",0
"Heavy rigid trucks","NSW","1903",0
"Heavy rigid trucks","NSW","1904",0
"Heavy rigid trucks","NSW","1905",0
"Heavy rigid trucks","NSW","1906",0
"Heavy rigid trucks","NSW","1907",0
"Heavy rigid trucks","NSW","1908",0
"Heavy rigid trucks","NSW","1909",0
"Heavy rigid trucks","NSW","1910",0
"Heavy rigid trucks","NSW","1911",0
"Heavy rigid trucks","NSW","1912",0
"Heavy rigid trucks","NSW","1913",0
"Heavy rigid trucks","NSW","1914",0
"Heavy rigid trucks","NSW","1915",0
"Heavy rigid trucks","NSW","1916",0
"Heavy rigid trucks","NSW","1917",0
"Heavy rigid trucks","NSW","1918",0
"Heavy rigid trucks","NSW","1919",0
"Heavy rigid trucks","NSW","1920",0
"Heavy rigid trucks","NSW","1921",0
"Heavy rigid trucks","NSW","1922",0
"Heavy rigid trucks","NSW","1923",0
"Heavy rigid trucks","NSW","1924",0
"Heavy rigid trucks","NSW","1925",0
"Heavy rigid trucks","NSW","1926",0
"Heavy rigid trucks","NSW","1927",0
"Heavy rigid trucks","NSW","1928",0
"Heavy rigid trucks","NSW","1929",0
"Heavy rigid trucks","NSW","1930",0
"Heavy rigid trucks","NSW","1931",0
"Heavy rigid trucks","NSW","1932",0
"Heavy rigid trucks","NSW","1933",0
"Heavy rigid trucks","NSW","1934",3
"Heavy rigid trucks","NSW","1935",0
"Heavy rigid trucks","NSW","1936",0
"Heavy rigid trucks","NSW","1937",0
"Heavy rigid trucks","NSW","1938",0
"Heavy rigid trucks","NSW","1939",0
"Heavy rigid trucks","NSW","1940",0
"Heavy rigid trucks","NSW","1941",0
"Heavy rigid trucks","NSW","1942",0
"Heavy rigid trucks","NSW","1943",0
"Heavy rigid trucks","NSW","1944",0
"Heavy rigid trucks","NSW","1945",0
"Heavy rigid trucks","NSW","1946",0
"Heavy rigid trucks","NSW","1947",0
"Heavy rigid trucks","NSW","1948",0
"Heavy rigid trucks","NSW","1949",0
"Heavy rigid trucks","NSW","1950",0
"Heavy rigid trucks","NSW","1951",0
"Heavy rigid trucks","NSW","1952",0
"Heavy rigid trucks","NSW","1953",0
"Heavy rigid trucks","NSW","1954",0
"Heavy rigid trucks","NSW","1955",0
"Heavy rigid trucks","NSW","1956",4
"Heavy rigid trucks","NSW","1957",0
"Heavy rigid trucks","NSW","1958",0
"Heavy rigid trucks","NSW","1959",0
"Heavy rigid trucks","NSW","1960",0
"Heavy rigid trucks","NSW","1961",4
"Heavy rigid trucks","NSW","1962",3
"Heavy rigid trucks","NSW","1963",9
"Heavy rigid trucks","NSW","1964",13
"Heavy rigid trucks","NSW","1965",10
"Heavy rigid trucks","NSW","1966",19
"Heavy rigid trucks","NSW","1967",20
"Heavy rigid trucks","NSW","1968",32
"Heavy rigid trucks","NSW","1969",34
"Heavy rigid trucks","NSW","1970",26
"Heavy rigid trucks","NSW","1971",22
"Heavy rigid trucks","NSW","1972",25
"Heavy rigid trucks","NSW","1973",36
"Heavy rigid trucks","NSW","1974",68
"Heavy rigid trucks","NSW","1975",89
"Heavy rigid trucks","NSW","1976",137
"Heavy rigid trucks","NSW","1977",132
"Heavy rigid trucks","NSW","1978",161
"Heavy rigid trucks","NSW","1979",216
"Heavy rigid trucks","NSW","1980",265
"Heavy rigid trucks","NSW","1981",366
"Heavy rigid trucks","NSW","1982",329
"Heavy rigid trucks","NSW","1983",333
"Heavy rigid trucks","NSW","1984",571
"Heavy rigid trucks","NSW","1985",926
"Heavy rigid trucks","NSW","1986",733
"Heavy rigid trucks","NSW","1987",606
"Heavy rigid trucks","NSW","1988",884
"Heavy rigid trucks","NSW","1989",1074
"Heavy rigid trucks","NSW","1990",934
"Heavy rigid trucks","NSW","1991",653
"Heavy rigid trucks","NSW","1992",859
"Heavy rigid trucks","NSW","1993",821
"Heavy rigid trucks","NSW","1994",1163
"Heavy rigid trucks","NSW","1995",1028
"Heavy rigid trucks","NSW","1996",1060
"Heavy rigid trucks","NSW","1997",1244
"Heavy rigid trucks","NSW","1998",1724
"Heavy rigid trucks","NSW","1999",1759
"Heavy rigid trucks","NSW","2000",1712
"Heavy rigid trucks","NSW","2001",1698
"Heavy rigid trucks","NSW","2002",2494
"Heavy rigid trucks","NSW","2003",2281
"Heavy rigid trucks","NSW","2004",3475
"Heavy rigid trucks","NSW","2005",3487
"Heavy rigid trucks","NSW","2006",3684
"Heavy rigid trucks","NSW","2007",5056
"Heavy rigid trucks","NSW","2008",3543
"Heavy rigid trucks","NSW","2009",3288
"Heavy rigid trucks","NSW","2010",4096
"Heavy rigid trucks","NSW","2011",2509
"Heavy rigid trucks","NSW","2012",3331
"Heavy rigid trucks","NSW","2013",3285
"Heavy rigid trucks","NSW","2014",3585
"Heavy rigid trucks","NSW","2015",3990
"Heavy rigid trucks","NSW","2016",4194
"Heavy rigid trucks","NSW","2017",4908
"Heavy rigid trucks","NSW","2018",5238
"Heavy rigid trucks","NSW","2019",4169
"Heavy rigid trucks","NSW","2020",3742
"Heavy rigid trucks","NSW","2021",6155
"Heavy rigid trucks","NSW","2022",6324
"Heavy rigid trucks","NSW","2023",4914
"Heavy rigid trucks","NSW","2024",2088
"Heavy rigid trucks","NSW","2025",4
"Heavy rigid trucks","NSW","Not stated",23
"Heavy rigid trucks","Vic","1901",0
"Heavy rigid trucks","Vic","1902",0
"Heavy rigid trucks","Vic","1903",0
"Heavy rigid trucks","Vic","1904",3
"Heavy rigid trucks","Vic","1905",0
"Heavy rigid trucks","Vic","1906",3
"Heavy rigid trucks","Vic","1907",0
"Heavy rigid trucks","Vic","1908",0
"Heavy rigid trucks","Vic","1909",0
"Heavy rigid trucks","Vic","1910",0
"Heavy rigid trucks","Vic","1911",3
"Heavy rigid trucks","Vic","1912",0
"Heavy rigid trucks","Vic","1913",0
"Heavy rigid trucks","Vic","1914",0
"Heavy rigid trucks","Vic","1915",0
"Heavy rigid trucks","Vic","1916",0
"Heavy rigid trucks","Vic","1917",0
"Heavy rigid trucks","Vic","1918",0
"Heavy rigid trucks","Vic","1919",0
"Heavy rigid trucks","Vic","1920",0
"Heavy rigid trucks","Vic","1921",0
"Heavy rigid trucks","Vic","1922",0
"Heavy rigid trucks","Vic","1923",0
"Heavy rigid trucks","Vic","1924",0
"Heavy rigid trucks","Vic","1925",0
"Heavy rigid trucks","Vic","1926",0
"Heavy rigid trucks","Vic","1927",0
"Heavy rigid trucks","Vic","1928",0
"Heavy rigid trucks","Vic","1929",0
"Heavy rigid trucks","Vic","1930",0
"Heavy rigid trucks","Vic","1931",0
"Heavy rigid trucks","Vic","1932",0
"Heavy rigid trucks","Vic","1933",0
"Heavy rigid trucks","Vic","1934",0
"Heavy rigid trucks","Vic","1935",3
"Heavy rigid trucks","Vic","1936",3
"Heavy rigid trucks","Vic","1937",0
"Heavy rigid trucks","Vic","1938",0
"Heavy rigid trucks","Vic","1939",0
"Heavy rigid trucks","Vic","1940",0
"Heavy rigid trucks","Vic","1941",0
"Heavy rigid trucks","Vic","1942",3
"Heavy rigid trucks","Vic","1943",0
"Heavy rigid trucks","Vic","1944",0
"Heavy rigid trucks","Vic","1945",0
"Heavy rigid trucks","Vic","1946",3
"Heavy rigid trucks","Vic","1947",3
"Heavy rigid trucks","Vic","1948",5
"Heavy rigid trucks","Vic","1949",6
"Heavy rigid trucks","Vic","1950",4
"Heavy rigid trucks","Vic","1951",6
"Heavy rigid trucks","Vic","1952",7
"Heavy rigid trucks","Vic","1953",6
"Heavy rigid trucks","Vic","1954",12
"Heavy rigid trucks","Vic","1955",7
"Heavy rigid trucks","Vic","1956",6
"Heavy rigid trucks","Vic","1957",9
"Heavy rigid trucks","Vic","1958",10
"Heavy rigid trucks","Vic","1959",12
"Heavy rigid trucks","Vic","1960",33
"Heavy rigid trucks","Vic","1961",23
"Heavy rigid trucks","Vic","1962",46
"Heavy rigid trucks","Vic","1963",55
"Heavy rigid trucks","Vic","1964",84
"Heavy rigid trucks","Vic","1965",92
"Heavy rigid trucks","Vic","1966",78
"Heavy rigid trucks","Vic","1967",89
"Heavy rigid trucks","Vic","1968",111
"Heavy rigid trucks","Vic","1969",131
"Heavy rigid trucks","Vic","1970",173
"Heavy rigid trucks","Vic","1971",129
"Heavy rigid trucks","Vic","1972",154
"Heavy rigid trucks","Vic","1973",200
"Heavy rigid trucks","Vic","1974",185
"Heavy rigid trucks","Vic","1975",247
"Heavy rigid trucks","Vic","1976",265
"Heavy rigid trucks","Vic","1977",287
"Heavy rigid trucks","Vic","1978",360
"Heavy rigid trucks","Vic","1979",358
"Heavy rigid trucks","Vic","1980",380
"Heavy rigid trucks","Vic","1981",408
"Heavy rigid trucks","Vic","1982",379
"Heavy rigid trucks","Vic","1983",366
"Heavy rigid trucks","Vic","1984",637
"Heavy rigid trucks","Vic","1985",926
"Heavy rigid trucks","Vic","1986",800
"Heavy rigid trucks","Vic","1987",750
"Heavy rigid trucks","Vic","1988",980
"Heavy rigid trucks","Vic","1989",898
"Heavy rigid trucks","Vic","1990",949
"Heavy rigid trucks","Vic","1991",600
"Heavy rigid trucks","Vic","1992",718
"Heavy rigid trucks","Vic","1993",827
"Heavy rigid trucks","Vic","1994",1062
"Heavy rigid trucks","Vic","1995",997
"Heavy rigid trucks","Vic","1996",941
"Heavy rigid trucks","Vic","1997",1170
"Heavy rigid trucks","Vic","1998",1345
"Heavy rigid trucks","Vic","1999",1431
"Heavy rigid trucks","Vic","2000",1382
"Heavy rigid trucks","Vic","2001",1531
"Heavy rigid trucks","Vic","2002",2000
"Heavy rigid trucks","Vic","2003",2026
"Heavy rigid trucks","Vic","2004",2639
"Heavy rigid trucks","Vic","2005",2919
"Heavy rigid trucks","Vic","2006",2997
"Heavy rigid trucks","Vic","2007",3938
"Heavy rigid trucks","Vic","2008",3055
"Heavy rigid trucks","Vic","2009",2711
"Heavy rigid trucks","Vic","2010",3251
"Heavy rigid trucks","Vic","2011",2022
"Heavy rigid trucks","Vic","2012",2676
"Heavy rigid trucks","Vic","2013",2646
"Heavy rigid trucks","Vic","2014",2826
"Heavy rigid trucks","Vic","2015",3088
"Heavy rigid trucks","Vic","2016",3348
"Heavy rigid trucks","Vic","2017",3581
"Heavy rigid trucks","Vic","2018",4478
"Heavy rigid trucks","Vic","2019",3347
"Heavy rigid trucks","Vic","2020",2850
"Heavy rigid trucks","Vic","2021",5256
"Heavy rigid trucks","Vic","2022",5277
"Heavy rigid trucks","Vic","2023",4110
"Heavy rigid trucks","Vic","2024",1712
"Heavy rigid trucks","Vic","2025",0
"Heavy rigid trucks","Vic","Not stated",8
"Heavy rigid trucks","Qld","1901",0
"Heavy rigid trucks","Qld","1902",0
"Heavy rigid trucks","Qld","1903",0
"Heavy rigid trucks","Qld","1904",0
"Heavy rigid trucks","Qld","1905",0
"Heavy rigid trucks","Qld","1906",0
"Heavy rigid trucks","Qld","1907",0
"Heavy rigid trucks","Qld","1908",0
"Heavy rigid trucks","Qld","1909",0
"Heavy rigid trucks","Qld","1910",0
"Heavy rigid trucks","Qld","1911",0
"Heavy rigid trucks","Qld","1912",0
"Heavy rigid trucks","Qld","1913",0
"Heavy rigid trucks","Qld","1914",0
"Heavy rigid trucks","Qld","1915",0
"Heavy rigid trucks","Qld","1916",0
"Heavy rigid trucks","Qld","1917",0
"Heavy rigid trucks","Qld","1918",3
"Heavy rigid trucks","Qld","1919",0
"Heavy rigid trucks","Qld","1920",0
"Heavy rigid trucks","Qld","1921",0
"Heavy rigid trucks","Qld","1922",3
"Heavy rigid trucks","Qld","1923",0
"Heavy rigid trucks","Qld","1924",0
"Heavy rigid trucks","Qld","1925",0
"Heavy rigid trucks","Qld","1926",3
"Heavy rigid trucks","Qld","1927",0
"Heavy rigid trucks","Qld","1928",0
"Heavy rigid trucks","Qld","1929",0
"Heavy rigid trucks","Qld","1930",0
"Heavy rigid trucks","Qld","1931",0
"Heavy rigid trucks","Qld","1932",0
"Heavy rigid trucks","Qld","1933",0
"Heavy rigid trucks","Qld","1934",0
"Heavy rigid trucks","Qld","1935",0
"Heavy rigid trucks","Qld","1936",0
"Heavy rigid trucks","Qld","1937",0
"Heavy rigid trucks","Qld","1938",0
"Heavy rigid trucks","Qld","1939",0
"Heavy rigid trucks","Qld","1940",3
"Heavy rigid trucks","Qld","1941",4
"Heavy rigid trucks","Qld","1942",5
"Heavy rigid trucks","Qld","1943",5
"Heavy rigid trucks","Qld","1944",4
"Heavy rigid trucks","Qld","1945",11
"Heavy rigid trucks","Qld","1946",4
"Heavy rigid trucks","Qld","1947",3
"Heavy rigid trucks","Qld","1948",4
"Heavy rigid trucks","Qld","1949",3
"Heavy rigid trucks","Qld","1950",4
"Heavy rigid trucks","Qld","1951",0
"Heavy rigid trucks","Qld","1952",6
"Heavy rigid trucks","Qld","1953",3
"Heavy rigid trucks","Qld","1954",3
"Heavy rigid trucks","Qld","1955",5
"Heavy rigid trucks","Qld","1956",13
"Heavy rigid trucks","Qld","1957",5
"Heavy rigid trucks","Qld","1958",4
"Heavy rigid trucks","Qld","1959",14
"Heavy rigid trucks","Qld","1960",11
"Heavy rigid trucks","Qld","1961",7
"Heavy rigid trucks","Qld","1962",12
"Heavy rigid trucks","Qld","1963",18
"Heavy rigid trucks","Qld","1964",29
"Heavy rigid trucks","Qld","1965",21
"Heavy rigid trucks","Qld","1966",36
"Heavy rigid trucks","Qld","1967",36
"Heavy rigid trucks","Qld","1968",40
"Heavy rigid trucks","Qld","1969",41
"Heavy rigid trucks","Qld","1970",87
"Heavy rigid trucks","Qld","1971",63
"Heavy rigid trucks","Qld","1972",64
"Heavy rigid trucks","Qld","1973",62
"Heavy rigid trucks","Qld","1974",106
"Heavy rigid trucks","Qld","1975",97
"Heavy rigid trucks","Qld","1976",137
"Heavy rigid trucks","Qld","1977",134
"Heavy rigid trucks","Qld","1978",111
"Heavy rigid trucks","Qld","1979",192
"Heavy rigid trucks","Qld","1980",276
"Heavy rigid trucks","Qld","1981",335
"Heavy rigid trucks","Qld","1982",314
"Heavy rigid trucks","Qld","1983",291
"Heavy rigid trucks","Qld","1984",432
"Heavy rigid trucks","Qld","1985",733
"Heavy rigid trucks","Qld","1986",528
"Heavy rigid trucks","Qld","1987",482
"Heavy rigid trucks","Qld","1988",757
"Heavy rigid trucks","Qld","1989",838
"Heavy rigid trucks","Qld","1990",745
"Heavy rigid trucks","Qld","1991",534
"Heavy rigid trucks","Qld","1992",659
"Heavy rigid trucks","Qld","1993",729
"Heavy rigid trucks","Qld","1994",952
"Heavy rigid trucks","Qld","1995",862
"Heavy rigid trucks","Qld","1996",887
"Heavy rigid trucks","Qld","1997",995
"Heavy rigid trucks","Qld","1998",1270
"Heavy rigid trucks","Qld","1999",1303
"Heavy rigid trucks","Qld","2000",1294
"Heavy rigid trucks","Qld","2001",1263
"Heavy rigid trucks","Qld","2002",1820
"Heavy rigid trucks","Qld","2003",1741
"Heavy rigid trucks","Qld","2004",2522
"Heavy rigid trucks","Qld","2005",2610
"Heavy rigid trucks","Qld","2006",2990
"Heavy rigid trucks","Qld","2007",4237
"Heavy rigid trucks","Qld","2008",2775
"Heavy rigid trucks","Qld","2009",2461
"Heavy rigid trucks","Qld","2010",2844
"Heavy rigid trucks","Qld","2011",2004
"Heavy rigid trucks","Qld","2012",2763
"Heavy rigid trucks","Qld","2013",2446
"Heavy rigid trucks","Qld","2014",2699
"Heavy rigid trucks","Qld","2015",2703
"Heavy rigid trucks","Qld","2016",2722
"Heavy rigid trucks","Qld","2017",3312
"Heavy rigid trucks","Qld","2018",3904
"Heavy rigid trucks","Qld","2019",3066
"Heavy rigid trucks","Qld","2020",2908
"Heavy rigid trucks","Qld","2021",4863
"Heavy rigid trucks","Qld","2022",5642
"Heavy rigid trucks","Qld","2023",4701
"Heavy rigid trucks","Qld","2024",2126
"Heavy rigid trucks","Qld","2025",0
"Heavy rigid trucks","Qld","Not stated",19
"Heavy rigid trucks","SA","1901",0
"Heavy rigid trucks","SA","1902",0
"Heavy rigid trucks","SA","1903",0
"Heavy rigid trucks","SA","1904",0
"Heavy rigid trucks","SA","1905",0
"Heavy rigid trucks","SA","1906",0
"Heavy rigid trucks","SA","1907",0
"Heavy rigid trucks","SA","1908",0
"Heavy rigid trucks","SA","1909",0
"Heavy rigid trucks","SA","1910",0
"Heavy rigid trucks","SA","1911",0
"Heavy rigid trucks","SA","1912",0
"Heavy rigid trucks","SA","1913",0
"Heavy rigid trucks","SA","1914",0
"Heavy rigid trucks","SA","1915",0
"Heavy rigid trucks","SA","1916",0
"Heavy rigid trucks","SA","1917",0
"Heavy rigid trucks","SA","1918",0
"Heavy rigid trucks","SA","1919",0
"Heavy rigid trucks","SA","1920",0
"Heavy rigid trucks","SA","1921",3
"Heavy rigid trucks","SA","1922",0
"Heavy rigid trucks","SA","1923",3
"Heavy rigid trucks","SA","1924",0
"Heavy rigid trucks","SA","1925",0
"Heavy rigid trucks","SA","1926",0
"Heavy rigid trucks","SA","1927",0
"Heavy rigid trucks","SA","1928",0
"Heavy rigid trucks","SA","1929",0
"Heavy rigid trucks","SA","1930",0
"Heavy rigid trucks","SA","1931",0
"Heavy rigid trucks","SA","1932",0
"Heavy rigid trucks","SA","1933",0
"Heavy rigid trucks","SA","1934",0
"Heavy rigid trucks","SA","1935",3
"Heavy rigid trucks","SA","1936",0
"Heavy rigid trucks","SA","1937",0
"Heavy rigid trucks","SA","1938",0
"Heavy rigid trucks","SA","1939",0
"Heavy rigid trucks","SA","1940",0
"Heavy rigid trucks","SA","1941",0
"Heavy rigid trucks","SA","1942",3
"Heavy rigid trucks","SA","1943",0
"Heavy rigid trucks","SA","1944",3
"Heavy rigid trucks","SA","1945",0
"Heavy rigid trucks","SA","1946",0
"Heavy rigid trucks","SA","1947",3
"Heavy rigid trucks","SA","1948",3
"Heavy rigid trucks","SA","1949",5
"Heavy rigid trucks","SA","1950",3
"Heavy rigid trucks","SA","1951",3
"Heavy rigid trucks","SA","1952",5
"Heavy rigid trucks","SA","1953",8
"Heavy rigid trucks","SA","1954",8
"Heavy rigid trucks","SA","1955",10
"Heavy rigid trucks","SA","1956",16
"Heavy rigid trucks","SA","1957",12
"Heavy rigid trucks","SA","1958",9
"Heavy rigid trucks","SA","1959",10
"Heavy rigid trucks","SA","1960",15
"Heavy rigid trucks","SA","1961",14
"Heavy rigid trucks","SA","1962",19
"Heavy rigid trucks","SA","1963",37
"Heavy rigid trucks","SA","1964",66
"Heavy rigid trucks","SA","1965",52
"Heavy rigid trucks","SA","1966",48
"Heavy rigid trucks","SA","1967",48
"Heavy rigid trucks","SA","1968",72
"Heavy rigid trucks","SA","1969",67
"Heavy rigid trucks","SA","1970",80
"Heavy rigid trucks","SA","1971",57
"Heavy rigid trucks","SA","1972",69
"Heavy rigid trucks","SA","1973",90
"Heavy rigid trucks","SA","1974",124
"Heavy rigid trucks","SA","1975",152
"Heavy rigid trucks","SA","1976",171
"Heavy rigid trucks","SA","1977",147
"Heavy rigid trucks","SA","1978",139
"Heavy rigid trucks","SA","1979",160
"Heavy rigid trucks","SA","1980",202
"Heavy rigid trucks","SA","1981",208
"Heavy rigid trucks","SA","1982",174
"Heavy rigid trucks","SA","1983",185
"Heavy rigid trucks","SA","1984",269
"Heavy rigid trucks","SA","1985",345
"Heavy rigid trucks","SA","1986",272
"Heavy rigid trucks","SA","1987",205
"Heavy rigid trucks","SA","1988",343
"Heavy rigid trucks","SA","1989",296
"Heavy rigid trucks","SA","1990",307
"Heavy rigid trucks","SA","1991",206
"Heavy rigid trucks","SA","1992",187
"Heavy rigid trucks","SA","1993",195
"Heavy rigid trucks","SA","1994",273
"Heavy rigid trucks","SA","1995",252
"Heavy rigid trucks","SA","1996",251
"Heavy rigid trucks","SA","1997",319
"Heavy rigid trucks","SA","1998",379
"Heavy rigid trucks","SA","1999",386
"Heavy rigid trucks","SA","2000",375
"Heavy rigid trucks","SA","2001",347
"Heavy rigid trucks","SA","2002",533
"Heavy rigid trucks","SA","2003",510
"Heavy rigid trucks","SA","2004",726
"Heavy rigid trucks","SA","2005",722
"Heavy rigid trucks","SA","2006",762
"Heavy rigid trucks","SA","2007",1106
"Heavy rigid trucks","SA","2008",800
"Heavy rigid trucks","SA","2009",754
"Heavy rigid trucks","SA","2010",869
"Heavy rigid trucks","SA","2011",523
"Heavy rigid trucks","SA","2012",667
"Heavy rigid trucks","SA","2013",625
"Heavy rigid trucks","SA","2014",777
"Heavy rigid trucks","SA","2015",745
"Heavy rigid trucks","SA","2016",786
"Heavy rigid trucks","SA","2017",877
"Heavy rigid trucks","SA","2018",1134
"Heavy rigid trucks","SA","2019",894
"Heavy rigid trucks","SA","2020",909
"Heavy rigid trucks","SA","2021",1491
"Heavy rigid trucks","SA","2022",1534
"Heavy rigid trucks","SA","2023",1036
"Heavy rigid trucks","SA","2024",485
"Heavy rigid trucks","SA","2025",0
"Heavy rigid trucks","SA","Not stated",3
"Heavy rigid trucks","WA","1901",0
"Heavy rigid trucks","WA","1902",0
"Heavy rigid trucks","WA","1903",0
"Heavy rigid trucks","WA","1904",0
"Heavy rigid trucks","WA","1905",0
"Heavy rigid trucks","WA","1906",0
"Heavy rigid trucks","WA","1907",0
"Heavy rigid trucks","WA","1908",0
"Heavy rigid trucks","WA","1909",0
"Heavy rigid trucks","WA","1910",0
"Heavy rigid trucks","WA","1911",0
"Heavy rigid trucks","WA","1912",0
"Heavy rigid trucks","WA","1913",0
"Heavy rigid trucks","WA","1914",0
"Heavy rigid trucks","WA","1915",0
"Heavy rigid trucks","WA","1916",0
"Heavy rigid trucks","WA","1917",0
"Heavy rigid trucks","WA","1918",0
"Heavy rigid trucks","WA","1919",0
"Heavy rigid trucks","WA","1920",0
"Heavy rigid trucks","WA","1921",0
"Heavy rigid trucks","WA","1922",0
"Heavy rigid trucks","WA","1923",0
"Heavy rigid trucks","WA","1924",0
"Heavy rigid trucks","WA","1925",0
"Heavy rigid trucks","WA","1926",0
"Heavy rigid trucks","WA","1927",0
"Heavy rigid trucks","WA","1928",0
"Heavy rigid trucks","WA","1929",0
"Heavy rigid trucks","WA","1930",0
"Heavy rigid trucks","WA","1931",0
"Heavy rigid trucks","WA","1932",0
"Heavy rigid trucks","WA","1933",0
"Heavy rigid trucks","WA","1934",0
"Heavy rigid trucks","WA","1935",0
"Heavy rigid trucks","WA","1936",0
"Heavy rigid trucks","WA","1937",0
"Heavy rigid trucks","WA","1938",0
"Heavy rigid trucks","WA","1939",0
"Heavy rigid trucks","WA","1940",0
"Heavy rigid trucks","WA","1941",3
"Heavy rigid trucks","WA","1942",4
"Heavy rigid trucks","WA","1943",7
"Heavy rigid trucks","WA","1944",3
"Heavy rigid trucks","WA","1945",3
"Heavy rigid trucks","WA","1946",5
"Heavy rigid trucks","WA","1947",0
"Heavy rigid trucks","WA","1948",3
"Heavy rigid trucks","WA","1949",5
"Heavy rigid trucks","WA","1950",6
"Heavy rigid trucks","WA","1951",0
"Heavy rigid trucks","WA","1952",5
"Heavy rigid trucks","WA","1953",10
"Heavy rigid trucks","WA","1954",6
"Heavy rigid trucks","WA","1955",5
"Heavy rigid trucks","WA","1956",7
"Heavy rigid trucks","WA","1957",9
"Heavy rigid trucks","WA","1958",11
"Heavy rigid trucks","WA","1959",6
"Heavy rigid trucks","WA","1960",8
"Heavy rigid trucks","WA","1961",8
"Heavy rigid trucks","WA","1962",27
"Heavy rigid trucks","WA","1963",31
"Heavy rigid trucks","WA","1964",35
"Heavy rigid trucks","WA","1965",57
"Heavy rigid trucks","WA","1966",67
"Heavy rigid trucks","WA","1967",73
"Heavy rigid trucks","WA","1968",95
"Heavy rigid trucks","WA","1969",88
"Heavy rigid trucks","WA","1970",110
"Heavy rigid trucks","WA","1971",91
"Heavy rigid trucks","WA","1972",115
"Heavy rigid trucks","WA","1973",151
"Heavy rigid trucks","WA","1974",193
"Heavy rigid trucks","WA","1975",260
"Heavy rigid trucks","WA","1976",407
"Heavy rigid trucks","WA","1977",314
"Heavy rigid trucks","WA","1978",297
"Heavy rigid trucks","WA","1979",338
"Heavy rigid trucks","WA","1980",444
"Heavy rigid trucks","WA","1981",455
"Heavy rigid trucks","WA","1982",467
"Heavy rigid trucks","WA","1983",390
"Heavy rigid trucks","WA","1984",557
"Heavy rigid trucks","WA","1985",875
"Heavy rigid trucks","WA","1986",595
"Heavy rigid trucks","WA","1987",604
"Heavy rigid trucks","WA","1988",900
"Heavy rigid trucks","WA","1989",866
"Heavy rigid trucks","WA","1990",749
"Heavy rigid trucks","WA","1991",490
"Heavy rigid trucks","WA","1992",635
"Heavy rigid trucks","WA","1993",660
"Heavy rigid trucks","WA","1994",877
"Heavy rigid trucks","WA","1995",773
"Heavy rigid trucks","WA","1996",810
"Heavy rigid trucks","WA","1997",840
"Heavy rigid trucks","WA","1998",1019
"Heavy rigid trucks","WA","1999",957
"Heavy rigid trucks","WA","2000",1000
"Heavy rigid trucks","WA","2001",889
"Heavy rigid trucks","WA","2002",1226
"Heavy rigid trucks","WA","2003",1199
"Heavy rigid trucks","WA","2004",1548
"Heavy rigid trucks","WA","2005",1827
"Heavy rigid trucks","WA","2006",2205
"Heavy rigid trucks","WA","2007",3012
"Heavy rigid trucks","WA","2008",2356
"Heavy rigid trucks","WA","2009",1725
"Heavy rigid trucks","WA","2010",2401
"Heavy rigid trucks","WA","2011",1689
"Heavy rigid trucks","WA","2012",2845
"Heavy rigid trucks","WA","2013",1898
"Heavy rigid trucks","WA","2014",1790
"Heavy rigid trucks","WA","2015",1553
"Heavy rigid trucks","WA","2016",1351
"Heavy rigid trucks","WA","2017",1476
"Heavy rigid trucks","WA","2018",1902
"Heavy rigid trucks","WA","2019",1721
"Heavy rigid trucks","WA","2020",1925
"Heavy rigid trucks","WA","2021",3052
"Heavy rigid trucks","WA","2022",2952
"Heavy rigid trucks","WA","2023",2574
"Heavy rigid trucks","WA","2024",1302
"Heavy rigid trucks","WA","2025",0
"Heavy rigid trucks","WA","Not stated",0
"Heavy rigid trucks","Tas","1901",0
"Heavy rigid trucks","Tas","1902",0
"Heavy rigid trucks","Tas","1903",0
"Heavy rigid trucks","Tas","1904",0
"Heavy rigid trucks","Tas","1905",0
"Heavy rigid trucks","Tas","1906",0
"Heavy rigid trucks","Tas","1907",3
"Heavy rigid trucks","Tas","1908",0
"Heavy rigid trucks","Tas","1909",0
"Heavy rigid trucks","Tas","1910",0
"Heavy rigid trucks","Tas","1911",0
"Heavy rigid trucks","Tas","1912",0
"Heavy rigid trucks","Tas","1913",0
"Heavy rigid trucks","Tas","1914",0
"Heavy rigid trucks","Tas","1915",0
"Heavy rigid trucks","Tas","1916",0
"Heavy rigid trucks","Tas","1917",0
"Heavy rigid trucks","Tas","1918",0
"Heavy rigid trucks","Tas","1919",0
"Heavy rigid trucks","Tas","1920",0
"Heavy rigid trucks","Tas","1921",0
"Heavy rigid trucks","Tas","1922",0
"Heavy rigid trucks","Tas","1923",0
"Heavy rigid trucks","Tas","1924",0
"Heavy rigid trucks","Tas","1925",0
"Heavy rigid trucks","Tas","1926",0
"Heavy rigid trucks","Tas","1927",0
"Heavy rigid trucks","Tas","1928",0
"Heavy rigid trucks","Tas","1929",0
"Heavy rigid trucks","Tas","1930",0
"Heavy rigid trucks","Tas","1931",0
"Heavy rigid trucks","Tas","1932",0
"Heavy rigid trucks","Tas","1933",0
"Heavy rigid trucks","Tas","1934",0
"Heavy rigid trucks","Tas","1935",0
"Heavy rigid trucks","Tas","1936",0
"Heavy rigid trucks","Tas","1937",0
"Heavy rigid trucks","Tas","1938",0
"Heavy rigid trucks","Tas","1939",0
"Heavy rigid trucks","Tas","1940",0
"Heavy rigid trucks","Tas","1941",0
"Heavy rigid trucks","Tas","1942",0
"Heavy rigid trucks","Tas","1943",3
"Heavy rigid trucks","Tas","1944",0
"Heavy rigid trucks","Tas","1945",0
"Heavy rigid trucks","Tas","1946",0
"Heavy rigid trucks","Tas","1947",3
"Heavy rigid trucks","Tas","1948",0
"Heavy rigid trucks","Tas","1949",0
"Heavy rigid trucks","Tas","1950",0
"Heavy rigid trucks","Tas","1951",0
"Heavy rigid trucks","Tas","1952",0
"Heavy rigid trucks","Tas","1953",0
"Heavy rigid trucks","Tas","1954",0
"Heavy rigid trucks","Tas","1955",0
"Heavy rigid trucks","Tas","1956",0
"Heavy rigid trucks","Tas","1957",0
"Heavy rigid trucks","Tas","1958",0
"Heavy rigid trucks","Tas","1959",0
"Heavy rigid trucks","Tas","1960",3
"Heavy rigid trucks","Tas","1961",0
"Heavy rigid trucks","Tas","1962",3
"Heavy rigid trucks","Tas","1963",0
"Heavy rigid trucks","Tas","1964",3
"Heavy rigid trucks","Tas","1965",3
"Heavy rigid trucks","Tas","1966",6
"Heavy rigid trucks","Tas","1967",3
"Heavy rigid trucks","Tas","1968",7
"Heavy rigid trucks","Tas","1969",5
"Heavy rigid trucks","Tas","1970",6
"Heavy rigid trucks","Tas","1971",5
"Heavy rigid trucks","Tas","1972",6
"Heavy rigid trucks","Tas","1973",6
"Heavy rigid trucks","Tas","1974",14
"Heavy rigid trucks","Tas","1975",11
"Heavy rigid trucks","Tas","1976",23
"Heavy rigid trucks","Tas","1977",30
"Heavy rigid trucks","Tas","1978",37
"Heavy rigid trucks","Tas","1979",49
"Heavy rigid trucks","Tas","1980",65
"Heavy rigid trucks","Tas","1981",49
"Heavy rigid trucks","Tas","1982",70
"Heavy rigid trucks","Tas","1983",65
"Heavy rigid trucks","Tas","1984",150
"Heavy rigid trucks","Tas","1985",229
"Heavy rigid trucks","Tas","1986",158
"Heavy rigid trucks","Tas","1987",156
"Heavy rigid trucks","Tas","1988",206
"Heavy rigid trucks","Tas","1989",217
"Heavy rigid trucks","Tas","1990",196
"Heavy rigid trucks","Tas","1991",107
"Heavy rigid trucks","Tas","1992",123
"Heavy rigid trucks","Tas","1993",125
"Heavy rigid trucks","Tas","1994",210
"Heavy rigid trucks","Tas","1995",184
"Heavy rigid trucks","Tas","1996",154
"Heavy rigid trucks","Tas","1997",172
"Heavy rigid trucks","Tas","1998",203
"Heavy rigid trucks","Tas","1999",202
"Heavy rigid trucks","Tas","2000",200
"Heavy rigid trucks","Tas","2001",180
"Heavy rigid trucks","Tas","2002",284
"Heavy rigid trucks","Tas","2003",262
"Heavy rigid trucks","Tas","2004",361
"Heavy rigid trucks","Tas","2005",349
"Heavy rigid trucks","Tas","2006",361
"Heavy rigid trucks","Tas","2007",479
"Heavy rigid trucks","Tas","2008",357
"Heavy rigid trucks","Tas","2009",304
"Heavy rigid trucks","Tas","2010",366
"Heavy rigid trucks","Tas","2011",194
"Heavy rigid trucks","Tas","2012",217
"Heavy rigid trucks","Tas","2013",280
"Heavy rigid trucks","Tas","2014",261
"Heavy rigid trucks","Tas","2015",298
"Heavy rigid trucks","Tas","2016",321
"Heavy rigid trucks","Tas","2017",323
"Heavy rigid trucks","Tas","2018",385
"Heavy rigid trucks","Tas","2019",344
"Heavy rigid trucks","Tas","2020",294
"Heavy rigid trucks","Tas","2021",451
"Heavy rigid trucks","Tas","2022",364
"Heavy rigid trucks","Tas","2023",354
"Heavy rigid trucks","Tas","2024",143
"Heavy rigid trucks","Tas","2025",0
"Heavy rigid trucks","Tas","Not stated",0
"Heavy rigid trucks","NT","1901",0
"Heavy rigid trucks","NT","1902",0
"Heavy rigid trucks","NT","1903",0
"Heavy rigid trucks","NT","1904",0
"Heavy rigid trucks","NT","1905",0
"Heavy rigid trucks","NT","1906",0
"Heavy rigid trucks","NT","1907",0
"Heavy rigid trucks","NT","1908",0
"Heavy rigid trucks","NT","1909",0
"Heavy rigid trucks","NT","1910",0
"Heavy rigid trucks","NT","1911",0
"Heavy rigid trucks","NT","1912",0
"Heavy rigid trucks","NT","1913",0
"Heavy rigid trucks","NT","1914",0
"Heavy rigid trucks","NT","1915",0
"Heavy rigid trucks","NT","1916",0
"Heavy rigid trucks","NT","1917",0
"Heavy rigid trucks","NT","1918",0
"Heavy rigid trucks","NT","1919",0
"Heavy rigid trucks","NT","1920",0
"Heavy rigid trucks","NT","1921",0
"Heavy rigid trucks","NT","1922",0
"Heavy rigid trucks","NT","1923",0
"Heavy rigid trucks","NT","1924",0
"Heavy rigid trucks","NT","1925",0
"Heavy rigid trucks","NT","1926",0
"Heavy rigid trucks","NT","1927",0
"Heavy rigid trucks","NT","1928",0
"Heavy rigid trucks","NT","1929",0
"Heavy rigid trucks","NT","1930",0
"Heavy rigid trucks","NT","1931",0
"Heavy rigid trucks","NT","1932",0
"Heavy rigid trucks","NT","1933",0
"Heavy rigid trucks","NT","1934",0
"Heavy rigid trucks","NT","1935",0
"Heavy rigid trucks","NT","1936",0
"Heavy rigid trucks","NT","1937",0
"Heavy rigid trucks","NT","1938",0
"Heavy rigid trucks","NT","1939",0
"Heavy rigid trucks","NT","1940",0
"Heavy rigid trucks","NT","1941",0
"Heavy rigid trucks","NT","1942",0
"Heavy rigid trucks","NT","1943",0
"Heavy rigid trucks","NT","1944",0
"Heavy rigid trucks","NT","1945",0
"Heavy rigid trucks","NT","1946",0
"Heavy rigid trucks","NT","1947",0
"Heavy rigid trucks","NT","1948",0
"Heavy rigid trucks","NT","1949",0
"Heavy rigid trucks","NT","1950",0
"Heavy rigid trucks","NT","1951",0
"Heavy rigid trucks","NT","1952",0
"Heavy rigid trucks","NT","1953",0
"Heavy rigid trucks","NT","1954",0
"Heavy rigid trucks","NT","1955",0
"Heavy rigid trucks","NT","1956",0
"Heavy rigid trucks","NT","1957",0
"Heavy rigid trucks","NT","1958",0
"Heavy rigid trucks","NT","1959",0
"Heavy rigid trucks","NT","1960",0
"Heavy rigid trucks","NT","1961",0
"Heavy rigid trucks","NT","1962",0
"Heavy rigid trucks","NT","1963",0
"Heavy rigid trucks","NT","1964",0
"Heavy rigid trucks","NT","1965",3
"Heavy rigid trucks","NT","1966",0
"Heavy rigid trucks","NT","1967",0
"Heavy rigid trucks","NT","1968",0
"Heavy rigid trucks","NT","1969",0
"Heavy rigid trucks","NT","1970",0
"Heavy rigid trucks","NT","1971",0
"Heavy rigid trucks","NT","1972",3
"Heavy rigid trucks","NT","1973",0
"Heavy rigid trucks","NT","1974",3
"Heavy rigid trucks","NT","1975",3
"Heavy rigid trucks","NT","1976",3
"Heavy rigid trucks","NT","1977",4
"Heavy rigid trucks","NT","1978",0
"Heavy rigid trucks","NT","1979",3
"Heavy rigid trucks","NT","1980",7
"Heavy rigid trucks","NT","1981",4
"Heavy rigid trucks","NT","1982",8
"Heavy rigid trucks","NT","1983",13
"Heavy rigid trucks","NT","1984",12
"Heavy rigid trucks","NT","1985",21
"Heavy rigid trucks","NT","1986",24
"Heavy rigid trucks","NT","1987",25
"Heavy rigid trucks","NT","1988",45
"Heavy rigid trucks","NT","1989",39
"Heavy rigid trucks","NT","1990",35
"Heavy rigid trucks","NT","1991",26
"Heavy rigid trucks","NT","1992",35
"Heavy rigid trucks","NT","1993",44
"Heavy rigid trucks","NT","1994",64
"Heavy rigid trucks","NT","1995",48
"Heavy rigid trucks","NT","1996",61
"Heavy rigid trucks","NT","1997",84
"Heavy rigid trucks","NT","1998",76
"Heavy rigid trucks","NT","1999",90
"Heavy rigid trucks","NT","2000",93
"Heavy rigid trucks","NT","2001",92
"Heavy rigid trucks","NT","2002",96
"Heavy rigid trucks","NT","2003",100
"Heavy rigid trucks","NT","2004",135
"Heavy rigid trucks","NT","2005",172
"Heavy rigid trucks","NT","2006",185
"Heavy rigid trucks","NT","2007",272
"Heavy rigid trucks","NT","2008",250
"Heavy rigid trucks","NT","2009",185
"Heavy rigid trucks","NT","2010",221
"Heavy rigid trucks","NT","2011",139
"Heavy rigid trucks","NT","2012",195
"Heavy rigid trucks","NT","2013",169
"Heavy rigid trucks","NT","2014",183
"Heavy rigid trucks","NT","2015",163
"Heavy rigid trucks","NT","2016",152
"Heavy rigid trucks","NT","2017",160
"Heavy rigid trucks","NT","2018",203
"Heavy rigid trucks","NT","2019",166
"Heavy rigid trucks","NT","2020",131
"Heavy rigid trucks","NT","2021",248
"Heavy rigid trucks","NT","2022",252
"Heavy rigid trucks","NT","2023",213
"Heavy rigid trucks","NT","2024",97
"Heavy rigid trucks","NT","2025",0
"Heavy rigid trucks","NT","Not stated",0
"Heavy rigid trucks","ACT","1901",0
"Heavy rigid trucks","ACT","1902",0
"Heavy rigid trucks","ACT","1903",0
"Heavy rigid trucks","ACT","1904",0
"Heavy rigid trucks","ACT","1905",0
"Heavy rigid trucks","ACT","1906",0
"Heavy rigid trucks","ACT","1907",0
"Heavy rigid trucks","ACT","1908",0
"Heavy rigid trucks","ACT","1909",0
"Heavy rigid trucks","ACT","1910",0
"Heavy rigid trucks","ACT","1911",0
"Heavy rigid trucks","ACT","1912",0
"Heavy rigid trucks","ACT","1913",0
"Heavy rigid trucks","ACT","1914",0
"Heavy rigid trucks","ACT","1915",0
"Heavy rigid trucks","ACT","1916",0
"Heavy rigid trucks","ACT","1917",0
"Heavy rigid trucks","ACT","1918",0
"Heavy rigid trucks","ACT","1919",0
"Heavy rigid trucks","ACT","1920",0
"Heavy rigid trucks","ACT","1921",0
"Heavy rigid trucks","ACT","1922",0
"Heavy rigid trucks","ACT","1923",0
"Heavy rigid trucks","ACT","1924",0
"Heavy rigid trucks","ACT","1925",0
"Heavy rigid trucks","ACT","1926",0
"Heavy rigid trucks","ACT","1927",0
"Heavy rigid trucks","ACT","1928",0
"Heavy rigid trucks","ACT","1929",0
"Heavy rigid trucks","ACT","1930",0
"Heavy rigid trucks","ACT","1931",0
"Heavy rigid trucks","ACT","1932",0
"Heavy rigid trucks","ACT","1933",0
"Heavy rigid trucks","ACT","1934",0
"Heavy rigid trucks","ACT","1935",0
"Heavy rigid trucks","ACT","1936",0
"Heavy rigid trucks","ACT","1937",0
"Heavy rigid trucks","ACT","1938",0
"Heavy rigid trucks","ACT","1939",0
"Heavy rigid trucks","ACT","1940",0
"Heavy rigid trucks","ACT","1941",0
"Heavy rigid trucks","ACT","1942",0
"Heavy rigid trucks","ACT","1943",0
"Heavy rigid trucks","ACT","1944",0
"Heavy rigid trucks","ACT","1945",0
"Heavy rigid trucks","ACT","1946",0
"Heavy rigid trucks","ACT","1947",0
"Heavy rigid trucks","ACT","1948",0
"Heavy rigid trucks","ACT","1949",0
"Heavy rigid trucks","ACT","1950",0
"Heavy rigid trucks","ACT","1951",0
"Heavy rigid trucks","ACT","1952",0
"Heavy rigid trucks","ACT","1953",0
"Heavy rigid trucks","ACT","1954",0
"Heavy rigid trucks","ACT","1955",0
"Heavy rigid trucks","ACT","1956",0
"Heavy rigid trucks","ACT","1957",0
"Heavy rigid trucks","ACT","1958",0
"Heavy rigid trucks","ACT","1959",0
"Heavy rigid trucks","ACT","1960",0
"Heavy rigid trucks","ACT","1961",0
"Heavy rigid trucks","ACT","1962",0
"Heavy rigid trucks","ACT","1963",0
"Heavy rigid trucks","ACT","1964",0
"Heavy rigid trucks","ACT","1965",0
"Heavy rigid trucks","ACT","1966",0
"Heavy rigid trucks","ACT","1967",0
"Heavy rigid trucks","ACT","1968",0
"Heavy rigid trucks","ACT","1969",0
"Heavy rigid trucks","ACT","1970",0
"Heavy rigid trucks","ACT","1971",0
"Heavy rigid trucks","ACT","1972",0
"Heavy rigid trucks","ACT","1973",0
"Heavy rigid trucks","ACT","1974",0
"Heavy rigid trucks","ACT","1975",0
"Heavy rigid trucks","ACT","1976",0
"Heavy rigid trucks","ACT","1977",0
"Heavy rigid trucks","ACT","1978",0
"Heavy rigid trucks","ACT","1979",0
"Heavy rigid trucks","ACT","1980",0
"Heavy rigid trucks","ACT","1981",0
"Heavy rigid trucks","ACT","1982",0
"Heavy rigid trucks","ACT","1983",4
"Heavy rigid trucks","ACT","1984",3
"Heavy rigid trucks","ACT","1985",5
"Heavy rigid trucks","ACT","1986",3
"Heavy rigid trucks","ACT","1987",7
"Heavy rigid trucks","ACT","1988",4
"Heavy rigid trucks","ACT","1989",8
"Heavy rigid trucks","ACT","1990",8
"Heavy rigid trucks","ACT","1991",0
"Heavy rigid trucks","ACT","1992",10
"Heavy rigid trucks","ACT","1993",5
"Heavy rigid trucks","ACT","1994",12
"Heavy rigid trucks","ACT","1995",9
"Heavy rigid trucks","ACT","1996",10
"Heavy rigid trucks","ACT","1997",12
"Heavy rigid trucks","ACT","1998",13
"Heavy rigid trucks","ACT","1999",14
"Heavy rigid trucks","ACT","2000",24
"Heavy rigid trucks","ACT","2001",23
"Heavy rigid trucks","ACT","2002",38
"Heavy rigid trucks","ACT","2003",22
"Heavy rigid trucks","ACT","2004",47
"Heavy rigid trucks","ACT","2005",46
"Heavy rigid trucks","ACT","2006",53
"Heavy rigid trucks","ACT","2007",85
"Heavy rigid trucks","ACT","2008",50
"Heavy rigid trucks","ACT","2009",51
"Heavy rigid trucks","ACT","2010",61
"Heavy rigid trucks","ACT","2011",51
"Heavy rigid trucks","ACT","2012",40
"Heavy rigid trucks","ACT","2013",81
"Heavy rigid trucks","ACT","2014",57
"Heavy rigid trucks","ACT","2015",80
"Heavy rigid trucks","ACT","2016",82
"Heavy rigid trucks","ACT","2017",76
"Heavy rigid trucks","ACT","2018",94
"Heavy rigid trucks","ACT","2019",113
"Heavy rigid trucks","ACT","2020",93
"Heavy rigid trucks","ACT","2021",116
"Heavy rigid trucks","ACT","2022",136
"Heavy rigid trucks","ACT","2023",80
"Heavy rigid trucks","ACT","2024",41
"Heavy rigid trucks","ACT","2025",0
"Heavy rigid trucks","ACT","Not stated",0
"Articulated trucks","NSW","1901",0
"Articulated trucks","NSW","1902",0
"Articulated trucks","NSW","1903",0
"Articulated trucks","NSW","1904",0
"Articulated trucks","NSW","1905",0
"Articulated trucks","NSW","1906",0
"Articulated trucks","NSW","1907",0
"Articulated trucks","NSW","1908",0
"Articulated trucks","NSW","1909",0
"Articulated trucks","NSW","1910",0
"Articulated trucks","NSW","1911",0
"Articulated trucks","NSW","1912",0
"Articulated trucks","NSW","1913",0
"Articulated trucks","NSW","1914",0
"Articulated trucks","NSW","1915",0
"Articulated trucks","NSW","1916",0
"Articulated trucks","NSW","1917",0
"Articulated trucks","NSW","1918",0
"Articulated trucks","NSW","1919",0
"Articulated trucks","NSW","1920",0
"Articulated trucks","NSW","1921",0
"Articulated trucks","NSW","1922",0
"Articulated trucks","NSW","1923",0
"Articulated trucks","NSW","1924",0
"Articulated trucks","NSW","1925",0
"Articulated trucks","NSW","1926",0
"Articulated trucks","NSW","1927",0
"Articulated trucks","NSW","1928",0
"Articulated trucks","NSW","1929",0
"Articulated trucks","NSW","1930",0
"Articulated trucks","NSW","1931",0
"Articulated trucks","NSW","1932",0
"Articulated trucks","NSW","1933",0
"Articulated trucks","NSW","1934",0
"Articulated trucks","NSW","1935",0
"Articulated trucks","NSW","1936",0
"Articulated trucks","NSW","1937",0
"Articulated trucks","NSW","1938",0
"Articulated trucks","NSW","1939",0
"Articulated trucks","NSW","1940",0
"Articulated trucks","NSW","1941",0
"Articulated trucks","NSW","1942",0
"Articulated trucks","NSW","1943",0
"Articulated trucks","NSW","1944",0
"Articulated trucks","NSW","1945",0
"Articulated trucks","NSW","1946",0
"Articulated trucks","NSW","1947",0
"Articulated trucks","NSW","1948",0
"Articulated trucks","NSW","1949",0
"Articulated trucks","NSW","1950",0
"Articulated trucks","NSW","1951",0
"Articulated trucks","NSW","1952",0
"Articulated trucks","NSW","1953",0
"Articulated trucks","NSW","1954",0
"Articulated trucks","NSW","1955",0
"Articulated trucks","NSW","1956",0
"Articulated trucks","NSW","1957",0
"Articulated trucks","NSW","1958",0
"Articulated trucks","NSW","1959",0
"Articulated trucks","NSW","1960",0
"Articulated trucks","NSW","1961",0
"Articulated trucks","NSW","1962",0
"Articulated trucks","NSW","1963",3
"Articulated trucks","NSW","1964",0
"Articulated trucks","NSW","1965",0
"Articulated trucks","NSW","1966",3
"Articulated trucks","NSW","1967",0
"Articulated trucks","NSW","1968",0
"Articulated trucks","NSW","1969",0
"Articulated trucks","NSW","1970",3
"Articulated trucks","NSW","1971",3
"Articulated trucks","NSW","1972",0
"Articulated trucks","NSW","1973",4
"Articulated trucks","NSW","1974",3
"Articulated trucks","NSW","1975",7
"Articulated trucks","NSW","1976",11
"Articulated trucks","NSW","1977",12
"Articulated trucks","NSW","1978",17
"Articulated trucks","NSW","1979",34
"Articulated trucks","NSW","1980",37
"Articulated trucks","NSW","1981",38
"Articulated trucks","NSW","1982",34
"Articulated trucks","NSW","1983",20
"Articulated trucks","NSW","1984",61
"Articulated trucks","NSW","1985",93
"Articulated trucks","NSW","1986",72
"Articulated trucks","NSW","1987",58
"Articulated trucks","NSW","1988",104
"Articulated trucks","NSW","1989",143
"Articulated trucks","NSW","1990",96
"Articulated trucks","NSW","1991",49
"Articulated trucks","NSW","1992",66
"Articulated trucks","NSW","1993",164
"Articulated trucks","NSW","1994",230
"Articulated trucks","NSW","1995",240
"Articulated trucks","NSW","1996",225
"Articulated trucks","NSW","1997",257
"Articulated trucks","NSW","1998",366
"Articulated trucks","NSW","1999",336
"Articulated trucks","NSW","2000",299
"Articulated trucks","NSW","2001",294
"Articulated trucks","NSW","2002",408
"Articulated trucks","NSW","2003",546
"Articulated trucks","NSW","2004",749
"Articulated trucks","NSW","2005",758
"Articulated trucks","NSW","2006",720
"Articulated trucks","NSW","2007",1309
"Articulated trucks","NSW","2008",649
"Articulated trucks","NSW","2009",518
"Articulated trucks","NSW","2010",1009
"Articulated trucks","NSW","2011",629
"Articulated trucks","NSW","2012",1007
"Articulated trucks","NSW","2013",1181
"Articulated trucks","NSW","2014",1143
"Articulated trucks","NSW","2015",1139
"Articulated trucks","NSW","2016",1044
"Articulated trucks","NSW","2017",1345
"Articulated trucks","NSW","2018",1563
"Articulated trucks","NSW","2019",1315
"Articulated trucks","NSW","2020",1248
"Articulated trucks","NSW","2021",1775
"Articulated trucks","NSW","2022",1939
"Articulated trucks","NSW","2023",2340
"Articulated trucks","NSW","2024",952
"Articulated trucks","NSW","2025",0
"Articulated trucks","NSW","Not stated",0
"Articulated trucks","Vic","1901",0
"Articulated trucks","Vic","1902",0
"Articulated trucks","Vic","1903",0
"Articulated trucks","Vic","1904",0
"Articulated trucks","Vic","1905",0
"Articulated trucks","Vic","1906",0
"Articulated trucks","Vic","1907",0
"Articulated trucks","Vic","1908",0
"Articulated trucks","Vic","1909",0
"Articulated trucks","Vic","1910",0
"Articulated trucks","Vic","1911",0
"Articulated trucks","Vic","1912",0
"Articulated trucks","Vic","1913",0
"Articulated trucks","Vic","1914",0
"Articulated trucks","Vic","1915",0
"Articulated trucks","Vic","1916",0
"Articulated trucks","Vic","1917",0
"Articulated trucks","Vic","1918",0
"Articulated trucks","Vic","1919",0
"Articulated trucks","Vic","1920",0
"Articulated trucks","Vic","1921",0
"Articulated trucks","Vic","1922",0
"Articulated trucks","Vic","1923",0
"Articulated trucks","Vic","1924",0
"Articulated trucks","Vic","1925",0
"Articulated trucks","Vic","1926",0
"Articulated trucks","Vic","1927",0
"Articulated trucks","Vic","1928",0
"Articulated trucks","Vic","1929",0
"Articulated trucks","Vic","1930",0
"Articulated trucks","Vic","1931",0
"Articulated trucks","Vic","1932",0
"Articulated trucks","Vic","1933",0
"Articulated trucks","Vic","1934",0
"Articulated trucks","Vic","1935",0
"Articulated trucks","Vic","1936",0
"Articulated trucks","Vic","1937",0
"Articulated trucks","Vic","1938",0
"Articulated trucks","Vic","1939",0
"Articulated trucks","Vic","1940",0
"Articulated trucks","Vic","1941",0
"Articulated trucks","Vic","1942",0
"Articulated trucks","Vic","1943",0
"Articulated trucks","Vic","1944",0
"Articulated trucks","Vic","1945",0
"Articulated trucks","Vic","1946",0
"Articulated trucks","Vic","1947",0
"Articulated trucks","Vic","1948",0
"Articulated trucks","Vic","1949",0
"Articulated trucks","Vic","1950",0
"Articulated trucks","Vic","1951",0
"Articulated trucks","Vic","1952",0
"Articulated trucks","Vic","1953",0
"Articulated trucks","Vic","1954",0
"Articulated trucks","Vic","1955",0
"Articulated trucks","Vic","1956",0
"Articulated trucks","Vic","1957",0
"Articulated trucks","Vic","1958",0
"Articulated trucks","Vic","1959",0
"Articulated trucks","Vic","1960",0
"Articulated trucks","Vic","1961",3
"Articulated trucks","Vic","1962",0
"Articulated trucks","Vic","1963",3
"Articulated trucks","Vic","1964",7
"Articulated trucks","Vic","1965",3
"Articulated trucks","Vic","1966",5
"Articulated trucks","Vic","1967",3
"Articulated trucks","Vic","1968",7
"Articulated trucks","Vic","1969",14
"Articulated trucks","Vic","1970",26
"Articulated trucks","Vic","1971",17
"Articulated trucks","Vic","1972",15
"Articulated trucks","Vic","1973",31
"Articulated trucks","Vic","1974",28
"Articulated trucks","Vic","1975",33
"Articulated trucks","Vic","1976",67
"Articulated trucks","Vic","1977",74
"Articulated trucks","Vic","1978",66
"Articulated trucks","Vic","1979",96
"Articulated trucks","Vic","1980",90
"Articulated trucks","Vic","1981",90
"Articulated trucks","Vic","1982",83
"Articulated trucks","Vic","1983",56
"Articulated trucks","Vic","1984",97
"Articulated trucks","Vic","1985",174
"Articulated trucks","Vic","1986",151
"Articulated trucks","Vic","1987",127
"Articulated trucks","Vic","1988",186
"Articulated trucks","Vic","1989",185
"Articulated trucks","Vic","1990",161
"Articulated trucks","Vic","1991",72
"Articulated trucks","Vic","1992",128
"Articulated trucks","Vic","1993",273
"Articulated trucks","Vic","1994",422
"Articulated trucks","Vic","1995",371
"Articulated trucks","Vic","1996",313
"Articulated trucks","Vic","1997",375
"Articulated trucks","Vic","1998",481
"Articulated trucks","Vic","1999",391
"Articulated trucks","Vic","2000",378
"Articulated trucks","Vic","2001",372
"Articulated trucks","Vic","2002",491
"Articulated trucks","Vic","2003",722
"Articulated trucks","Vic","2004",790
"Articulated trucks","Vic","2005",871
"Articulated trucks","Vic","2006",831
"Articulated trucks","Vic","2007",1518
"Articulated trucks","Vic","2008",777
"Articulated trucks","Vic","2009",605
"Articulated trucks","Vic","2010",1043
"Articulated trucks","Vic","2011",638
"Articulated trucks","Vic","2012",1079
"Articulated trucks","Vic","2013",1249
"Articulated trucks","Vic","2014",1263
"Articulated trucks","Vic","2015",1144
"Articulated trucks","Vic","2016",1200
"Articulated trucks","Vic","2017",1651
"Articulated trucks","Vic","2018",1994
"Articulated trucks","Vic","2019",1654
"Articulated trucks","Vic","2020",1623
"Articulated trucks","Vic","2021",2276
"Articulated trucks","Vic","2022",2759
"Articulated trucks","Vic","2023",3105
"Articulated trucks","Vic","2024",1140
"Articulated trucks","Vic","2025",0
"Articulated trucks","Vic","Not stated",0
"Articulated trucks","Qld","1901",0
"Articulated trucks","Qld","1902",0
"Articulated trucks","Qld","1903",0
"Articulated trucks","Qld","1904",0
"Articulated trucks","Qld","1905",0
"Articulated trucks","Qld","1906",0
"Articulated trucks","Qld","1907",0
"Articulated trucks","Qld","1908",0
"Articulated trucks","Qld","1909",0
"Articulated trucks","Qld","1910",0
"Articulated trucks","Qld","1911",0
"Articulated trucks","Qld","1912",0
"Articulated trucks","Qld","1913",0
"Articulated trucks","Qld","1914",0
"Articulated trucks","Qld","1915",0
"Articulated trucks","Qld","1916",0
"Articulated trucks","Qld","1917",0
"Articulated trucks","Qld","1918",0
"Articulated trucks","Qld","1919",0
"Articulated trucks","Qld","1920",0
"Articulated trucks","Qld","1921",0
"Articulated trucks","Qld","1922",0
"Articulated trucks","Qld","1923",0
"Articulated trucks","Qld","1924",0
"Articulated trucks","Qld","1925",0
"Articulated trucks","Qld","1926",0
"Articulated trucks","Qld","1927",0
"Articulated trucks","Qld","1928",0
"Articulated trucks","Qld","1929",0
"Articulated trucks","Qld","1930",0
"Articulated trucks","Qld","1931",0
"Articulated trucks","Qld","1932",0
"Articulated trucks","Qld","1933",0
"Articulated trucks","Qld","1934",0
"Articulated trucks","Qld","1935",0
"Articulated trucks","Qld","1936",0
"Articulated trucks","Qld","1937",0
"Articulated trucks","Qld","1938",0
"Articulated trucks","Qld","1939",0
"Articulated trucks","Qld","1940",0
"Articulated trucks","Qld","1941",0
"Articulated trucks","Qld","1942",0
"Articulated trucks","Qld","1943",0
"Articulated trucks","Qld","1944",0
"Articulated trucks","Qld","1945",3
"Articulated trucks","Qld","1946",0
"Articulated trucks","Qld","1947",0
"Articulated trucks","Qld","1948",0
"Articulated trucks","Qld","1949",0
"Articulated trucks","Qld","1950",0
"Articulated trucks","Qld","1951",0
"Articulated trucks","Qld","1952",0
"Articulated trucks","Qld","1953",0
"Articulated trucks","Qld","1954",0
"Articulated trucks","Qld","1955",0
"Articulated trucks","Qld","1956",0
"Articulated trucks","Qld","1957",0
"Articulated trucks","Qld","1958",0
"Articulated trucks","Qld","1959",3
"Articulated trucks","Qld","1960",4
"Articulated trucks","Qld","1961",0
"Articulated trucks","Qld","1962",5
"Articulated trucks","Qld","1963",4
"Articulated trucks","Qld","1964",22
"Articulated trucks","Qld","1965",9
"Articulated trucks","Qld","1966",12
"Articulated trucks","Qld","1967",4
"Articulated trucks","Qld","1968",9
"Articulated trucks","Qld","1969",10
"Articulated trucks","Qld","1970",7
"Articulated trucks","Qld","1971",10
"Articulated trucks","Qld","1972",12
"Articulated trucks","Qld","1973",6
"Articulated trucks","Qld","1974",13
"Articulated trucks","Qld","1975",31
"Articulated trucks","Qld","1976",33
"Articulated trucks","Qld","1977",31
"Articulated trucks","Qld","1978",40
"Articulated trucks","Qld","1979",57
"Articulated trucks","Qld","1980",70
"Articulated trucks","Qld","1981",57
"Articulated trucks","Qld","1982",54
"Articulated trucks","Qld","1983",24
"Articulated trucks","Qld","1984",71
"Articulated trucks","Qld","1985",97
"Articulated trucks","Qld","1986",89
"Articulated trucks","Qld","1987",86
"Articulated trucks","Qld","1988",142
"Articulated trucks","Qld","1989",127
"Articulated trucks","Qld","1990",115
"Articulated trucks","Qld","1991",47
"Articulated trucks","Qld","1992",68
"Articulated trucks","Qld","1993",150
"Articulated trucks","Qld","1994",210
"Articulated trucks","Qld","1995",224
"Articulated trucks","Qld","1996",203
"Articulated trucks","Qld","1997",261
"Articulated trucks","Qld","1998",297
"Articulated trucks","Qld","1999",322
"Articulated trucks","Qld","2000",272
"Articulated trucks","Qld","2001",271
"Articulated trucks","Qld","2002",436
"Articulated trucks","Qld","2003",506
"Articulated trucks","Qld","2004",664
"Articulated trucks","Qld","2005",670
"Articulated trucks","Qld","2006",719
"Articulated trucks","Qld","2007",1271
"Articulated trucks","Qld","2008",594
"Articulated trucks","Qld","2009",506
"Articulated trucks","Qld","2010",934
"Articulated trucks","Qld","2011",574
"Articulated trucks","Qld","2012",993
"Articulated trucks","Qld","2013",1066
"Articulated trucks","Qld","2014",975
"Articulated trucks","Qld","2015",827
"Articulated trucks","Qld","2016",876
"Articulated trucks","Qld","2017",1259
"Articulated trucks","Qld","2018",1506
"Articulated trucks","Qld","2019",1249
"Articulated trucks","Qld","2020",1128
"Articulated trucks","Qld","2021",1964
"Articulated trucks","Qld","2022",2172
"Articulated trucks","Qld","2023",2274
"Articulated trucks","Qld","2024",1129
"Articulated trucks","Qld","2025",0
"Articulated trucks","Qld","Not stated",0
"Articulated trucks","SA","1901",0
"Articulated trucks","SA","1902",0
"Articulated trucks","SA","1903",0
"Articulated trucks","SA","1904",0
"Articulated trucks","SA","1905",0
"Articulated trucks","SA","1906",0
"Articulated trucks","SA","1907",0
"Articulated trucks","SA","1908",0
"Articulated trucks","SA","1909",0
"Articulated trucks","SA","1910",0
"Articulated trucks","SA","1911",0
"Articulated trucks","SA","1912",0
"Articulated trucks","SA","1913",0
"Articulated trucks","SA","1914",0
"Articulated trucks","SA","1915",0
"Articulated trucks","SA","1916",0
"Articulated trucks","SA","1917",0
"Articulated trucks","SA","1918",0
"Articulated trucks","SA","1919",0
"Articulated trucks","SA","1920",0
"Articulated trucks","SA","1921",0
"Articulated trucks","SA","1922",0
"Articulated trucks","SA","1923",0
"Articulated trucks","SA","1924",0
"Articulated trucks","SA","1925",0
"Articulated trucks","SA","1926",0
"Articulated trucks","SA","1927",0
"Articulated trucks","SA","1928",0
"Articulated trucks","SA","1929",0
"Articulated trucks","SA","1930",0
"Articulated trucks","SA","1931",0
"Articulated trucks","SA","1932",0
"Articulated trucks","SA","1933",0
"Articulated trucks","SA","1934",0
"Articulated trucks","SA","1935",0
"Articulated trucks","SA","1936",0
"Articulated trucks","SA","1937",0
"Articulated trucks","SA","1938",0
"Articulated trucks","SA","1939",0
"Articulated trucks","SA","1940",0
"Articulated trucks","SA","1941",0
"Articulated trucks","SA","1942",0
"Articulated trucks","SA","1943",0
"Articulated trucks","SA","1944",0
"Articulated trucks","SA","1945",0
"Articulated trucks","SA","1946",0
"Articulated trucks","SA","1947",0
"Articulated trucks","SA","1948",0
"Articulated trucks","SA","1949",0
"Articulated trucks","SA","1950",0
"Articulated trucks","SA","1951",0
"Articulated trucks","SA","1952",0
"Articulated trucks","SA","1953",0
"Articulated trucks","SA","1954",3
"Articulated trucks","SA","1955",0
"Articulated trucks","SA","1956",0
"Articulated trucks","SA","1957",3
"Articulated trucks","SA","1958",3
"Articulated trucks","SA","1959",0
"Articulated trucks","SA","1960",0
"Articulated trucks","SA","1961",0
"Articulated trucks","SA","1962",0
"Articulated trucks","SA","1963",0
"Articulated trucks","SA","1964",3
"Articulated trucks","SA","1965",0
"Articulated trucks","SA","1966",0
"Articulated trucks","SA","1967",0
"Articulated trucks","SA","1968",0
"Articulated trucks","SA","1969",3
"Articulated trucks","SA","1970",7
"Articulated trucks","SA","1971",6
"Articulated trucks","SA","1972",10
"Articulated trucks","SA","1973",8
"Articulated trucks","SA","1974",12
"Articulated trucks","SA","1975",12
"Articulated trucks","SA","1976",25
"Articulated trucks","SA","1977",19
"Articulated trucks","SA","1978",26
"Articulated trucks","SA","1979",33
"Articulated trucks","SA","1980",27
"Articulated trucks","SA","1981",31
"Articulated trucks","SA","1982",18
"Articulated trucks","SA","1983",19
"Articulated trucks","SA","1984",30
"Articulated trucks","SA","1985",41
"Articulated trucks","SA","1986",38
"Articulated trucks","SA","1987",36
"Articulated trucks","SA","1988",56
"Articulated trucks","SA","1989",65
"Articulated trucks","SA","1990",50
"Articulated trucks","SA","1991",37
"Articulated trucks","SA","1992",23
"Articulated trucks","SA","1993",61
"Articulated trucks","SA","1994",120
"Articulated trucks","SA","1995",100
"Articulated trucks","SA","1996",82
"Articulated trucks","SA","1997",117
"Articulated trucks","SA","1998",155
"Articulated trucks","SA","1999",125
"Articulated trucks","SA","2000",107
"Articulated trucks","SA","2001",102
"Articulated trucks","SA","2002",165
"Articulated trucks","SA","2003",199
"Articulated trucks","SA","2004",293
"Articulated trucks","SA","2005",279
"Articulated trucks","SA","2006",297
"Articulated trucks","SA","2007",521
"Articulated trucks","SA","2008",278
"Articulated trucks","SA","2009",209
"Articulated trucks","SA","2010",381
"Articulated trucks","SA","2011",252
"Articulated trucks","SA","2012",377
"Articulated trucks","SA","2013",465
"Articulated trucks","SA","2014",413
"Articulated trucks","SA","2015",353
"Articulated trucks","SA","2016",315
"Articulated trucks","SA","2017",433
"Articulated trucks","SA","2018",507
"Articulated trucks","SA","2019",392
"Articulated trucks","SA","2020",369
"Articulated trucks","SA","2021",672
"Articulated trucks","SA","2022",797
"Articulated trucks","SA","2023",871
"Articulated trucks","SA","2024",389
"Articulated trucks","SA","2025",0
"Articulated trucks","SA","Not stated",0
"Articulated trucks","WA","1901",0
"Articulated trucks","WA","1902",0
"Articulated trucks","WA","1903",0
"Articulated trucks","WA","1904",0
"Articulated trucks","WA","1905",0
"Articulated trucks","WA","1906",0
"Articulated trucks","WA","1907",0
"Articulated trucks","WA","1908",0
"Articulated trucks","WA","1909",0
"Articulated trucks","WA","1910",0
"Articulated trucks","WA","1911",0
"Articulated trucks","WA","1912",0
"Articulated trucks","WA","1913",0
"Articulated trucks","WA","1914",0
"Articulated trucks","WA","1915",0
"Articulated trucks","WA","1916",0
"Articulated trucks","WA","1917",0
"Articulated trucks","WA","1918",0
"Articulated trucks","WA","1919",0
"Articulated trucks","WA","1920",0
"Articulated trucks","WA","1921",0
"Articulated trucks","WA","1922",0
"Articulated trucks","WA","1923",0
"Articulated trucks","WA","1924",0
"Articulated trucks","WA","1925",0
"Articulated trucks","WA","1926",0
"Articulated trucks","WA","1927",0
"Articulated trucks","WA","1928",0
"Articulated trucks","WA","1929",0
"Articulated trucks","WA","1930",0
"Articulated trucks","WA","1931",0
"Articulated trucks","WA","1932",0
"Articulated trucks","WA","1933",0
"Articulated trucks","WA","1934",0
"Articulated trucks","WA","1935",0
"Articulated trucks","WA","1936",0
"Articulated trucks","WA","1937",0
"Articulated trucks","WA","1938",0
"Articulated trucks","WA","1939",0
"Articulated trucks","WA","1940",0
"Articulated trucks","WA","1941",0
"Articulated trucks","WA","1942",0
"Articulated trucks","WA","1943",0
"Articulated trucks","WA","1944",0
"Articulated trucks","WA","1945",0
"Articulated trucks","WA","1946",0
"Articulated trucks","WA","1947",0
"Articulated trucks","WA","1948",0
"Articulated trucks","WA","1949",0
"Articulated trucks","WA","1950",0
"Articulated trucks","WA","1951",0
"Articulated trucks","WA","1952",0
"Articulated trucks","WA","1953",0
"Articulated trucks","WA","1954",0
"Articulated trucks","WA","1955",0
"Articulated trucks","WA","1956",0
"Articulated trucks","WA","1957",0
"Articulated trucks","WA","1958",0
"Articulated trucks","WA","1959",0
"Articulated trucks","WA","1960",0
"Articulated trucks","WA","1961",0
"Articulated trucks","WA","1962",0
"Articulated trucks","WA","1963",0
"Articulated trucks","WA","1964",3
"Articulated trucks","WA","1965",0
"Articulated trucks","WA","1966",0
"Articulated trucks","WA","1967",3
"Articulated trucks","WA","1968",4
"Articulated trucks","WA","1969",0
"Articulated trucks","WA","1970",7
"Articulated trucks","WA","1971",10
"Articulated trucks","WA","1972",6
"Articulated trucks","WA","1973",8
"Articulated trucks","WA","1974",13
"Articulated trucks","WA","1975",16
"Articulated trucks","WA","1976",37
"Articulated trucks","WA","1977",31
"Articulated trucks","WA","1978",39
"Articulated trucks","WA","1979",56
"Articulated trucks","WA","1980",47
"Articulated trucks","WA","1981",51
"Articulated trucks","WA","1982",46
"Articulated trucks","WA","1983",24
"Articulated trucks","WA","1984",54
"Articulated trucks","WA","1985",89
"Articulated trucks","WA","1986",70
"Articulated trucks","WA","1987",74
"Articulated trucks","WA","1988",135
"Articulated trucks","WA","1989",122
"Articulated trucks","WA","1990",102
"Articulated trucks","WA","1991",40
"Articulated trucks","WA","1992",60
"Articulated trucks","WA","1993",100
"Articulated trucks","WA","1994",178
"Articulated trucks","WA","1995",198
"Articulated trucks","WA","1996",191
"Articulated trucks","WA","1997",211
"Articulated trucks","WA","1998",287
"Articulated trucks","WA","1999",247
"Articulated trucks","WA","2000",258
"Articulated trucks","WA","2001",246
"Articulated trucks","WA","2002",350
"Articulated trucks","WA","2003",472
"Articulated trucks","WA","2004",612
"Articulated trucks","WA","2005",648
"Articulated trucks","WA","2006",660
"Articulated trucks","WA","2007",1138
"Articulated trucks","WA","2008",627
"Articulated trucks","WA","2009",521
"Articulated trucks","WA","2010",825
"Articulated trucks","WA","2011",485
"Articulated trucks","WA","2012",974
"Articulated trucks","WA","2013",947
"Articulated trucks","WA","2014",901
"Articulated trucks","WA","2015",634
"Articulated trucks","WA","2016",588
"Articulated trucks","WA","2017",773
"Articulated trucks","WA","2018",918
"Articulated trucks","WA","2019",826
"Articulated trucks","WA","2020",702
"Articulated trucks","WA","2021",1263
"Articulated trucks","WA","2022",1297
"Articulated trucks","WA","2023",1316
"Articulated trucks","WA","2024",518
"Articulated trucks","WA","2025",0
"Articulated trucks","WA","Not stated",0
"Articulated trucks","Tas","1901",0
"Articulated trucks","Tas","1902",0
"Articulated trucks","Tas","1903",0
"Articulated trucks","Tas","1904",0
"Articulated trucks","Tas","1905",0
"Articulated trucks","Tas","1906",0
"Articulated trucks","Tas","1907",0
"Articulated trucks","Tas","1908",0
"Articulated trucks","Tas","1909",0
"Articulated trucks","Tas","1910",0
"Articulated trucks","Tas","1911",0
"Articulated trucks","Tas","1912",0
"Articulated trucks","Tas","1913",0
"Articulated trucks","Tas","1914",0
"Articulated trucks","Tas","1915",0
"Articulated trucks","Tas","1916",0
"Articulated trucks","Tas","1917",0
"Articulated trucks","Tas","1918",0
"Articulated trucks","Tas","1919",0
"Articulated trucks","Tas","1920",0
"Articulated trucks","Tas","1921",0
"Articulated trucks","Tas","1922",0
"Articulated trucks","Tas","1923",0
"Articulated trucks","Tas","1924",0
"Articulated trucks","Tas","1925",0
"Articulated trucks","Tas","1926",0
"Articulated trucks","Tas","1927",0
"Articulated trucks","Tas","1928",0
"Articulated trucks","Tas","1929",0
"Articulated trucks","Tas","1930",0
"Articulated trucks","Tas","1931",0
"Articulated trucks","Tas","1932",0
"Articulated trucks","Tas","1933",0
"Articulated trucks","Tas","1934",0
"Articulated trucks","Tas","1935",0
"Articulated trucks","Tas","1936",0
"Articulated trucks","Tas","1937",0
"Articulated trucks","Tas","1938",0
"Articulated trucks","Tas","1939",0
"Articulated trucks","Tas","1940",0
"Articulated trucks","Tas","1941",0
"Articulated trucks","Tas","1942",0
"Articulated trucks","Tas","1943",0
"Articulated trucks","Tas","1944",0
"Articulated trucks","Tas","1945",0
"Articulated trucks","Tas","1946",0
"Articulated trucks","Tas","1947",0
"Articulated trucks","Tas","1948",0
"Articulated trucks","Tas","1949",0
"Articulated trucks","Tas","1950",0
"Articulated trucks","Tas","1951",0
"Articulated trucks","Tas","1952",0
"Articulated trucks","Tas","1953",0
"Articulated trucks","Tas","1954",0
"Articulated trucks","Tas","1955",0
"Articulated trucks","Tas","1956",0
"Articulated trucks","Tas","1957",0
"Articulated trucks","Tas","1958",0
"Articulated trucks","Tas","1959",0
"Articulated trucks","Tas","1960",0
"Articulated trucks","Tas","1961",0
"Articulated trucks","Tas","1962",0
"Articulated trucks","Tas","1963",0
"Articulated trucks","Tas","1964",3
"Articulated trucks","Tas","1965",0
"Articulated trucks","Tas","1966",0
"Articulated trucks","Tas","1967",3
"Articulated trucks","Tas","1968",0
"Articulated trucks","Tas","1969",0
"Articulated trucks","Tas","1970",0
"Articulated trucks","Tas","1971",3
"Articulated trucks","Tas","1972",0
"Articulated trucks","Tas","1973",3
"Articulated trucks","Tas","1974",0
"Articulated trucks","Tas","1975",0
"Articulated trucks","Tas","1976",0
"Articulated trucks","Tas","1977",3
"Articulated trucks","Tas","1978",8
"Articulated trucks","Tas","1979",4
"Articulated trucks","Tas","1980",5
"Articulated trucks","Tas","1981",4
"Articulated trucks","Tas","1982",4
"Articulated trucks","Tas","1983",0
"Articulated trucks","Tas","1984",10
"Articulated trucks","Tas","1985",6
"Articulated trucks","Tas","1986",7
"Articulated trucks","Tas","1987",8
"Articulated trucks","Tas","1988",7
"Articulated trucks","Tas","1989",16
"Articulated trucks","Tas","1990",16
"Articulated trucks","Tas","1991",5
"Articulated trucks","Tas","1992",5
"Articulated trucks","Tas","1993",5
"Articulated trucks","Tas","1994",14
"Articulated trucks","Tas","1995",16
"Articulated trucks","Tas","1996",24
"Articulated trucks","Tas","1997",26
"Articulated trucks","Tas","1998",32
"Articulated trucks","Tas","1999",23
"Articulated trucks","Tas","2000",24
"Articulated trucks","Tas","2001",21
"Articulated trucks","Tas","2002",47
"Articulated trucks","Tas","2003",56
"Articulated trucks","Tas","2004",69
"Articulated trucks","Tas","2005",65
"Articulated trucks","Tas","2006",66
"Articulated trucks","Tas","2007",140
"Articulated trucks","Tas","2008",65
"Articulated trucks","Tas","2009",34
"Articulated trucks","Tas","2010",80
"Articulated trucks","Tas","2011",32
"Articulated trucks","Tas","2012",74
"Articulated trucks","Tas","2013",92
"Articulated trucks","Tas","2014",106
"Articulated trucks","Tas","2015",97
"Articulated trucks","Tas","2016",111
"Articulated trucks","Tas","2017",126
"Articulated trucks","Tas","2018",192
"Articulated trucks","Tas","2019",112
"Articulated trucks","Tas","2020",97
"Articulated trucks","Tas","2021",113
"Articulated trucks","Tas","2022",146
"Articulated trucks","Tas","2023",140
"Articulated trucks","Tas","2024",62
"Articulated trucks","Tas","2025",0
"Articulated trucks","Tas","Not stated",0
"Articulated trucks","NT","1901",0
"Articulated trucks","NT","1902",0
"Articulated trucks","NT","1903",0
"Articulated trucks","NT","1904",0
"Articulated trucks","NT","1905",0
"Articulated trucks","NT","1906",0
"Articulated trucks","NT","1907",0
"Articulated trucks","NT","1908",0
"Articulated trucks","NT","1909",0
"Articulated trucks","NT","1910",0
"Articulated trucks","NT","1911",0
"Articulated trucks","NT","1912",0
"Articulated trucks","NT","1913",0
"Articulated trucks","NT","1914",0
"Articulated trucks","NT","1915",0
"Articulated trucks","NT","1916",0
"Articulated trucks","NT","1917",0
"Articulated trucks","NT","1918",0
"Articulated trucks","NT","1919",0
"Articulated trucks","NT","1920",0
"Articulated trucks","NT","1921",0
"Articulated trucks","NT","1922",0
"Articulated trucks","NT","1923",0
"Articulated trucks","NT","1924",0
"Articulated trucks","NT","1925",0
"Articulated trucks","NT","1926",0
"Articulated trucks","NT","1927",0
"Articulated trucks","NT","1928",0
"Articulated trucks","NT","1929",0
"Articulated trucks","NT","1930",0
"Articulated trucks","NT","1931",0
"Articulated trucks","NT","1932",0
"Articulated trucks","NT","1933",0
"Articulated trucks","NT","1934",0
"Articulated trucks","NT","1935",0
"Articulated trucks","NT","1936",0
"Articulated trucks","NT","1937",0
"Articulated trucks","NT","1938",0
"Articulated trucks","NT","1939",0
"Articulated trucks","NT","1940",0
"Articulated trucks","NT","1941",0
"Articulated trucks","NT","1942",0
"Articulated trucks","NT","1943",0
"Articulated trucks","NT","1944",0
"Articulated trucks","NT","1945",0
"Articulated trucks","NT","1946",0
"Articulated trucks","NT","1947",0
"Articulated trucks","NT","1948",0
"Articulated trucks","NT","1949",0
"Articulated trucks","NT","1950",0
"Articulated trucks","NT","1951",0
"Articulated trucks","NT","1952",0
"Articulated trucks","NT","1953",0
"Articulated trucks","NT","1954",0
"Articulated trucks","NT","1955",0
"Articulated trucks","NT","1956",3
"Articulated trucks","NT","1957",0
"Articulated trucks","NT","1958",0
"Articulated trucks","NT","1959",0
"Articulated trucks","NT","1960",0
"Articulated trucks","NT","1961",0
"Articulated trucks","NT","1962",0
"Articulated trucks","NT","1963",0
"Articulated trucks","NT","1964",0
"Articulated trucks","NT","1965",0
"Articulated trucks","NT","1966",0
"Articulated trucks","NT","1967",0
"Articulated trucks","NT","1968",0
"Articulated trucks","NT","1969",0
"Articulated trucks","NT","1970",0
"Articulated trucks","NT","1971",0
"Articulated trucks","NT","1972",0
"Articulated trucks","NT","1973",0
"Articulated trucks","NT","1974",0
"Articulated trucks","NT","1975",0
"Articulated trucks","NT","1976",0
"Articulated trucks","NT","1977",0
"Articulated trucks","NT","1978",0
"Articulated trucks","NT","1979",0
"Articulated trucks","NT","1980",3
"Articulated trucks","NT","1981",0
"Articulated trucks","NT","1982",0
"Articulated trucks","NT","1983",0
"Articulated trucks","NT","1984",4
"Articulated trucks","NT","1985",5
"Articulated trucks","NT","1986",5
"Articulated trucks","NT","1987",3
"Articulated trucks","NT","1988",6
"Articulated trucks","NT","1989",14
"Articulated trucks","NT","1990",9
"Articulated trucks","NT","1991",3
"Articulated trucks","NT","1992",3
"Articulated trucks","NT","1993",5
"Articulated trucks","NT","1994",10
"Articulated trucks","NT","1995",14
"Articulated trucks","NT","1996",20
"Articulated trucks","NT","1997",15
"Articulated trucks","NT","1998",10
"Articulated trucks","NT","1999",14
"Articulated trucks","NT","2000",17
"Articulated trucks","NT","2001",22
"Articulated trucks","NT","2002",19
"Articulated trucks","NT","2003",34
"Articulated trucks","NT","2004",25
"Articulated trucks","NT","2005",51
"Articulated trucks","NT","2006",45
"Articulated trucks","NT","2007",87
"Articulated trucks","NT","2008",48
"Articulated trucks","NT","2009",38
"Articulated trucks","NT","2010",74
"Articulated trucks","NT","2011",39
"Articulated trucks","NT","2012",67
"Articulated trucks","NT","2013",80
"Articulated trucks","NT","2014",69
"Articulated trucks","NT","2015",38
"Articulated trucks","NT","2016",33
"Articulated trucks","NT","2017",39
"Articulated trucks","NT","2018",51
"Articulated trucks","NT","2019",62
"Articulated trucks","NT","2020",58
"Articulated trucks","NT","2021",63
"Articulated trucks","NT","2022",58
"Articulated trucks","NT","2023",103
"Articulated trucks","NT","2024",38
"Articulated trucks","NT","2025",0
"Articulated trucks","NT","Not stated",0
"Articulated trucks","ACT","1901",0
"Articulated trucks","ACT","1902",0
"Articulated trucks","ACT","1903",0
"Articulated trucks","ACT","1904",0
"Articulated trucks","ACT","1905",0
"Articulated trucks","ACT","1906",0
"Articulated trucks","ACT","1907",0
"Articulated trucks","ACT","1908",0
"Articulated trucks","ACT","1909",0
"Articulated trucks","ACT","1910",0
"Articulated trucks","ACT","1911",0
"Articulated trucks","ACT","1912",0
"Articulated trucks","ACT","1913",0
"Articulated trucks","ACT","1914",0
"Articulated trucks","ACT","1915",0
"Articulated trucks","ACT","1916",0
"Articulated trucks","ACT","1917",0
"Articulated trucks","ACT","1918",0
"Articulated trucks","ACT","1919",0
"Articulated trucks","ACT","1920",0
"Articulated trucks","ACT","1921",0
"Articulated trucks","ACT","1922",0
"Articulated trucks","ACT","1923",0
"Articulated trucks","ACT","1924",0
"Articulated trucks","ACT","1925",0
"Articulated trucks","ACT","1926",0
"Articulated trucks","ACT","1927",0
"Articulated trucks","ACT","1928",0
"Articulated trucks","ACT","1929",0
"Articulated trucks","ACT","1930",0
"Articulated trucks","ACT","1931",0
"Articulated trucks","ACT","1932",0
"Articulated trucks","ACT","1933",0
"Articulated trucks","ACT","1934",0
"Articulated trucks","ACT","1935",0
"Articulated trucks","ACT","1936",0
"Articulated trucks","ACT","1937",0
"Articulated trucks","ACT","1938",0
"Articulated trucks","ACT","1939",0
"Articulated trucks","ACT","1940",0
"Articulated trucks","ACT","1941",0
"Articulated trucks","ACT","1942",0
"Articulated trucks","ACT","1943",0
"Articulated trucks","ACT","1944",0
"Articulated trucks","ACT","1945",0
"Articulated trucks","ACT","1946",0
"Articulated trucks","ACT","1947",0
"Articulated trucks","ACT","1948",0
"Articulated trucks","ACT","1949",0
"Articulated trucks","ACT","1950",0
"Articulated trucks","ACT","1951",0
"Articulated trucks","ACT","1952",0
"Articulated trucks","ACT","1953",0
"Articulated trucks","ACT","1954",0
"Articulated trucks","ACT","1955",0
"Articulated trucks","ACT","1956",0
"Articulated trucks","ACT","1957",0
"Articulated trucks","ACT","1958",0
"Articulated trucks","ACT","1959",0
"Articulated trucks","ACT","1960",0
"Articulated trucks","ACT","1961",0
"Articulated trucks","ACT","1962",0
"Articulated trucks","ACT","1963",0
"Articulated trucks","ACT","1964",0
"Articulated trucks","ACT","1965",0
"Articulated trucks","ACT","1966",0
"Articulated trucks","ACT","1967",0
"Articulated trucks","ACT","1968",0
"Articulated trucks","ACT","1969",0
"Articulated trucks","ACT","1970",0
"Articulated trucks","ACT","1971",0
"Articulated trucks","ACT","1972",0
"Articulated trucks","ACT","1973",0
"Articulated trucks","ACT","1974",0
"Articulated trucks","ACT","1975",0
"Articulated trucks","ACT","1976",0
"Articulated trucks","ACT","1977",0
"Articulated trucks","ACT","1978",0
"Articulated trucks","ACT","1979",0
"Articulated trucks","ACT","1980",0
"Articulated trucks","ACT","1981",0
"Articulated trucks","ACT","1982",0
"Articulated trucks","ACT","1983",0
"Articulated trucks","ACT","1984",0
"Articulated trucks","ACT","1985",0
"Articulated trucks","ACT","1986",3
"Articulated trucks","ACT","1987",0
"Articulated trucks","ACT","1988",0
"Articulated trucks","ACT","1989",0
"Articulated trucks","ACT","1990",0
"Articulated trucks","ACT","1991",0
"Articulated trucks","ACT","1992",0
"Articulated trucks","ACT","1993",0
"Articulated trucks","ACT","1994",0
"Articulated trucks","ACT","1995",0
"Articulated trucks","ACT","1996",3
"Articulated trucks","ACT","1997",0
"Articulated trucks","ACT","1998",3
"Articulated trucks","ACT","1999",3
"Articulated trucks","ACT","2000",4
"Articulated trucks","ACT","2001",3
"Articulated trucks","ACT","2002",3
"Articulated trucks","ACT","2003",0
"Articulated trucks","ACT","2004",7
"Articulated trucks","ACT","2005",14
"Articulated trucks","ACT","2006",4
"Articulated trucks","ACT","2007",16
"Articulated trucks","ACT","2008",4
"Articulated trucks","ACT","2009",4
"Articulated trucks","ACT","2010",5
"Articulated trucks","ACT","2011",7
"Articulated trucks","ACT","2012",9
"Articulated trucks","ACT","2013",12
"Articulated trucks","ACT","2014",10
"Articulated trucks","ACT","2015",6
"Articulated trucks","ACT","2016",6
"Articulated trucks","ACT","2017",9
"Articulated trucks","ACT","2018",13
"Articulated trucks","ACT","2019",5
"Articulated trucks","ACT","2020",10
"Articulated trucks","ACT","2021",5
"Articulated trucks","ACT","2022",10
"Articulated trucks","ACT","2023",17
"Articulated trucks","ACT","2024",10
"Articulated trucks","ACT","2025",0
"Articulated trucks","ACT","Not stated",0
"Non-freight-carrying vehicles","NSW","1901",0
"Non-freight-carrying vehicles","NSW","1902",0
"Non-freight-carrying vehicles","NSW","1903",0
"Non-freight-carrying vehicles","NSW","1904",0
"Non-freight-carrying vehicles","NSW","1905",0
"Non-freight-carrying vehicles","NSW","1906",0
"Non-freight-carrying vehicles","NSW","1907",0
"Non-freight-carrying vehicles","NSW","1908",0
"Non-freight-carrying vehicles","NSW","1909",0
"Non-freight-carrying vehicles","NSW","1910",0
"Non-freight-carrying vehicles","NSW","1911",0
"Non-freight-carrying vehicles","NSW","1912",3
"Non-freight-carrying vehicles","NSW","1913",0
"Non-freight-carrying vehicles","NSW","1914",0
"Non-freight-carrying vehicles","NSW","1915",0
"Non-freight-carrying vehicles","NSW","1916",0
"Non-freight-carrying vehicles","NSW","1917",0
"Non-freight-carrying vehicles","NSW","1918",0
"Non-freight-carrying vehicles","NSW","1919",0
"Non-freight-carrying vehicles","NSW","1920",0
"Non-freight-carrying vehicles","NSW","1921",0
"Non-freight-carrying vehicles","NSW","1922",0
"Non-freight-carrying vehicles","NSW","1923",0
"Non-freight-carrying vehicles","NSW","1924",0
"Non-freight-carrying vehicles","NSW","1925",0
"Non-freight-carrying vehicles","NSW","1926",3
"Non-freight-carrying vehicles","NSW","1927",0
"Non-freight-carrying vehicles","NSW","1928",0
"Non-freight-carrying vehicles","NSW","1929",0
"Non-freight-carrying vehicles","NSW","1930",0
"Non-freight-carrying vehicles","NSW","1931",0
"Non-freight-carrying vehicles","NSW","1932",0
"Non-freight-carrying vehicles","NSW","1933",0
"Non-freight-carrying vehicles","NSW","1934",0
"Non-freight-carrying vehicles","NSW","1935",0
"Non-freight-carrying vehicles","NSW","1936",0
"Non-freight-carrying vehicles","NSW","1937",0
"Non-freight-carrying vehicles","NSW","1938",0
"Non-freight-carrying vehicles","NSW","1939",3
"Non-freight-carrying vehicles","NSW","1940",0
"Non-freight-carrying vehicles","NSW","1941",0
"Non-freight-carrying vehicles","NSW","1942",0
"Non-freight-carrying vehicles","NSW","1943",0
"Non-freight-carrying vehicles","NSW","1944",0
"Non-freight-carrying vehicles","NSW","1945",0
"Non-freight-carrying vehicles","NSW","1946",0
"Non-freight-carrying vehicles","NSW","1947",0
"Non-freight-carrying vehicles","NSW","1948",0
"Non-freight-carrying vehicles","NSW","1949",0
"Non-freight-carrying vehicles","NSW","1950",0
"Non-freight-carrying vehicles","NSW","1951",0
"Non-freight-carrying vehicles","NSW","1952",0
"Non-freight-carrying vehicles","NSW","1953",0
"Non-freight-carrying vehicles","NSW","1954",0
"Non-freight-carrying vehicles","NSW","1955",0
"Non-freight-carrying vehicles","NSW","1956",0
"Non-freight-carrying vehicles","NSW","1957",0
"Non-freight-carrying vehicles","NSW","1958",0
"Non-freight-carrying vehicles","NSW","1959",0
"Non-freight-carrying vehicles","NSW","1960",3
"Non-freight-carrying vehicles","NSW","1961",3
"Non-freight-carrying vehicles","NSW","1962",0
"Non-freight-carrying vehicles","NSW","1963",3
"Non-freight-carrying vehicles","NSW","1964",0
"Non-freight-carrying vehicles","NSW","1965",3
"Non-freight-carrying vehicles","NSW","1966",3
"Non-freight-carrying vehicles","NSW","1967",3
"Non-freight-carrying vehicles","NSW","1968",3
"Non-freight-carrying vehicles","NSW","1969",3
"Non-freight-carrying vehicles","NSW","1970",3
"Non-freight-carrying vehicles","NSW","1971",3
"Non-freight-carrying vehicles","NSW","1972",3
"Non-freight-carrying vehicles","NSW","1973",4
"Non-freight-carrying vehicles","NSW","1974",4
"Non-freight-carrying vehicles","NSW","1975",8
"Non-freight-carrying vehicles","NSW","1976",0
"Non-freight-carrying vehicles","NSW","1977",9
"Non-freight-carrying vehicles","NSW","1978",8
"Non-freight-carrying vehicles","NSW","1979",7
"Non-freight-carrying vehicles","NSW","1980",8
"Non-freight-carrying vehicles","NSW","1981",14
"Non-freight-carrying vehicles","NSW","1982",14
"Non-freight-carrying vehicles","NSW","1983",18
"Non-freight-carrying vehicles","NSW","1984",29
"Non-freight-carrying vehicles","NSW","1985",22
"Non-freight-carrying vehicles","NSW","1986",19
"Non-freight-carrying vehicles","NSW","1987",18
"Non-freight-carrying vehicles","NSW","1988",33
"Non-freight-carrying vehicles","NSW","1989",36
"Non-freight-carrying vehicles","NSW","1990",39
"Non-freight-carrying vehicles","NSW","1991",42
"Non-freight-carrying vehicles","NSW","1992",48
"Non-freight-carrying vehicles","NSW","1993",30
"Non-freight-carrying vehicles","NSW","1994",63
"Non-freight-carrying vehicles","NSW","1995",62
"Non-freight-carrying vehicles","NSW","1996",67
"Non-freight-carrying vehicles","NSW","1997",66
"Non-freight-carrying vehicles","NSW","1998",67
"Non-freight-carrying vehicles","NSW","1999",91
"Non-freight-carrying vehicles","NSW","2000",119
"Non-freight-carrying vehicles","NSW","2001",104
"Non-freight-carrying vehicles","NSW","2002",148
"Non-freight-carrying vehicles","NSW","2003",133
"Non-freight-carrying vehicles","NSW","2004",218
"Non-freight-carrying vehicles","NSW","2005",263
"Non-freight-carrying vehicles","NSW","2006",272
"Non-freight-carrying vehicles","NSW","2007",296
"Non-freight-carrying vehicles","NSW","2008",305
"Non-freight-carrying vehicles","NSW","2009",278
"Non-freight-carrying vehicles","NSW","2010",326
"Non-freight-carrying vehicles","NSW","2011",256
"Non-freight-carrying vehicles","NSW","2012",256
"Non-freight-carrying vehicles","NSW","2013",256
"Non-freight-carrying vehicles","NSW","2014",312
"Non-freight-carrying vehicles","NSW","2015",289
"Non-freight-carrying vehicles","NSW","2016",304
"Non-freight-carrying vehicles","NSW","2017",370
"Non-freight-carrying vehicles","NSW","2018",323
"Non-freight-carrying vehicles","NSW","2019",469
"Non-freight-carrying vehicles","NSW","2020",391
"Non-freight-carrying vehicles","NSW","2021",399
"Non-freight-carrying vehicles","NSW","2022",408
"Non-freight-carrying vehicles","NSW","2023",369
"Non-freight-carrying vehicles","NSW","2024",294
"Non-freight-carrying vehicles","NSW","2025",15
"Non-freight-carrying vehicles","NSW","Not stated",3
"Non-freight-carrying vehicles","Vic","1901",0
"Non-freight-carrying vehicles","Vic","1902",0
"Non-freight-carrying vehicles","Vic","1903",0
"Non-freight-carrying vehicles","Vic","1904",0
"Non-freight-carrying vehicles","Vic","1905",0
"Non-freight-carrying vehicles","Vic","1906",0
"Non-freight-carrying vehicles","Vic","1907",0
"Non-freight-carrying vehicles","Vic","1908",0
"Non-freight-carrying vehicles","Vic","1909",0
"Non-freight-carrying vehicles","Vic","1910",0
"Non-freight-carrying vehicles","Vic","1911",0
"Non-freight-carrying vehicles","Vic","1912",0
"Non-freight-carrying vehicles","Vic","1913",0
"Non-freight-carrying vehicles","Vic","1914",0
"Non-freight-carrying vehicles","Vic","1915",0
"Non-freight-carrying vehicles","Vic","1916",0
"Non-freight-carrying vehicles","Vic","1917",0
"Non-freight-carrying vehicles","Vic","1918",0
"Non-freight-carrying vehicles","Vic","1919",0
"Non-freight-carrying vehicles","Vic","1920",0
"Non-freight-carrying vehicles","Vic","1921",0
"Non-freight-carrying vehicles","Vic","1922",0
"Non-freight-carrying vehicles","Vic","1923",0
"Non-freight-carrying vehicles","Vic","1924",0
"Non-freight-carrying vehicles","Vic","1925",0
"Non-freight-carrying vehicles","Vic","1926",0
"Non-freight-carrying vehicles","Vic","1927",0
"Non-freight-carrying vehicles","Vic","1928",0
"Non-freight-carrying vehicles","Vic","1929",3
"Non-freight-carrying vehicles","Vic","1930",0
"Non-freight-carrying vehicles","Vic","1931",0
"Non-freight-carrying vehicles","Vic","1932",0
"Non-freight-carrying vehicles","Vic","1933",0
"Non-freight-carrying vehicles","Vic","1934",0
"Non-freight-carrying vehicles","Vic","1935",0
"Non-freight-carrying vehicles","Vic","1936",3
"Non-freight-carrying vehicles","Vic","1937",3
"Non-freight-carrying vehicles","Vic","1938",0
"Non-freight-carrying vehicles","Vic","1939",3
"Non-freight-carrying vehicles","Vic","1940",0
"Non-freight-carrying vehicles","Vic","1941",0
"Non-freight-carrying vehicles","Vic","1942",0
"Non-freight-carrying vehicles","Vic","1943",0
"Non-freight-carrying vehicles","Vic","1944",0
"Non-freight-carrying vehicles","Vic","1945",0
"Non-freight-carrying vehicles","Vic","1946",0
"Non-freight-carrying vehicles","Vic","1947",0
"Non-freight-carrying vehicles","Vic","1948",0
"Non-freight-carrying vehicles","Vic","1949",0
"Non-freight-carrying vehicles","Vic","1950",0
"Non-freight-carrying vehicles","Vic","1951",0
"Non-freight-carrying vehicles","Vic","1952",0
"Non-freight-carrying vehicles","Vic","1953",0
"Non-freight-carrying vehicles","Vic","1954",0
"Non-freight-carrying vehicles","Vic","1955",0
"Non-freight-carrying vehicles","Vic","1956",5
"Non-freight-carrying vehicles","Vic","1957",0
"Non-freight-carrying vehicles","Vic","1958",3
"Non-freight-carrying vehicles","Vic","1959",0
"Non-freight-carrying vehicles","Vic","1960",3
"Non-freight-carrying vehicles","Vic","1961",0
"Non-freight-carrying vehicles","Vic","1962",0
"Non-freight-carrying vehicles","Vic","1963",3
"Non-freight-carrying vehicles","Vic","1964",3
"Non-freight-carrying vehicles","Vic","1965",6
"Non-freight-carrying vehicles","Vic","1966",4
"Non-freight-carrying vehicles","Vic","1967",6
"Non-freight-carrying vehicles","Vic","1968",7
"Non-freight-carrying vehicles","Vic","1969",9
"Non-freight-carrying vehicles","Vic","1970",10
"Non-freight-carrying vehicles","Vic","1971",17
"Non-freight-carrying vehicles","Vic","1972",14
"Non-freight-carrying vehicles","Vic","1973",21
"Non-freight-carrying vehicles","Vic","1974",12
"Non-freight-carrying vehicles","Vic","1975",26
"Non-freight-carrying vehicles","Vic","1976",29
"Non-freight-carrying vehicles","Vic","1977",22
"Non-freight-carrying vehicles","Vic","1978",17
"Non-freight-carrying vehicles","Vic","1979",20
"Non-freight-carrying vehicles","Vic","1980",24
"Non-freight-carrying vehicles","Vic","1981",40
"Non-freight-carrying vehicles","Vic","1982",34
"Non-freight-carrying vehicles","Vic","1983",38
"Non-freight-carrying vehicles","Vic","1984",36
"Non-freight-carrying vehicles","Vic","1985",75
"Non-freight-carrying vehicles","Vic","1986",62
"Non-freight-carrying vehicles","Vic","1987",120
"Non-freight-carrying vehicles","Vic","1988",147
"Non-freight-carrying vehicles","Vic","1989",94
"Non-freight-carrying vehicles","Vic","1990",92
"Non-freight-carrying vehicles","Vic","1991",121
"Non-freight-carrying vehicles","Vic","1992",149
"Non-freight-carrying vehicles","Vic","1993",107
"Non-freight-carrying vehicles","Vic","1994",91
"Non-freight-carrying vehicles","Vic","1995",136
"Non-freight-carrying vehicles","Vic","1996",130
"Non-freight-carrying vehicles","Vic","1997",119
"Non-freight-carrying vehicles","Vic","1998",164
"Non-freight-carrying vehicles","Vic","1999",225
"Non-freight-carrying vehicles","Vic","2000",167
"Non-freight-carrying vehicles","Vic","2001",183
"Non-freight-carrying vehicles","Vic","2002",219
"Non-freight-carrying vehicles","Vic","2003",207
"Non-freight-carrying vehicles","Vic","2004",292
"Non-freight-carrying vehicles","Vic","2005",315
"Non-freight-carrying vehicles","Vic","2006",340
"Non-freight-carrying vehicles","Vic","2007",510
"Non-freight-carrying vehicles","Vic","2008",421
"Non-freight-carrying vehicles","Vic","2009",378
"Non-freight-carrying vehicles","Vic","2010",420
"Non-freight-carrying vehicles","Vic","2011",309
"Non-freight-carrying vehicles","Vic","2012",508
"Non-freight-carrying vehicles","Vic","2013",467
"Non-freight-carrying vehicles","Vic","2014",502
"Non-freight-carrying vehicles","Vic","2015",532
"Non-freight-carrying vehicles","Vic","2016",457
"Non-freight-carrying vehicles","Vic","2017",431
"Non-freight-carrying vehicles","Vic","2018",630
"Non-freight-carrying vehicles","Vic","2019",672
"Non-freight-carrying vehicles","Vic","2020",539
"Non-freight-carrying vehicles","Vic","2021",726
"Non-freight-carrying vehicles","Vic","2022",733
"Non-freight-carrying vehicles","Vic","2023",674
"Non-freight-carrying vehicles","Vic","2024",253
"Non-freight-carrying vehicles","Vic","2025",0
"Non-freight-carrying vehicles","Vic","Not stated",40
"Non-freight-carrying vehicles","Qld","1901",0
"Non-freight-carrying vehicles","Qld","1902",0
"Non-freight-carrying vehicles","Qld","1903",0
"Non-freight-carrying vehicles","Qld","1904",0
"Non-freight-carrying vehicles","Qld","1905",0
"Non-freight-carrying vehicles","Qld","1906",0
"Non-freight-carrying vehicles","Qld","1907",0
"Non-freight-carrying vehicles","Qld","1908",0
"Non-freight-carrying vehicles","Qld","1909",0
"Non-freight-carrying vehicles","Qld","1910",0
"Non-freight-carrying vehicles","Qld","1911",0
"Non-freight-carrying vehicles","Qld","1912",0
"Non-freight-carrying vehicles","Qld","1913",0
"Non-freight-carrying vehicles","Qld","1914",0
"Non-freight-carrying vehicles","Qld","1915",0
"Non-freight-carrying vehicles","Qld","1916",0
"Non-freight-carrying vehicles","Qld","1917",0
"Non-freight-carrying vehicles","Qld","1918",0
"Non-freight-carrying vehicles","Qld","1919",3
"Non-freight-carrying vehicles","Qld","1920",0
"Non-freight-carrying vehicles","Qld","1921",0
"Non-freight-carrying vehicles","Qld","1922",0
"Non-freight-carrying vehicles","Qld","1923",0
"Non-freight-carrying vehicles","Qld","1924",0
"Non-freight-carrying vehicles","Qld","1925",3
"Non-freight-carrying vehicles","Qld","1926",3
"Non-freight-carrying vehicles","Qld","1927",0
"Non-freight-carrying vehicles","Qld","1928",0
"Non-freight-carrying vehicles","Qld","1929",0
"Non-freight-carrying vehicles","Qld","1930",0
"Non-freight-carrying vehicles","Qld","1931",0
"Non-freight-carrying vehicles","Qld","1932",0
"Non-freight-carrying vehicles","Qld","1933",0
"Non-freight-carrying vehicles","Qld","1934",0
"Non-freight-carrying vehicles","Qld","1935",0
"Non-freight-carrying vehicles","Qld","1936",0
"Non-freight-carrying vehicles","Qld","1937",0
"Non-freight-carrying vehicles","Qld","1938",0
"Non-freight-carrying vehicles","Qld","1939",3
"Non-freight-carrying vehicles","Qld","1940",0
"Non-freight-carrying vehicles","Qld","1941",0
"Non-freight-carrying vehicles","Qld","1942",3
"Non-freight-carrying vehicles","Qld","1943",0
"Non-freight-carrying vehicles","Qld","1944",0
"Non-freight-carrying vehicles","Qld","1945",0
"Non-freight-carrying vehicles","Qld","1946",0
"Non-freight-carrying vehicles","Qld","1947",0
"Non-freight-carrying vehicles","Qld","1948",0
"Non-freight-carrying vehicles","Qld","1949",0
"Non-freight-carrying vehicles","Qld","1950",3
"Non-freight-carrying vehicles","Qld","1951",0
"Non-freight-carrying vehicles","Qld","1952",0
"Non-freight-carrying vehicles","Qld","1953",0
"Non-freight-carrying vehicles","Qld","1954",3
"Non-freight-carrying vehicles","Qld","1955",0
"Non-freight-carrying vehicles","Qld","1956",0
"Non-freight-carrying vehicles","Qld","1957",0
"Non-freight-carrying vehicles","Qld","1958",0
"Non-freight-carrying vehicles","Qld","1959",0
"Non-freight-carrying vehicles","Qld","1960",0
"Non-freight-carrying vehicles","Qld","1961",0
"Non-freight-carrying vehicles","Qld","1962",3
"Non-freight-carrying vehicles","Qld","1963",0
"Non-freight-carrying vehicles","Qld","1964",3
"Non-freight-carrying vehicles","Qld","1965",0
"Non-freight-carrying vehicles","Qld","1966",3
"Non-freight-carrying vehicles","Qld","1967",0
"Non-freight-carrying vehicles","Qld","1968",3
"Non-freight-carrying vehicles","Qld","1969",0
"Non-freight-carrying vehicles","Qld","1970",5
"Non-freight-carrying vehicles","Qld","1971",5
"Non-freight-carrying vehicles","Qld","1972",0
"Non-freight-carrying vehicles","Qld","1973",3
"Non-freight-carrying vehicles","Qld","1974",6
"Non-freight-carrying vehicles","Qld","1975",3
"Non-freight-carrying vehicles","Qld","1976",6
"Non-freight-carrying vehicles","Qld","1977",7
"Non-freight-carrying vehicles","Qld","1978",13
"Non-freight-carrying vehicles","Qld","1979",11
"Non-freight-carrying vehicles","Qld","1980",14
"Non-freight-carrying vehicles","Qld","1981",17
"Non-freight-carrying vehicles","Qld","1982",14
"Non-freight-carrying vehicles","Qld","1983",10
"Non-freight-carrying vehicles","Qld","1984",20
"Non-freight-carrying vehicles","Qld","1985",11
"Non-freight-carrying vehicles","Qld","1986",20
"Non-freight-carrying vehicles","Qld","1987",25
"Non-freight-carrying vehicles","Qld","1988",36
"Non-freight-carrying vehicles","Qld","1989",53
"Non-freight-carrying vehicles","Qld","1990",46
"Non-freight-carrying vehicles","Qld","1991",28
"Non-freight-carrying vehicles","Qld","1992",40
"Non-freight-carrying vehicles","Qld","1993",34
"Non-freight-carrying vehicles","Qld","1994",50
"Non-freight-carrying vehicles","Qld","1995",68
"Non-freight-carrying vehicles","Qld","1996",65
"Non-freight-carrying vehicles","Qld","1997",78
"Non-freight-carrying vehicles","Qld","1998",91
"Non-freight-carrying vehicles","Qld","1999",114
"Non-freight-carrying vehicles","Qld","2000",86
"Non-freight-carrying vehicles","Qld","2001",89
"Non-freight-carrying vehicles","Qld","2002",126
"Non-freight-carrying vehicles","Qld","2003",132
"Non-freight-carrying vehicles","Qld","2004",188
"Non-freight-carrying vehicles","Qld","2005",283
"Non-freight-carrying vehicles","Qld","2006",322
"Non-freight-carrying vehicles","Qld","2007",397
"Non-freight-carrying vehicles","Qld","2008",357
"Non-freight-carrying vehicles","Qld","2009",289
"Non-freight-carrying vehicles","Qld","2010",334
"Non-freight-carrying vehicles","Qld","2011",419
"Non-freight-carrying vehicles","Qld","2012",440
"Non-freight-carrying vehicles","Qld","2013",324
"Non-freight-carrying vehicles","Qld","2014",379
"Non-freight-carrying vehicles","Qld","2015",301
"Non-freight-carrying vehicles","Qld","2016",321
"Non-freight-carrying vehicles","Qld","2017",404
"Non-freight-carrying vehicles","Qld","2018",397
"Non-freight-carrying vehicles","Qld","2019",452
"Non-freight-carrying vehicles","Qld","2020",368
"Non-freight-carrying vehicles","Qld","2021",500
"Non-freight-carrying vehicles","Qld","2022",523
"Non-freight-carrying vehicles","Qld","2023",565
"Non-freight-carrying vehicles","Qld","2024",387
"Non-freight-carrying vehicles","Qld","2025",10
"Non-freight-carrying vehicles","Qld","Not stated",3
"Non-freight-carrying vehicles","SA","1901",0
"Non-freight-carrying vehicles","SA","1902",0
"Non-freight-carrying vehicles","SA","1903",0
"Non-freight-carrying vehicles","SA","1904",0
"Non-freight-carrying vehicles","SA","1905",0
"Non-freight-carrying vehicles","SA","1906",0
"Non-freight-carrying vehicles","SA","1907",0
"Non-freight-carrying vehicles","SA","1908",0
"Non-freight-carrying vehicles","SA","1909",0
"Non-freight-carrying vehicles","SA","1910",0
"Non-freight-carrying vehicles","SA","1911",0
"Non-freight-carrying vehicles","SA","1912",0
"Non-freight-carrying vehicles","SA","1913",0
"Non-freight-carrying vehicles","SA","1914",0
"Non-freight-carrying vehicles","SA","1915",0
"Non-freight-carrying vehicles","SA","1916",0
"Non-freight-carrying vehicles","SA","1917",0
"Non-freight-carrying vehicles","SA","1918",0
"Non-freight-carrying vehicles","SA","1919",0
"Non-freight-carrying vehicles","SA","1920",0
"Non-freight-carrying vehicles","SA","1921",0
"Non-freight-carrying vehicles","SA","1922",0
"Non-freight-carrying vehicles","SA","1923",0
"Non-freight-carrying vehicles","SA","1924",0
"Non-freight-carrying vehicles","SA","1925",0
"Non-freight-carrying vehicles","SA","1926",0
"Non-freight-carrying vehicles","SA","1927",0
"Non-freight-carrying vehicles","SA","1928",0
"Non-freight-carrying vehicles","SA","1929",0
"Non-freight-carrying vehicles","SA","1930",0
"Non-freight-carrying vehicles","SA","1931",0
"Non-freight-carrying vehicles","SA","1932",0
"Non-freight-carrying vehicles","SA","1933",0
"Non-freight-carrying vehicles","SA","1934",0
"Non-freight-carrying vehicles","SA","1935",0
"Non-freight-carrying vehicles","SA","1936",3
"Non-freight-carrying vehicles","SA","1937",0
"Non-freight-carrying vehicles","SA","1938",0
"Non-freight-carrying vehicles","SA","1939",0
"Non-freight-carrying vehicles","SA","1940",3
"Non-freight-carrying vehicles","SA","1941",0
"Non-freight-carrying vehicles","SA","1942",3
"Non-freight-carrying vehicles","SA","1943",0
"Non-freight-carrying vehicles","SA","1944",0
"Non-freight-carrying vehicles","SA","1945",0
"Non-freight-carrying vehicles","SA","1946",3
"Non-freight-carrying vehicles","SA","1947",0
"Non-freight-carrying vehicles","SA","1948",0
"Non-freight-carrying vehicles","SA","1949",0
"Non-freight-carrying vehicles","SA","1950",0
"Non-freight-carrying vehicles","SA","1951",0
"Non-freight-carrying vehicles","SA","1952",0
"Non-freight-carrying vehicles","SA","1953",0
"Non-freight-carrying vehicles","SA","1954",0
"Non-freight-carrying vehicles","SA","1955",0
"Non-freight-carrying vehicles","SA","1956",0
"Non-freight-carrying vehicles","SA","1957",0
"Non-freight-carrying vehicles","SA","1958",0
"Non-freight-carrying vehicles","SA","1959",0
"Non-freight-carrying vehicles","SA","1960",0
"Non-freight-carrying vehicles","SA","1961",0
"Non-freight-carrying vehicles","SA","1962",3
"Non-freight-carrying vehicles","SA","1963",0
"Non-freight-carrying vehicles","SA","1964",3
"Non-freight-carrying vehicles","SA","1965",0
"Non-freight-carrying vehicles","SA","1966",0
"Non-freight-carrying vehicles","SA","1967",3
"Non-freight-carrying vehicles","SA","1968",3
"Non-freight-carrying vehicles","SA","1969",3
"Non-freight-carrying vehicles","SA","1970",3
"Non-freight-carrying vehicles","SA","1971",4
"Non-freight-carrying vehicles","SA","1972",4
"Non-freight-carrying vehicles","SA","1973",3
"Non-freight-carrying vehicles","SA","1974",0
"Non-freight-carrying vehicles","SA","1975",0
"Non-freight-carrying vehicles","SA","1976",7
"Non-freight-carrying vehicles","SA","1977",3
"Non-freight-carrying vehicles","SA","1978",5
"Non-freight-carrying vehicles","SA","1979",0
"Non-freight-carrying vehicles","SA","1980",5
"Non-freight-carrying vehicles","SA","1981",3
"Non-freight-carrying vehicles","SA","1982",10
"Non-freight-carrying vehicles","SA","1983",7
"Non-freight-carrying vehicles","SA","1984",13
"Non-freight-carrying vehicles","SA","1985",12
"Non-freight-carrying vehicles","SA","1986",12
"Non-freight-carrying vehicles","SA","1987",11
"Non-freight-carrying vehicles","SA","1988",29
"Non-freight-carrying vehicles","SA","1989",19
"Non-freight-carrying vehicles","SA","1990",24
"Non-freight-carrying vehicles","SA","1991",20
"Non-freight-carrying vehicles","SA","1992",20
"Non-freight-carrying vehicles","SA","1993",23
"Non-freight-carrying vehicles","SA","1994",25
"Non-freight-carrying vehicles","SA","1995",31
"Non-freight-carrying vehicles","SA","1996",32
"Non-freight-carrying vehicles","SA","1997",26
"Non-freight-carrying vehicles","SA","1998",32
"Non-freight-carrying vehicles","SA","1999",36
"Non-freight-carrying vehicles","SA","2000",40
"Non-freight-carrying vehicles","SA","2001",34
"Non-freight-carrying vehicles","SA","2002",71
"Non-freight-carrying vehicles","SA","2003",54
"Non-freight-carrying vehicles","SA","2004",82
"Non-freight-carrying vehicles","SA","2005",102
"Non-freight-carrying vehicles","SA","2006",102
"Non-freight-carrying vehicles","SA","2007",153
"Non-freight-carrying vehicles","SA","2008",140
"Non-freight-carrying vehicles","SA","2009",93
"Non-freight-carrying vehicles","SA","2010",125
"Non-freight-carrying vehicles","SA","2011",96
"Non-freight-carrying vehicles","SA","2012",127
"Non-freight-carrying vehicles","SA","2013",129
"Non-freight-carrying vehicles","SA","2014",123
"Non-freight-carrying vehicles","SA","2015",97
"Non-freight-carrying vehicles","SA","2016",96
"Non-freight-carrying vehicles","SA","2017",130
"Non-freight-carrying vehicles","SA","2018",143
"Non-freight-carrying vehicles","SA","2019",151
"Non-freight-carrying vehicles","SA","2020",153
"Non-freight-carrying vehicles","SA","2021",199
"Non-freight-carrying vehicles","SA","2022",109
"Non-freight-carrying vehicles","SA","2023",94
"Non-freight-carrying vehicles","SA","2024",93
"Non-freight-carrying vehicles","SA","2025",0
"Non-freight-carrying vehicles","SA","Not stated",0
"Non-freight-carrying vehicles","WA","1901",0
"Non-freight-carrying vehicles","WA","1902",0
"Non-freight-carrying vehicles","WA","1903",0
"Non-freight-carrying vehicles","WA","1904",0
"Non-freight-carrying vehicles","WA","1905",0
"Non-freight-carrying vehicles","WA","1906",0
"Non-freight-carrying vehicles","WA","1907",0
"Non-freight-carrying vehicles","WA","1908",0
"Non-freight-carrying vehicles","WA","1909",0
"Non-freight-carrying vehicles","WA","1910",0
"Non-freight-carrying vehicles","WA","1911",0
"Non-freight-carrying vehicles","WA","1912",0
"Non-freight-carrying vehicles","WA","1913",0
"Non-freight-carrying vehicles","WA","1914",0
"Non-freight-carrying vehicles","WA","1915",0
"Non-freight-carrying vehicles","WA","1916",0
"Non-freight-carrying vehicles","WA","1917",0
"Non-freight-carrying vehicles","WA","1918",0
"Non-freight-carrying vehicles","WA","1919",0
"Non-freight-carrying vehicles","WA","1920",0
"Non-freight-carrying vehicles","WA","1921",0
"Non-freight-carrying vehicles","WA","1922",0
"Non-freight-carrying vehicles","WA","1923",3
"Non-freight-carrying vehicles","WA","1924",0
"Non-freight-carrying vehicles","WA","1925",0
"Non-freight-carrying vehicles","WA","1926",0
"Non-freight-carrying vehicles","WA","1927",0
"Non-freight-carrying vehicles","WA","1928",0
"Non-freight-carrying vehicles","WA","1929",0
"Non-freight-carrying vehicles","WA","1930",0
"Non-freight-carrying vehicles","WA","1931",0
"Non-freight-carrying vehicles","WA","1932",0
"Non-freight-carrying vehicles","WA","1933",0
"Non-freight-carrying vehicles","WA","1934",0
"Non-freight-carrying vehicles","WA","1935",0
"Non-freight-carrying vehicles","WA","1936",0
"Non-freight-carrying vehicles","WA","1937",0
"Non-freight-carrying vehicles","WA","1938",0
"Non-freight-carrying vehicles","WA","1939",0
"Non-freight-carrying vehicles","WA","1940",0
"Non-freight-carrying vehicles","WA","1941",0
"Non-freight-carrying vehicles","WA","1942",3
"Non-freight-carrying vehicles","WA","1943",0
"Non-freight-carrying vehicles","WA","1944",0
"Non-freight-carrying vehicles","WA","1945",0
"Non-freight-carrying vehicles","WA","1946",0
"Non-freight-carrying vehicles","WA","1947",0
"Non-freight-carrying vehicles","WA","1948",0
"Non-freight-carrying vehicles","WA","1949",0
"Non-freight-carrying vehicles","WA","1950",3
"Non-freight-carrying vehicles","WA","1951",0
"Non-freight-carrying vehicles","WA","1952",3
"Non-freight-carrying vehicles","WA","1953",3
"Non-freight-carrying vehicles","WA","1954",0
"Non-freight-carrying vehicles","WA","1955",3
"Non-freight-carrying vehicles","WA","1956",3
"Non-freight-carrying vehicles","WA","1957",0
"Non-freight-carrying vehicles","WA","1958",4
"Non-freight-carrying vehicles","WA","1959",4
"Non-freight-carrying vehicles","WA","1960",0
"Non-freight-carrying vehicles","WA","1961",0
"Non-freight-carrying vehicles","WA","1962",3
"Non-freight-carrying vehicles","WA","1963",7
"Non-freight-carrying vehicles","WA","1964",6
"Non-freight-carrying vehicles","WA","1965",0
"Non-freight-carrying vehicles","WA","1966",0
"Non-freight-carrying vehicles","WA","1967",7
"Non-freight-carrying vehicles","WA","1968",14
"Non-freight-carrying vehicles","WA","1969",9
"Non-freight-carrying vehicles","WA","1970",26
"Non-freight-carrying vehicles","WA","1971",18
"Non-freight-carrying vehicles","WA","1972",12
"Non-freight-carrying vehicles","WA","1973",6
"Non-freight-carrying vehicles","WA","1974",11
"Non-freight-carrying vehicles","WA","1975",11
"Non-freight-carrying vehicles","WA","1976",16
"Non-freight-carrying vehicles","WA","1977",14
"Non-freight-carrying vehicles","WA","1978",16
"Non-freight-carrying vehicles","WA","1979",16
"Non-freight-carrying vehicles","WA","1980",24
"Non-freight-carrying vehicles","WA","1981",29
"Non-freight-carrying vehicles","WA","1982",26
"Non-freight-carrying vehicles","WA","1983",21
"Non-freight-carrying vehicles","WA","1984",35
"Non-freight-carrying vehicles","WA","1985",45
"Non-freight-carrying vehicles","WA","1986",26
"Non-freight-carrying vehicles","WA","1987",45
"Non-freight-carrying vehicles","WA","1988",54
"Non-freight-carrying vehicles","WA","1989",53
"Non-freight-carrying vehicles","WA","1990",42
"Non-freight-carrying vehicles","WA","1991",26
"Non-freight-carrying vehicles","WA","1992",41
"Non-freight-carrying vehicles","WA","1993",40
"Non-freight-carrying vehicles","WA","1994",48
"Non-freight-carrying vehicles","WA","1995",52
"Non-freight-carrying vehicles","WA","1996",82
"Non-freight-carrying vehicles","WA","1997",77
"Non-freight-carrying vehicles","WA","1998",72
"Non-freight-carrying vehicles","WA","1999",56
"Non-freight-carrying vehicles","WA","2000",76
"Non-freight-carrying vehicles","WA","2001",88
"Non-freight-carrying vehicles","WA","2002",127
"Non-freight-carrying vehicles","WA","2003",87
"Non-freight-carrying vehicles","WA","2004",172
"Non-freight-carrying vehicles","WA","2005",199
"Non-freight-carrying vehicles","WA","2006",235
"Non-freight-carrying vehicles","WA","2007",324
"Non-freight-carrying vehicles","WA","2008",349
"Non-freight-carrying vehicles","WA","2009",181
"Non-freight-carrying vehicles","WA","2010",326
"Non-freight-carrying vehicles","WA","2011",321
"Non-freight-carrying vehicles","WA","2012",446
"Non-freight-carrying vehicles","WA","2013",297
"Non-freight-carrying vehicles","WA","2014",256
"Non-freight-carrying vehicles","WA","2015",292
"Non-freight-carrying vehicles","WA","2016",231
"Non-freight-carrying vehicles","WA","2017",264
"Non-freight-carrying vehicles","WA","2018",296
"Non-freight-carrying vehicles","WA","2019",354
"Non-freight-carrying vehicles","WA","2020",370
"Non-freight-carrying vehicles","WA","2021",538
"Non-freight-carrying vehicles","WA","2022",470
"Non-freight-carrying vehicles","WA","2023",393
"Non-freight-carrying vehicles","WA","2024",220
"Non-freight-carrying vehicles","WA","2025",7
"Non-freight-carrying vehicles","WA","Not stated",0
"Non-freight-carrying vehicles","Tas","1901",0
"Non-freight-carrying vehicles","Tas","1902",0
"Non-freight-carrying vehicles","Tas","1903",0
"Non-freight-carrying vehicles","Tas","1904",0
"Non-freight-carrying vehicles","Tas","1905",0
"Non-freight-carrying vehicles","Tas","1906",0
"Non-freight-carrying vehicles","Tas","1907",0
"Non-freight-carrying vehicles","Tas","1908",0
"Non-freight-carrying vehicles","Tas","1909",0
"Non-freight-carrying vehicles","Tas","1910",0
"Non-freight-carrying vehicles","Tas","1911",0
"Non-freight-carrying vehicles","Tas","1912",0
"Non-freight-carrying vehicles","Tas","1913",0
"Non-freight-carrying vehicles","Tas","1914",0
"Non-freight-carrying vehicles","Tas","1915",0
"Non-freight-carrying vehicles","Tas","1916",0
"Non-freight-carrying vehicles","Tas","1917",0
"Non-freight-carrying vehicles","Tas","1918",0
"Non-freight-carrying vehicles","Tas","1919",0
"Non-freight-carrying vehicles","Tas","1920",0
"Non-freight-carrying vehicles","Tas","1921",0
"Non-freight-carrying vehicles","Tas","1922",0
"Non-freight-carrying vehicles","Tas","1923",0
"Non-freight-carrying vehicles","Tas","1924",0
"Non-freight-carrying vehicles","Tas","1925",0
"Non-freight-carrying vehicles","Tas","1926",0
"Non-freight-carrying vehicles","Tas","1927",0
"Non-freight-carrying vehicles","Tas","1928",0
"Non-freight-carrying vehicles","Tas","1929",0
"Non-freight-carrying vehicles","Tas","1930",0
"Non-freight-carrying vehicles","Tas","1931",0
"Non-freight-carrying vehicles","Tas","1932",0
"Non-freight-carrying vehicles","Tas","1933",0
"Non-freight-carrying vehicles","Tas","1934",0
"Non-freight-carrying vehicles","Tas","1935",0
"Non-freight-carrying vehicles","Tas","1936",0
"Non-freight-carrying vehicles","Tas","1937",0
"Non-freight-carrying vehicles","Tas","1938",0
"Non-freight-carrying vehicles","Tas","1939",0
"Non-freight-carrying vehicles","Tas","1940",0
"Non-freight-carrying vehicles","Tas","1941",0
"Non-freight-carrying vehicles","Tas","1942",0
"Non-freight-carrying vehicles","Tas","1943",0
"Non-freight-carrying vehicles","Tas","1944",0
"Non-freight-carrying vehicles","Tas","1945",0
"Non-freight-carrying vehicles","Tas","1946",0
"Non-freight-carrying vehicles","Tas","1947",0
"Non-freight-carrying vehicles","Tas","1948",0
"Non-freight-carrying vehicles","Tas","1949",0
"Non-freight-carrying vehicles","Tas","1950",0
"Non-freight-carrying vehicles","Tas","1951",0
"Non-freight-carrying vehicles","Tas","1952",0
"Non-freight-carrying vehicles","Tas","1953",0
"Non-freight-carrying vehicles","Tas","1954",0
"Non-freight-carrying vehicles","Tas","1955",0
"Non-freight-carrying vehicles","Tas","1956",0
"Non-freight-carrying vehicles","Tas","1957",0
"Non-freight-carrying vehicles","Tas","1958",0
"Non-freight-carrying vehicles","Tas","1959",0
"Non-freight-carrying vehicles","Tas","1960",0
"Non-freight-carrying vehicles","Tas","1961",0
"Non-freight-carrying vehicles","Tas","1962",0
"Non-freight-carrying vehicles","Tas","1963",0
"Non-freight-carrying vehicles","Tas","1964",0
"Non-freight-carrying vehicles","Tas","1965",3
"Non-freight-carrying vehicles","Tas","1966",0
"Non-freight-carrying vehicles","Tas","1967",0
"Non-freight-carrying vehicles","Tas","1968",0
"Non-freight-carrying vehicles","Tas","1969",0
"Non-freight-carrying vehicles","Tas","1970",0
"Non-freight-carrying vehicles","Tas","1971",3
"Non-freight-carrying vehicles","Tas","1972",3
"Non-freight-carrying vehicles","Tas","1973",0
"Non-freight-carrying vehicles","Tas","1974",3
"Non-freight-carrying vehicles","Tas","1975",3
"Non-freight-carrying vehicles","Tas","1976",4
"Non-freight-carrying vehicles","Tas","1977",0
"Non-freight-carrying vehicles","Tas","1978",4
"Non-freight-carrying vehicles","Tas","1979",0
"Non-freight-carrying vehicles","Tas","1980",3
"Non-freight-carrying vehicles","Tas","1981",4
"Non-freight-carrying vehicles","Tas","1982",3
"Non-freight-carrying vehicles","Tas","1983",6
"Non-freight-carrying vehicles","Tas","1984",7
"Non-freight-carrying vehicles","Tas","1985",4
"Non-freight-carrying vehicles","Tas","1986",14
"Non-freight-carrying vehicles","Tas","1987",8
"Non-freight-carrying vehicles","Tas","1988",20
"Non-freight-carrying vehicles","Tas","1989",13
"Non-freight-carrying vehicles","Tas","1990",13
"Non-freight-carrying vehicles","Tas","1991",8
"Non-freight-carrying vehicles","Tas","1992",21
"Non-freight-carrying vehicles","Tas","1993",17
"Non-freight-carrying vehicles","Tas","1994",21
"Non-freight-carrying vehicles","Tas","1995",23
"Non-freight-carrying vehicles","Tas","1996",21
"Non-freight-carrying vehicles","Tas","1997",8
"Non-freight-carrying vehicles","Tas","1998",13
"Non-freight-carrying vehicles","Tas","1999",14
"Non-freight-carrying vehicles","Tas","2000",16
"Non-freight-carrying vehicles","Tas","2001",20
"Non-freight-carrying vehicles","Tas","2002",36
"Non-freight-carrying vehicles","Tas","2003",38
"Non-freight-carrying vehicles","Tas","2004",21
"Non-freight-carrying vehicles","Tas","2005",58
"Non-freight-carrying vehicles","Tas","2006",41
"Non-freight-carrying vehicles","Tas","2007",45
"Non-freight-carrying vehicles","Tas","2008",36
"Non-freight-carrying vehicles","Tas","2009",55
"Non-freight-carrying vehicles","Tas","2010",30
"Non-freight-carrying vehicles","Tas","2011",38
"Non-freight-carrying vehicles","Tas","2012",41
"Non-freight-carrying vehicles","Tas","2013",36
"Non-freight-carrying vehicles","Tas","2014",27
"Non-freight-carrying vehicles","Tas","2015",21
"Non-freight-carrying vehicles","Tas","2016",25
"Non-freight-carrying vehicles","Tas","2017",17
"Non-freight-carrying vehicles","Tas","2018",35
"Non-freight-carrying vehicles","Tas","2019",62
"Non-freight-carrying vehicles","Tas","2020",64
"Non-freight-carrying vehicles","Tas","2021",61
"Non-freight-carrying vehicles","Tas","2022",52
"Non-freight-carrying vehicles","Tas","2023",43
"Non-freight-carrying vehicles","Tas","2024",34
"Non-freight-carrying vehicles","Tas","2025",0
"Non-freight-carrying vehicles","Tas","Not stated",0
"Non-freight-carrying vehicles","NT","1901",0
"Non-freight-carrying vehicles","NT","1902",0
"Non-freight-carrying vehicles","NT","1903",0
"Non-freight-carrying vehicles","NT","1904",0
"Non-freight-carrying vehicles","NT","1905",0
"Non-freight-carrying vehicles","NT","1906",0
"Non-freight-carrying vehicles","NT","1907",0
"Non-freight-carrying vehicles","NT","1908",0
"Non-freight-carrying vehicles","NT","1909",0
"Non-freight-carrying vehicles","NT","1910",0
"Non-freight-carrying vehicles","NT","1911",0
"Non-freight-carrying vehicles","NT","1912",0
"Non-freight-carrying vehicles","NT","1913",0
"Non-freight-carrying vehicles","NT","1914",0
"Non-freight-carrying vehicles","NT","1915",0
"Non-freight-carrying vehicles","NT","1916",0
"Non-freight-carrying vehicles","NT","1917",0
"Non-freight-carrying vehicles","NT","1918",0
"Non-freight-carrying vehicles","NT","1919",0
"Non-freight-carrying vehicles","NT","1920",0
"Non-freight-carrying vehicles","NT","1921",0
"Non-freight-carrying vehicles","NT","1922",0
"Non-freight-carrying vehicles","NT","1923",0
"Non-freight-carrying vehicles","NT","1924",0
"Non-freight-carrying vehicles","NT","1925",0
"Non-freight-carrying vehicles","NT","1926",0
"Non-freight-carrying vehicles","NT","1927",0
"Non-freight-carrying vehicles","NT","1928",0
"Non-freight-carrying vehicles","NT","1929",0
"Non-freight-carrying vehicles","NT","1930",0
"Non-freight-carrying vehicles","NT","1931",0
"Non-freight-carrying vehicles","NT","1932",0
"Non-freight-carrying vehicles","NT","1933",0
"Non-freight-carrying vehicles","NT","1934",0
"Non-freight-carrying vehicles","NT","1935",0
"Non-freight-carrying vehicles","NT","1936",0
"Non-freight-carrying vehicles","NT","1937",0
"Non-freight-carrying vehicles","NT","1938",0
"Non-freight-carrying vehicles","NT","1939",0
"Non-freight-carrying vehicles","NT","1940",0
"Non-freight-carrying vehicles","NT","1941",0
"Non-freight-carrying vehicles","NT","1942",0
"Non-freight-carrying vehicles","NT","1943",0
"Non-freight-carrying vehicles","NT","1944",0
"Non-freight-carrying vehicles","NT","1945",0
"Non-freight-carrying vehicles","NT","1946",0
"Non-freight-carrying vehicles","NT","1947",0
"Non-freight-carrying vehicles","NT","1948",0
"Non-freight-carrying vehicles","NT","1949",0
"Non-freight-carrying vehicles","NT","1950",0
"Non-freight-carrying vehicles","NT","1951",0
"Non-freight-carrying vehicles","NT","1952",0
"Non-freight-carrying vehicles","NT","1953",0
"Non-freight-carrying vehicles","NT","1954",0
"Non-freight-carrying vehicles","NT","1955",0
"Non-freight-carrying vehicles","NT","1956",0
"Non-freight-carrying vehicles","NT","1957",0
"Non-freight-carrying vehicles","NT","1958",0
"Non-freight-carrying vehicles","NT","1959",0
"Non-freight-carrying vehicles","NT","1960",0
"Non-freight-carrying vehicles","NT","1961",0
"Non-freight-carrying vehicles","NT","1962",0
"Non-freight-carrying vehicles","NT","1963",0
"Non-freight-carrying vehicles","NT","1964",0
"Non-freight-carrying vehicles","NT","1965",0
"Non-freight-carrying vehicles","NT","1966",0
"Non-freight-carrying vehicles","NT","1967",0
"Non-freight-carrying vehicles","NT","1968",0
"Non-freight-carrying vehicles","NT","1969",0
"Non-freight-carrying vehicles","NT","1970",0
"Non-freight-carrying vehicles","NT","1971",0
"Non-freight-carrying vehicles","NT","1972",0
"Non-freight-carrying vehicles","NT","1973",0
"Non-freight-carrying vehicles","NT","1974",0
"Non-freight-carrying vehicles","NT","1975",0
"Non-freight-carrying vehicles","NT","1976",0
"Non-freight-carrying vehicles","NT","1977",0
"Non-freight-carrying vehicles","NT","1978",0
"Non-freight-carrying vehicles","NT","1979",0
"Non-freight-carrying vehicles","NT","1980",0
"Non-freight-carrying vehicles","NT","1981",0
"Non-freight-carrying vehicles","NT","1982",3
"Non-freight-carrying vehicles","NT","1983",0
"Non-freight-carrying vehicles","NT","1984",3
"Non-freight-carrying vehicles","NT","1985",0
"Non-freight-carrying vehicles","NT","1986",4
"Non-freight-carrying vehicles","NT","1987",3
"Non-freight-carrying vehicles","NT","1988",3
"Non-freight-carrying vehicles","NT","1989",0
"Non-freight-carrying vehicles","NT","1990",4
"Non-freight-carrying vehicles","NT","1991",3
"Non-freight-carrying vehicles","NT","1992",3
"Non-freight-carrying vehicles","NT","1993",4
"Non-freight-carrying vehicles","NT","1994",5
"Non-freight-carrying vehicles","NT","1995",3
"Non-freight-carrying vehicles","NT","1996",7
"Non-freight-carrying vehicles","NT","1997",8
"Non-freight-carrying vehicles","NT","1998",8
"Non-freight-carrying vehicles","NT","1999",10
"Non-freight-carrying vehicles","NT","2000",5
"Non-freight-carrying vehicles","NT","2001",0
"Non-freight-carrying vehicles","NT","2002",9
"Non-freight-carrying vehicles","NT","2003",8
"Non-freight-carrying vehicles","NT","2004",13
"Non-freight-carrying vehicles","NT","2005",16
"Non-freight-carrying vehicles","NT","2006",10
"Non-freight-carrying vehicles","NT","2007",25
"Non-freight-carrying vehicles","NT","2008",29
"Non-freight-carrying vehicles","NT","2009",17
"Non-freight-carrying vehicles","NT","2010",17
"Non-freight-carrying vehicles","NT","2011",27
"Non-freight-carrying vehicles","NT","2012",23
"Non-freight-carrying vehicles","NT","2013",13
"Non-freight-carrying vehicles","NT","2014",21
"Non-freight-carrying vehicles","NT","2015",9
"Non-freight-carrying vehicles","NT","2016",20
"Non-freight-carrying vehicles","NT","2017",22
"Non-freight-carrying vehicles","NT","2018",22
"Non-freight-carrying vehicles","NT","2019",24
"Non-freight-carrying vehicles","NT","2020",17
"Non-freight-carrying vehicles","NT","2021",25
"Non-freight-carrying vehicles","NT","2022",32
"Non-freight-carrying vehicles","NT","2023",14
"Non-freight-carrying vehicles","NT","2024",3
"Non-freight-carrying vehicles","NT","2025",0
"Non-freight-carrying vehicles","NT","Not stated",0
"Non-freight-carrying vehicles","ACT","1901",0
"Non-freight-carrying vehicles","ACT","1902",0
"Non-freight-carrying vehicles","ACT","1903",0
"Non-freight-carrying vehicles","ACT","1904",0
"Non-freight-carrying vehicles","ACT","1905",0
"Non-freight-carrying vehicles","ACT","1906",0
"Non-freight-carrying vehicles","ACT","1907",0
"Non-freight-carrying vehicles","ACT","1908",0
"Non-freight-carrying vehicles","ACT","1909",0
"Non-freight-carrying vehicles","ACT","1910",0
"Non-freight-carrying vehicles","ACT","1911",0
"Non-freight-carrying vehicles","ACT","1912",0
"Non-freight-carrying vehicles","ACT","1913",0
"Non-freight-carrying vehicles","ACT","1914",0
"Non-freight-carrying vehicles","ACT","1915",0
"Non-freight-carrying vehicles","ACT","1916",0
"Non-freight-carrying vehicles","ACT","1917",0
"Non-freight-carrying vehicles","ACT","1918",0
"Non-freight-carrying vehicles","ACT","1919",0
"Non-freight-carrying vehicles","ACT","1920",0
"Non-freight-carrying vehicles","ACT","1921",0
"Non-freight-carrying vehicles","ACT","1922",0
"Non-freight-carrying vehicles","ACT","1923",0
"Non-freight-carrying vehicles","ACT","1924",0
"Non-freight-carrying vehicles","ACT","1925",0
"Non-freight-carrying vehicles","ACT","1926",0
"Non-freight-carrying vehicles","ACT","1927",0
"Non-freight-carrying vehicles","ACT","1928",0
"Non-freight-carrying vehicles","ACT","1929",0
"Non-freight-carrying vehicles","ACT","1930",0
"Non-freight-carrying vehicles","ACT","1931",0
"Non-freight-carrying vehicles","ACT","1932",0
"Non-freight-carrying vehicles","ACT","1933",0
"Non-freight-carrying vehicles","ACT","1934",0
"Non-freight-carrying vehicles","ACT","1935",0
"Non-freight-carrying vehicles","ACT","1936",0
"Non-freight-carrying vehicles","ACT","1937",0
"Non-freight-carrying vehicles","ACT","1938",0
"Non-freight-carrying vehicles","ACT","1939",0
"Non-freight-carrying vehicles","ACT","1940",0
"Non-freight-carrying vehicles","ACT","1941",0
"Non-freight-carrying vehicles","ACT","1942",0
"Non-freight-carrying vehicles","ACT","1943",0
"Non-freight-carrying vehicles","ACT","1944",0
"Non-freight-carrying vehicles","ACT","1945",0
"Non-freight-carrying vehicles","ACT","1946",0
"Non-freight-carrying vehicles","ACT","1947",0
"Non-freight-carrying vehicles","ACT","1948",0
"Non-freight-carrying vehicles","ACT","1949",0
"Non-freight-carrying vehicles","ACT","1950",0
"Non-freight-carrying vehicles","ACT","1951",0
"Non-freight-carrying vehicles","ACT","1952",0
"Non-freight-carrying vehicles","ACT","1953",0
"Non-freight-carrying vehicles","ACT","1954",0
"Non-freight-carrying vehicles","ACT","1955",0
"Non-freight-carrying vehicles","ACT","1956",0
"Non-freight-carrying vehicles","ACT","1957",0
"Non-freight-carrying vehicles","ACT","1958",0
"Non-freight-carrying vehicles","ACT","1959",0
"Non-freight-carrying vehicles","ACT","1960",0
"Non-freight-carrying vehicles","ACT","1961",0
"Non-freight-carrying vehicles","ACT","1962",0
"Non-freight-carrying vehicles","ACT","1963",3
"Non-freight-carrying vehicles","ACT","1964",0
"Non-freight-carrying vehicles","ACT","1965",0
"Non-freight-carrying vehicles","ACT","1966",0
"Non-freight-carrying vehicles","ACT","1967",0
"Non-freight-carrying vehicles","ACT","1968",3
"Non-freight-carrying vehicles","ACT","1969",0
"Non-freight-carrying vehicles","ACT","1970",0
"Non-freight-carrying vehicles","ACT","1971",0
"Non-freight-carrying vehicles","ACT","1972",0
"Non-freight-carrying vehicles","ACT","1973",0
"Non-freight-carrying vehicles","ACT","1974",0
"Non-freight-carrying vehicles","ACT","1975",0
"Non-freight-carrying vehicles","ACT","1976",0
"Non-freight-carrying vehicles","ACT","1977",0
"Non-freight-carrying vehicles","ACT","1978",0
"Non-freight-carrying vehicles","ACT","1979",0
"Non-freight-carrying vehicles","ACT","1980",0
"Non-freight-carrying vehicles","ACT","1981",0
"Non-freight-carrying vehicles","ACT","1982",0
"Non-freight-carrying vehicles","ACT","1983",0
"Non-freight-carrying vehicles","ACT","1984",0
"Non-freight-carrying vehicles","ACT","1985",3
"Non-freight-carrying vehicles","ACT","1986",0
"Non-freight-carrying vehicles","ACT","1987",0
"Non-freight-carrying vehicles","ACT","1988",0
"Non-freight-carrying vehicles","ACT","1989",0
"Non-freight-carrying vehicles","ACT","1990",3
"Non-freight-carrying vehicles","ACT","1991",0
"Non-freight-carrying vehicles","ACT","1992",0
"Non-freight-carrying vehicles","ACT","1993",0
"Non-freight-carrying vehicles","ACT","1994",0
"Non-freight-carrying vehicles","ACT","1995",0
"Non-freight-carrying vehicles","ACT","1996",3
"Non-freight-carrying vehicles","ACT","1997",3
"Non-freight-carrying vehicles","ACT","1998",0
"Non-freight-carrying vehicles","ACT","1999",0
"Non-freight-carrying vehicles","ACT","2000",0
"Non-freight-carrying vehicles","ACT","2001",0
"Non-freight-carrying vehicles","ACT","2002",0
"Non-freight-carrying vehicles","ACT","2003",3
"Non-freight-carrying vehicles","ACT","2004",10
"Non-freight-carrying vehicles","ACT","2005",6
"Non-freight-carrying vehicles","ACT","2006",6
"Non-freight-carrying vehicles","ACT","2007",7
"Non-freight-carrying vehicles","ACT","2008",12
"Non-freight-carrying vehicles","ACT","2009",13
"Non-freight-carrying vehicles","ACT","2010",11
"Non-freight-carrying vehicles","ACT","2011",10
"Non-freight-carrying vehicles","ACT","2012",10
"Non-freight-carrying vehicles","ACT","2013",6
"Non-freight-carrying vehicles","ACT","2014",11
"Non-freight-carrying vehicles","ACT","2015",10
"Non-freight-carrying vehicles","ACT","2016",6
"Non-freight-carrying vehicles","ACT","2017",10
"Non-freight-carrying vehicles","ACT","2018",11
"Non-freight-carrying vehicles","ACT","2019",9
"Non-freight-carrying vehicles","ACT","2020",13
"Non-freight-carrying vehicles","ACT","2021",6
"Non-freight-carrying vehicles","ACT","2022",10
"Non-freight-carrying vehicles","ACT","2023",9
"Non-freight-carrying vehicles","ACT","2024",0
"Non-freight-carrying vehicles","ACT","2025",0
"Non-freight-carrying vehicles","ACT","Not stated",0
"Campervans","NSW","1901",0
"Campervans","NSW","1902",0
"Campervans","NSW","1903",0
"Campervans","NSW","1904",0
"Campervans","NSW","1905",0
"Campervans","NSW","1906",0
"Campervans","NSW","1907",0
"Campervans","NSW","1908",0
"Campervans","NSW","1909",0
"Campervans","NSW","1910",0
"Campervans","NSW","1911",0
"Campervans","NSW","1912",0
"Campervans","NSW","1913",0
"Campervans","NSW","1914",0
"Campervans","NSW","1915",0
"Campervans","NSW","1916",0
"Campervans","NSW","1917",0
"Campervans","NSW","1918",0
"Campervans","NSW","1919",0
"Campervans","NSW","1920",0
"Campervans","NSW","1921",0
"Campervans","NSW","1922",0
"Campervans","NSW","1923",0
"Campervans","NSW","1924",0
"Campervans","NSW","1925",0
"Campervans","NSW","1926",0
"Campervans","NSW","1927",0
"Campervans","NSW","1928",0
"Campervans","NSW","1929",0
"Campervans","NSW","1930",0
"Campervans","NSW","1931",0
"Campervans","NSW","1932",0
"Campervans","NSW","1933",0
"Campervans","NSW","1934",0
"Campervans","NSW","1935",0
"Campervans","NSW","1936",0
"Campervans","NSW","1937",0
"Campervans","NSW","1938",0
"Campervans","NSW","1939",0
"Campervans","NSW","1940",0
"Campervans","NSW","1941",0
"Campervans","NSW","1942",0
"Campervans","NSW","1943",0
"Campervans","NSW","1944",0
"Campervans","NSW","1945",0
"Campervans","NSW","1946",0
"Campervans","NSW","1947",0
"Campervans","NSW","1948",0
"Campervans","NSW","1949",0
"Campervans","NSW","1950",0
"Campervans","NSW","1951",0
"Campervans","NSW","1952",0
"Campervans","NSW","1953",3
"Campervans","NSW","1954",0
"Campervans","NSW","1955",3
"Campervans","NSW","1956",0
"Campervans","NSW","1957",0
"Campervans","NSW","1958",3
"Campervans","NSW","1959",0
"Campervans","NSW","1960",0
"Campervans","NSW","1961",3
"Campervans","NSW","1962",0
"Campervans","NSW","1963",3
"Campervans","NSW","1964",3
"Campervans","NSW","1965",0
"Campervans","NSW","1966",3
"Campervans","NSW","1967",4
"Campervans","NSW","1968",0
"Campervans","NSW","1969",4
"Campervans","NSW","1970",9
"Campervans","NSW","1971",14
"Campervans","NSW","1972",19
"Campervans","NSW","1973",27
"Campervans","NSW","1974",60
"Campervans","NSW","1975",66
"Campervans","NSW","1976",105
"Campervans","NSW","1977",38
"Campervans","NSW","1978",36
"Campervans","NSW","1979",35
"Campervans","NSW","1980",20
"Campervans","NSW","1981",44
"Campervans","NSW","1982",48
"Campervans","NSW","1983",60
"Campervans","NSW","1984",105
"Campervans","NSW","1985",151
"Campervans","NSW","1986",131
"Campervans","NSW","1987",142
"Campervans","NSW","1988",210
"Campervans","NSW","1989",173
"Campervans","NSW","1990",152
"Campervans","NSW","1991",150
"Campervans","NSW","1992",186
"Campervans","NSW","1993",175
"Campervans","NSW","1994",239
"Campervans","NSW","1995",250
"Campervans","NSW","1996",258
"Campervans","NSW","1997",317
"Campervans","NSW","1998",379
"Campervans","NSW","1999",519
"Campervans","NSW","2000",738
"Campervans","NSW","2001",771
"Campervans","NSW","2002",1060
"Campervans","NSW","2003",1476
"Campervans","NSW","2004",1801
"Campervans","NSW","2005",1678
"Campervans","NSW","2006",1853
"Campervans","NSW","2007",1730
"Campervans","NSW","2008",1456
"Campervans","NSW","2009",996
"Campervans","NSW","2010",1521
"Campervans","NSW","2011",1113
"Campervans","NSW","2012",937
"Campervans","NSW","2013",825
"Campervans","NSW","2014",801
"Campervans","NSW","2015",1040
"Campervans","NSW","2016",1058
"Campervans","NSW","2017",1042
"Campervans","NSW","2018",1088
"Campervans","NSW","2019",882
"Campervans","NSW","2020",733
"Campervans","NSW","2021",1220
"Campervans","NSW","2022",1145
"Campervans","NSW","2023",1145
"Campervans","NSW","2024",1085
"Campervans","NSW","2025",7
"Campervans","NSW","Not stated",0
"Campervans","Vic","1901",0
"Campervans","Vic","1902",0
"Campervans","Vic","1903",0
"Campervans","Vic","1904",0
"Campervans","Vic","1905",0
"Campervans","Vic","1906",0
"Campervans","Vic","1907",0
"Campervans","Vic","1908",0
"Campervans","Vic","1909",0
"Campervans","Vic","1910",0
"Campervans","Vic","1911",0
"Campervans","Vic","1912",0
"Campervans","Vic","1913",0
"Campervans","Vic","1914",0
"Campervans","Vic","1915",0
"Campervans","Vic","1916",0
"Campervans","Vic","1917",0
"Campervans","Vic","1918",0
"Campervans","Vic","1919",0
"Campervans","Vic","1920",0
"Campervans","Vic","1921",0
"Campervans","Vic","1922",0
"Campervans","Vic","1923",0
"Campervans","Vic","1924",0
"Campervans","Vic","1925",0
"Campervans","Vic","1926",0
"Campervans","Vic","1927",0
"Campervans","Vic","1928",0
"Campervans","Vic","1929",0
"Campervans","Vic","1930",0
"Campervans","Vic","1931",0
"Campervans","Vic","1932",0
"Campervans","Vic","1933",0
"Campervans","Vic","1934",0
"Campervans","Vic","1935",0
"Campervans","Vic","1936",0
"Campervans","Vic","1937",0
"Campervans","Vic","1938",0
"Campervans","Vic","1939",0
"Campervans","Vic","1940",3
"Campervans","Vic","1941",0
"Campervans","Vic","1942",0
"Campervans","Vic","1943",0
"Campervans","Vic","1944",0
"Campervans","Vic","1945",0
"Campervans","Vic","1946",0
"Campervans","Vic","1947",0
"Campervans","Vic","1948",0
"Campervans","Vic","1949",0
"Campervans","Vic","1950",0
"Campervans","Vic","1951",0
"Campervans","Vic","1952",0
"Campervans","Vic","1953",3
"Campervans","Vic","1954",0
"Campervans","Vic","1955",3
"Campervans","Vic","1956",3
"Campervans","Vic","1957",0
"Campervans","Vic","1958",0
"Campervans","Vic","1959",0
"Campervans","Vic","1960",3
"Campervans","Vic","1961",3
"Campervans","Vic","1962",3
"Campervans","Vic","1963",5
"Campervans","Vic","1964",8
"Campervans","Vic","1965",7
"Campervans","Vic","1966",15
"Campervans","Vic","1967",5
"Campervans","Vic","1968",14
"Campervans","Vic","1969",20
"Campervans","Vic","1970",17
"Campervans","Vic","1971",24
"Campervans","Vic","1972",22
"Campervans","Vic","1973",49
"Campervans","Vic","1974",61
"Campervans","Vic","1975",75
"Campervans","Vic","1976",94
"Campervans","Vic","1977",58
"Campervans","Vic","1978",54
"Campervans","Vic","1979",49
"Campervans","Vic","1980",49
"Campervans","Vic","1981",60
"Campervans","Vic","1982",80
"Campervans","Vic","1983",99
"Campervans","Vic","1984",118
"Campervans","Vic","1985",148
"Campervans","Vic","1986",165
"Campervans","Vic","1987",189
"Campervans","Vic","1988",258
"Campervans","Vic","1989",167
"Campervans","Vic","1990",143
"Campervans","Vic","1991",130
"Campervans","Vic","1992",142
"Campervans","Vic","1993",135
"Campervans","Vic","1994",156
"Campervans","Vic","1995",184
"Campervans","Vic","1996",171
"Campervans","Vic","1997",251
"Campervans","Vic","1998",313
"Campervans","Vic","1999",367
"Campervans","Vic","2000",456
"Campervans","Vic","2001",635
"Campervans","Vic","2002",891
"Campervans","Vic","2003",1327
"Campervans","Vic","2004",1571
"Campervans","Vic","2005",1391
"Campervans","Vic","2006",1545
"Campervans","Vic","2007",1105
"Campervans","Vic","2008",1053
"Campervans","Vic","2009",743
"Campervans","Vic","2010",936
"Campervans","Vic","2011",681
"Campervans","Vic","2012",581
"Campervans","Vic","2013",540
"Campervans","Vic","2014",475
"Campervans","Vic","2015",591
"Campervans","Vic","2016",741
"Campervans","Vic","2017",792
"Campervans","Vic","2018",720
"Campervans","Vic","2019",682
"Campervans","Vic","2020",461
"Campervans","Vic","2021",1008
"Campervans","Vic","2022",923
"Campervans","Vic","2023",1130
"Campervans","Vic","2024",1341
"Campervans","Vic","2025",31
"Campervans","Vic","Not stated",0
"Campervans","Qld","1901",0
"Campervans","Qld","1902",0
"Campervans","Qld","1903",0
"Campervans","Qld","1904",0
"Campervans","Qld","1905",0
"Campervans","Qld","1906",0
"Campervans","Qld","1907",0
"Campervans","Qld","1908",0
"Campervans","Qld","1909",0
"Campervans","Qld","1910",0
"Campervans","Qld","1911",0
"Campervans","Qld","1912",0
"Campervans","Qld","1913",0
"Campervans","Qld","1914",0
"Campervans","Qld","1915",0
"Campervans","Qld","1916",0
"Campervans","Qld","1917",0
"Campervans","Qld","1918",0
"Campervans","Qld","1919",0
"Campervans","Qld","1920",0
"Campervans","Qld","1921",0
"Campervans","Qld","1922",0
"Campervans","Qld","1923",0
"Campervans","Qld","1924",0
"Campervans","Qld","1925",0
"Campervans","Qld","1926",0
"Campervans","Qld","1927",3
"Campervans","Qld","1928",0
"Campervans","Qld","1929",0
"Campervans","Qld","1930",0
"Campervans","Qld","1931",0
"Campervans","Qld","1932",0
"Campervans","Qld","1933",0
"Campervans","Qld","1934",0
"Campervans","Qld","1935",0
"Campervans","Qld","1936",0
"Campervans","Qld","1937",0
"Campervans","Qld","1938",0
"Campervans","Qld","1939",3
"Campervans","Qld","1940",0
"Campervans","Qld","1941",0
"Campervans","Qld","1942",0
"Campervans","Qld","1943",0
"Campervans","Qld","1944",0
"Campervans","Qld","1945",0
"Campervans","Qld","1946",0
"Campervans","Qld","1947",0
"Campervans","Qld","1948",3
"Campervans","Qld","1949",3
"Campervans","Qld","1950",0
"Campervans","Qld","1951",0
"Campervans","Qld","1952",0
"Campervans","Qld","1953",0
"Campervans","Qld","1954",3
"Campervans","Qld","1955",0
"Campervans","Qld","1956",3
"Campervans","Qld","1957",3
"Campervans","Qld","1958",0
"Campervans","Qld","1959",3
"Campervans","Qld","1960",0
"Campervans","Qld","1961",0
"Campervans","Qld","1962",4
"Campervans","Qld","1963",3
"Campervans","Qld","1964",3
"Campervans","Qld","1965",5
"Campervans","Qld","1966",5
"Campervans","Qld","1967",0
"Campervans","Qld","1968",8
"Campervans","Qld","1969",7
"Campervans","Qld","1970",11
"Campervans","Qld","1971",12
"Campervans","Qld","1972",19
"Campervans","Qld","1973",25
"Campervans","Qld","1974",66
"Campervans","Qld","1975",60
"Campervans","Qld","1976",80
"Campervans","Qld","1977",44
"Campervans","Qld","1978",36
"Campervans","Qld","1979",44
"Campervans","Qld","1980",41
"Campervans","Qld","1981",54
"Campervans","Qld","1982",93
"Campervans","Qld","1983",89
"Campervans","Qld","1984",156
"Campervans","Qld","1985",186
"Campervans","Qld","1986",205
"Campervans","Qld","1987",241
"Campervans","Qld","1988",340
"Campervans","Qld","1989",258
"Campervans","Qld","1990",220
"Campervans","Qld","1991",209
"Campervans","Qld","1992",260
"Campervans","Qld","1993",294
"Campervans","Qld","1994",321
"Campervans","Qld","1995",358
"Campervans","Qld","1996",383
"Campervans","Qld","1997",446
"Campervans","Qld","1998",541
"Campervans","Qld","1999",587
"Campervans","Qld","2000",701
"Campervans","Qld","2001",891
"Campervans","Qld","2002",1073
"Campervans","Qld","2003",1399
"Campervans","Qld","2004",1585
"Campervans","Qld","2005",1364
"Campervans","Qld","2006",1131
"Campervans","Qld","2007",1132
"Campervans","Qld","2008",1046
"Campervans","Qld","2009",701
"Campervans","Qld","2010",921
"Campervans","Qld","2011",693
"Campervans","Qld","2012",667
"Campervans","Qld","2013",604
"Campervans","Qld","2014",645
"Campervans","Qld","2015",756
"Campervans","Qld","2016",801
"Campervans","Qld","2017",939
"Campervans","Qld","2018",1077
"Campervans","Qld","2019",855
"Campervans","Qld","2020",554
"Campervans","Qld","2021",929
"Campervans","Qld","2022",945
"Campervans","Qld","2023",1297
"Campervans","Qld","2024",1483
"Campervans","Qld","2025",29
"Campervans","Qld","Not stated",0
"Campervans","SA","1901",0
"Campervans","SA","1902",0
"Campervans","SA","1903",0
"Campervans","SA","1904",0
"Campervans","SA","1905",0
"Campervans","SA","1906",0
"Campervans","SA","1907",0
"Campervans","SA","1908",0
"Campervans","SA","1909",0
"Campervans","SA","1910",0
"Campervans","SA","1911",0
"Campervans","SA","1912",0
"Campervans","SA","1913",0
"Campervans","SA","1914",0
"Campervans","SA","1915",0
"Campervans","SA","1916",0
"Campervans","SA","1917",0
"Campervans","SA","1918",0
"Campervans","SA","1919",0
"Campervans","SA","1920",0
"Campervans","SA","1921",0
"Campervans","SA","1922",0
"Campervans","SA","1923",0
"Campervans","SA","1924",0
"Campervans","SA","1925",0
"Campervans","SA","1926",0
"Campervans","SA","1927",0
"Campervans","SA","1928",0
"Campervans","SA","1929",0
"Campervans","SA","1930",0
"Campervans","SA","1931",0
"Campervans","SA","1932",0
"Campervans","SA","1933",0
"Campervans","SA","1934",0
"Campervans","SA","1935",0
"Campervans","SA","1936",0
"Campervans","SA","1937",0
"Campervans","SA","1938",0
"Campervans","SA","1939",0
"Campervans","SA","1940",0
"Campervans","SA","1941",0
"Campervans","SA","1942",0
"Campervans","SA","1943",0
"Campervans","SA","1944",0
"Campervans","SA","1945",0
"Campervans","SA","1946",0
"Campervans","SA","1947",0
"Campervans","SA","1948",0
"Campervans","SA","1949",0
"Campervans","SA","1950",0
"Campervans","SA","1951",0
"Campervans","SA","1952",0
"Campervans","SA","1953",0
"Campervans","SA","1954",0
"Campervans","SA","1955",3
"Campervans","SA","1956",0
"Campervans","SA","1957",0
"Campervans","SA","1958",0
"Campervans","SA","1959",3
"Campervans","SA","1960",0
"Campervans","SA","1961",3
"Campervans","SA","1962",0
"Campervans","SA","1963",3
"Campervans","SA","1964",0
"Campervans","SA","1965",3
"Campervans","SA","1966",4
"Campervans","SA","1967",3
"Campervans","SA","1968",3
"Campervans","SA","1969",6
"Campervans","SA","1970",8
"Campervans","SA","1971",3
"Campervans","SA","1972",6
"Campervans","SA","1973",4
"Campervans","SA","1974",12
"Campervans","SA","1975",11
"Campervans","SA","1976",16
"Campervans","SA","1977",6
"Campervans","SA","1978",8
"Campervans","SA","1979",10
"Campervans","SA","1980",7
"Campervans","SA","1981",13
"Campervans","SA","1982",9
"Campervans","SA","1983",15
"Campervans","SA","1984",18
"Campervans","SA","1985",25
"Campervans","SA","1986",31
"Campervans","SA","1987",31
"Campervans","SA","1988",50
"Campervans","SA","1989",27
"Campervans","SA","1990",39
"Campervans","SA","1991",26
"Campervans","SA","1992",26
"Campervans","SA","1993",39
"Campervans","SA","1994",35
"Campervans","SA","1995",50
"Campervans","SA","1996",47
"Campervans","SA","1997",39
"Campervans","SA","1998",61
"Campervans","SA","1999",69
"Campervans","SA","2000",118
"Campervans","SA","2001",89
"Campervans","SA","2002",179
"Campervans","SA","2003",240
"Campervans","SA","2004",297
"Campervans","SA","2005",224
"Campervans","SA","2006",190
"Campervans","SA","2007",146
"Campervans","SA","2008",150
"Campervans","SA","2009",90
"Campervans","SA","2010",140
"Campervans","SA","2011",70
"Campervans","SA","2012",80
"Campervans","SA","2013",80
"Campervans","SA","2014",111
"Campervans","SA","2015",95
"Campervans","SA","2016",117
"Campervans","SA","2017",111
"Campervans","SA","2018",109
"Campervans","SA","2019",90
"Campervans","SA","2020",71
"Campervans","SA","2021",93
"Campervans","SA","2022",93
"Campervans","SA","2023",119
"Campervans","SA","2024",201
"Campervans","SA","2025",0
"Campervans","SA","Not stated",0
"Campervans","WA","1901",0
"Campervans","WA","1902",0
"Campervans","WA","1903",0
"Campervans","WA","1904",0
"Campervans","WA","1905",0
"Campervans","WA","1906",0
"Campervans","WA","1907",0
"Campervans","WA","1908",0
"Campervans","WA","1909",0
"Campervans","WA","1910",0
"Campervans","WA","1911",0
"Campervans","WA","1912",0
"Campervans","WA","1913",0
"Campervans","WA","1914",0
"Campervans","WA","1915",0
"Campervans","WA","1916",0
"Campervans","WA","1917",0
"Campervans","WA","1918",0
"Campervans","WA","1919",0
"Campervans","WA","1920",0
"Campervans","WA","1921",0
"Campervans","WA","1922",0
"Campervans","WA","1923",0
"Campervans","WA","1924",0
"Campervans","WA","1925",0
"Campervans","WA","1926",0
"Campervans","WA","1927",0
"Campervans","WA","1928",0
"Campervans","WA","1929",0
"Campervans","WA","1930",0
"Campervans","WA","1931",0
"Campervans","WA","1932",0
"Campervans","WA","1933",0
"Campervans","WA","1934",0
"Campervans","WA","1935",0
"Campervans","WA","1936",0
"Campervans","WA","1937",0
"Campervans","WA","1938",0
"Campervans","WA","1939",0
"Campervans","WA","1940",0
"Campervans","WA","1941",0
"Campervans","WA","1942",0
"Campervans","WA","1943",0
"Campervans","WA","1944",0
"Campervans","WA","1945",0
"Campervans","WA","1946",0
"Campervans","WA","1947",0
"Campervans","WA","1948",0
"Campervans","WA","1949",0
"Campervans","WA","1950",0
"Campervans","WA","1951",0
"Campervans","WA","1952",0
"Campervans","WA","1953",3
"Campervans","WA","1954",0
"Campervans","WA","1955",0
"Campervans","WA","1956",0
"Campervans","WA","1957",0
"Campervans","WA","1958",3
"Campervans","WA","1959",0
"Campervans","WA","1960",0
"Campervans","WA","1961",3
"Campervans","WA","1962",0
"Campervans","WA","1963",3
"Campervans","WA","1964",3
"Campervans","WA","1965",3
"Campervans","WA","1966",3
"Campervans","WA","1967",5
"Campervans","WA","1968",3
"Campervans","WA","1969",7
"Campervans","WA","1970",8
"Campervans","WA","1971",8
"Campervans","WA","1972",6
"Campervans","WA","1973",18
"Campervans","WA","1974",21
"Campervans","WA","1975",14
"Campervans","WA","1976",27
"Campervans","WA","1977",13
"Campervans","WA","1978",15
"Campervans","WA","1979",15
"Campervans","WA","1980",10
"Campervans","WA","1981",14
"Campervans","WA","1982",10
"Campervans","WA","1983",16
"Campervans","WA","1984",11
"Campervans","WA","1985",28
"Campervans","WA","1986",18
"Campervans","WA","1987",31
"Campervans","WA","1988",59
"Campervans","WA","1989",56
"Campervans","WA","1990",49
"Campervans","WA","1991",39
"Campervans","WA","1992",67
"Campervans","WA","1993",49
"Campervans","WA","1994",72
"Campervans","WA","1995",84
"Campervans","WA","1996",66
"Campervans","WA","1997",42
"Campervans","WA","1998",81
"Campervans","WA","1999",71
"Campervans","WA","2000",121
"Campervans","WA","2001",100
"Campervans","WA","2002",112
"Campervans","WA","2003",199
"Campervans","WA","2004",188
"Campervans","WA","2005",199
"Campervans","WA","2006",157
"Campervans","WA","2007",130
"Campervans","WA","2008",100
"Campervans","WA","2009",46
"Campervans","WA","2010",68
"Campervans","WA","2011",32
"Campervans","WA","2012",43
"Campervans","WA","2013",33
"Campervans","WA","2014",23
"Campervans","WA","2015",30
"Campervans","WA","2016",26
"Campervans","WA","2017",9
"Campervans","WA","2018",5
"Campervans","WA","2019",0
"Campervans","WA","2020",13
"Campervans","WA","2021",7
"Campervans","WA","2022",3
"Campervans","WA","2023",0
"Campervans","WA","2024",3
"Campervans","WA","2025",0
"Campervans","WA","Not stated",0
"Campervans","Tas","1901",0
"Campervans","Tas","1902",0
"Campervans","Tas","1903",0
"Campervans","Tas","1904",0
"Campervans","Tas","1905",0
"Campervans","Tas","1906",0
"Campervans","Tas","1907",0
"Campervans","Tas","1908",0
"Campervans","Tas","1909",0
"Campervans","Tas","1910",0
"Campervans","Tas","1911",0
"Campervans","Tas","1912",0
"Campervans","Tas","1913",0
"Campervans","Tas","1914",0
"Campervans","Tas","1915",0
"Campervans","Tas","1916",0
"Campervans","Tas","1917",0
"Campervans","Tas","1918",0
"Campervans","Tas","1919",0
"Campervans","Tas","1920",0
"Campervans","Tas","1921",0
"Campervans","Tas","1922",0
"Campervans","Tas","1923",0
"Campervans","Tas","1924",0
"Campervans","Tas","1925",0
"Campervans","Tas","1926",0
"Campervans","Tas","1927",0
"Campervans","Tas","1928",0
"Campervans","Tas","1929",0
"Campervans","Tas","1930",0
"Campervans","Tas","1931",0
"Campervans","Tas","1932",0
"Campervans","Tas","1933",0
"Campervans","Tas","1934",0
"Campervans","Tas","1935",0
"Campervans","Tas","1936",0
"Campervans","Tas","1937",0
"Campervans","Tas","1938",0
"Campervans","Tas","1939",0
"Campervans","Tas","1940",0
"Campervans","Tas","1941",0
"Campervans","Tas","1942",0
"Campervans","Tas","1943",3
"Campervans","Tas","1944",0
"Campervans","Tas","1945",0
"Campervans","Tas","1946",0
"Campervans","Tas","1947",3
"Campervans","Tas","1948",0
"Campervans","Tas","1949",0
"Campervans","Tas","1950",0
"Campervans","Tas","1951",3
"Campervans","Tas","1952",0
"Campervans","Tas","1953",0
"Campervans","Tas","1954",0
"Campervans","Tas","1955",0
"Campervans","Tas","1956",0
"Campervans","Tas","1957",0
"Campervans","Tas","1958",0
"Campervans","Tas","1959",0
"Campervans","Tas","1960",3
"Campervans","Tas","1961",0
"Campervans","Tas","1962",0
"Campervans","Tas","1963",0
"Campervans","Tas","1964",3
"Campervans","Tas","1965",3
"Campervans","Tas","1966",0
"Campervans","Tas","1967",3
"Campervans","Tas","1968",9
"Campervans","Tas","1969",6
"Campervans","Tas","1970",7
"Campervans","Tas","1971",8
"Campervans","Tas","1972",16
"Campervans","Tas","1973",21
"Campervans","Tas","1974",48
"Campervans","Tas","1975",49
"Campervans","Tas","1976",48
"Campervans","Tas","1977",63
"Campervans","Tas","1978",43
"Campervans","Tas","1979",39
"Campervans","Tas","1980",31
"Campervans","Tas","1981",30
"Campervans","Tas","1982",55
"Campervans","Tas","1983",83
"Campervans","Tas","1984",105
"Campervans","Tas","1985",151
"Campervans","Tas","1986",114
"Campervans","Tas","1987",103
"Campervans","Tas","1988",145
"Campervans","Tas","1989",125
"Campervans","Tas","1990",115
"Campervans","Tas","1991",86
"Campervans","Tas","1992",93
"Campervans","Tas","1993",94
"Campervans","Tas","1994",104
"Campervans","Tas","1995",110
"Campervans","Tas","1996",118
"Campervans","Tas","1997",113
"Campervans","Tas","1998",115
"Campervans","Tas","1999",139
"Campervans","Tas","2000",124
"Campervans","Tas","2001",194
"Campervans","Tas","2002",164
"Campervans","Tas","2003",212
"Campervans","Tas","2004",205
"Campervans","Tas","2005",187
"Campervans","Tas","2006",219
"Campervans","Tas","2007",233
"Campervans","Tas","2008",212
"Campervans","Tas","2009",116
"Campervans","Tas","2010",181
"Campervans","Tas","2011",108
"Campervans","Tas","2012",113
"Campervans","Tas","2013",111
"Campervans","Tas","2014",97
"Campervans","Tas","2015",150
"Campervans","Tas","2016",120
"Campervans","Tas","2017",122
"Campervans","Tas","2018",138
"Campervans","Tas","2019",104
"Campervans","Tas","2020",72
"Campervans","Tas","2021",109
"Campervans","Tas","2022",128
"Campervans","Tas","2023",156
"Campervans","Tas","2024",106
"Campervans","Tas","2025",0
"Campervans","Tas","Not stated",0
"Campervans","NT","1901",0
"Campervans","NT","1902",0
"Campervans","NT","1903",0
"Campervans","NT","1904",0
"Campervans","NT","1905",0
"Campervans","NT","1906",0
"Campervans","NT","1907",0
"Campervans","NT","1908",0
"Campervans","NT","1909",0
"Campervans","NT","1910",0
"Campervans","NT","1911",0
"Campervans","NT","1912",0
"Campervans","NT","1913",0
"Campervans","NT","1914",0
"Campervans","NT","1915",0
"Campervans","NT","1916",0
"Campervans","NT","1917",0
"Campervans","NT","1918",0
"Campervans","NT","1919",0
"Campervans","NT","1920",0
"Campervans","NT","1921",0
"Campervans","NT","1922",0
"Campervans","NT","1923",0
"Campervans","NT","1924",0
"Campervans","NT","1925",0
"Campervans","NT","1926",0
"Campervans","NT","1927",0
"Campervans","NT","1928",0
"Campervans","NT","1929",0
"Campervans","NT","1930",0
"Campervans","NT","1931",0
"Campervans","NT","1932",0
"Campervans","NT","1933",0
"Campervans","NT","1934",0
"Campervans","NT","1935",0
"Campervans","NT","1936",0
"Campervans","NT","1937",0
"Campervans","NT","1938",0
"Campervans","NT","1939",0
"Campervans","NT","1940",0
"Campervans","NT","1941",0
"Campervans","NT","1942",0
"Campervans","NT","1943",0
"Campervans","NT","1944",0
"Campervans","NT","1945",0
"Campervans","NT","1946",0
"Campervans","NT","1947",0
"Campervans","NT","1948",0
"Campervans","NT","1949",0
"Campervans","NT","1950",0
"Campervans","NT","1951",0
"Campervans","NT","1952",0
"Campervans","NT","1953",0
"Campervans","NT","1954",0
"Campervans","NT","1955",0
"Campervans","NT","1956",0
"Campervans","NT","1957",0
"Campervans","NT","1958",0
"Campervans","NT","1959",0
"Campervans","NT","1960",0
"Campervans","NT","1961",0
"Campervans","NT","1962",0
"Campervans","NT","1963",0
"Campervans","NT","1964",0
"Campervans","NT","1965",0
"Campervans","NT","1966",0
"Campervans","NT","1967",0
"Campervans","NT","1968",0
"Campervans","NT","1969",0
"Campervans","NT","1970",0
"Campervans","NT","1971",0
"Campervans","NT","1972",0
"Campervans","NT","1973",0
"Campervans","NT","1974",0
"Campervans","NT","1975",0
"Campervans","NT","1976",0
"Campervans","NT","1977",0
"Campervans","NT","1978",0
"Campervans","NT","1979",0
"Campervans","NT","1980",0
"Campervans","NT","1981",0
"Campervans","NT","1982",0
"Campervans","NT","1983",0
"Campervans","NT","1984",3
"Campervans","NT","1985",0
"Campervans","NT","1986",0
"Campervans","NT","1987",0
"Campervans","NT","1988",0
"Campervans","NT","1989",0
"Campervans","NT","1990",0
"Campervans","NT","1991",0
"Campervans","NT","1992",0
"Campervans","NT","1993",0
"Campervans","NT","1994",0
"Campervans","NT","1995",3
"Campervans","NT","1996",0
"Campervans","NT","1997",3
"Campervans","NT","1998",3
"Campervans","NT","1999",5
"Campervans","NT","2000",5
"Campervans","NT","2001",3
"Campervans","NT","2002",3
"Campervans","NT","2003",11
"Campervans","NT","2004",9
"Campervans","NT","2005",10
"Campervans","NT","2006",4
"Campervans","NT","2007",3
"Campervans","NT","2008",8
"Campervans","NT","2009",0
"Campervans","NT","2010",0
"Campervans","NT","2011",3
"Campervans","NT","2012",0
"Campervans","NT","2013",3
"Campervans","NT","2014",0
"Campervans","NT","2015",3
"Campervans","NT","2016",5
"Campervans","NT","2017",5
"Campervans","NT","2018",7
"Campervans","NT","2019",6
"Campervans","NT","2020",0
"Campervans","NT","2021",3
"Campervans","NT","2022",3
"Campervans","NT","2023",7
"Campervans","NT","2024",5
"Campervans","NT","2025",0
"Campervans","NT","Not stated",0
"Campervans","ACT","1901",0
"Campervans","ACT","1902",0
"Campervans","ACT","1903",0
"Campervans","ACT","1904",0
"Campervans","ACT","1905",0
"Campervans","ACT","1906",0
"Campervans","ACT","1907",0
"Campervans","ACT","1908",0
"Campervans","ACT","1909",0
"Campervans","ACT","1910",0
"Campervans","ACT","1911",0
"Campervans","ACT","1912",0
"Campervans","ACT","1913",0
"Campervans","ACT","1914",0
"Campervans","ACT","1915",0
"Campervans","ACT","1916",0
"Campervans","ACT","1917",0
"Campervans","ACT","1918",0
"Campervans","ACT","1919",0
"Campervans","ACT","1920",0
"Campervans","ACT","1921",0
"Campervans","ACT","1922",0
"Campervans","ACT","1923",0
"Campervans","ACT","1924",0
"Campervans","ACT","1925",0
"Campervans","ACT","1926",0
"Campervans","ACT","1927",0
"Campervans","ACT","1928",0
"Campervans","ACT","1929",0
"Campervans","ACT","1930",0
"Campervans","ACT","1931",0
"Campervans","ACT","1932",0
"Campervans","ACT","1933",0
"Campervans","ACT","1934",0
"Campervans","ACT","1935",0
"Campervans","ACT","1936",0
"Campervans","ACT","1937",0
"Campervans","ACT","1938",0
"Campervans","ACT","1939",0
"Campervans","ACT","1940",0
"Campervans","ACT","1941",0
"Campervans","ACT","1942",0
"Campervans","ACT","1943",0
"Campervans","ACT","1944",0
"Campervans","ACT","1945",0
"Campervans","ACT","1946",0
"Campervans","ACT","1947",0
"Campervans","ACT","1948",0
"Campervans","ACT","1949",0
"Campervans","ACT","1950",0
"Campervans","ACT","1951",0
"Campervans","ACT","1952",0
"Campervans","ACT","1953",0
"Campervans","ACT","1954",0
"Campervans","ACT","1955",0
"Campervans","ACT","1956",0
"Campervans","ACT","1957",0
"Campervans","ACT","1958",0
"Campervans","ACT","1959",3
"Campervans","ACT","1960",0
"Campervans","ACT","1961",0
"Campervans","ACT","1962",0
"Campervans","ACT","1963",0
"Campervans","ACT","1964",0
"Campervans","ACT","1965",3
"Campervans","ACT","1966",0
"Campervans","ACT","1967",0
"Campervans","ACT","1968",0
"Campervans","ACT","1969",0
"Campervans","ACT","1970",0
"Campervans","ACT","1971",0
"Campervans","ACT","1972",0
"Campervans","ACT","1973",0
"Campervans","ACT","1974",8
"Campervans","ACT","1975",10
"Campervans","ACT","1976",12
"Campervans","ACT","1977",3
"Campervans","ACT","1978",0
"Campervans","ACT","1979",3
"Campervans","ACT","1980",0
"Campervans","ACT","1981",3
"Campervans","ACT","1982",3
"Campervans","ACT","1983",0
"Campervans","ACT","1984",0
"Campervans","ACT","1985",3
"Campervans","ACT","1986",6
"Campervans","ACT","1987",3
"Campervans","ACT","1988",4
"Campervans","ACT","1989",7
"Campervans","ACT","1990",9
"Campervans","ACT","1991",4
"Campervans","ACT","1992",0
"Campervans","ACT","1993",5
"Campervans","ACT","1994",17
"Campervans","ACT","1995",9
"Campervans","ACT","1996",8
"Campervans","ACT","1997",9
"Campervans","ACT","1998",7
"Campervans","ACT","1999",12
"Campervans","ACT","2000",18
"Campervans","ACT","2001",18
"Campervans","ACT","2002",25
"Campervans","ACT","2003",39
"Campervans","ACT","2004",46
"Campervans","ACT","2005",57
"Campervans","ACT","2006",48
"Campervans","ACT","2007",53
"Campervans","ACT","2008",37
"Campervans","ACT","2009",26
"Campervans","ACT","2010",44
"Campervans","ACT","2011",37
"Campervans","ACT","2012",19
"Campervans","ACT","2013",29
"Campervans","ACT","2014",16
"Campervans","ACT","2015",27
"Campervans","ACT","2016",31
"Campervans","ACT","2017",23
"Campervans","ACT","2018",23
"Campervans","ACT","2019",21
"Campervans","ACT","2020",20
"Campervans","ACT","2021",31
"Campervans","ACT","2022",28
"Campervans","ACT","2023",39
"Campervans","ACT","2024",28
"Campervans","ACT","2025",0
"Campervans","ACT","Not stated",0
"Light buses","NSW","1901",0
"Light buses","NSW","1902",0
"Light buses","NSW","1903",0
"Light buses","NSW","1904",0
"Light buses","NSW","1905",0
"Light buses","NSW","1906",0
"Light buses","NSW","1907",0
"Light buses","NSW","1908",0
"Light buses","NSW","1909",0
"Light buses","NSW","1910",0
"Light buses","NSW","1911",0
"Light buses","NSW","1912",0
"Light buses","NSW","1913",0
"Light buses","NSW","1914",0
"Light buses","NSW","1915",0
"Light buses","NSW","1916",0
"Light buses","NSW","1917",0
"Light buses","NSW","1918",0
"Light buses","NSW","1919",0
"Light buses","NSW","1920",0
"Light buses","NSW","1921",0
"Light buses","NSW","1922",0
"Light buses","NSW","1923",0
"Light buses","NSW","1924",0
"Light buses","NSW","1925",0
"Light buses","NSW","1926",0
"Light buses","NSW","1927",0
"Light buses","NSW","1928",0
"Light buses","NSW","1929",0
"Light buses","NSW","1930",0
"Light buses","NSW","1931",0
"Light buses","NSW","1932",0
"Light buses","NSW","1933",0
"Light buses","NSW","1934",0
"Light buses","NSW","1935",0
"Light buses","NSW","1936",0
"Light buses","NSW","1937",0
"Light buses","NSW","1938",0
"Light buses","NSW","1939",0
"Light buses","NSW","1940",0
"Light buses","NSW","1941",0
"Light buses","NSW","1942",0
"Light buses","NSW","1943",0
"Light buses","NSW","1944",0
"Light buses","NSW","1945",0
"Light buses","NSW","1946",0
"Light buses","NSW","1947",0
"Light buses","NSW","1948",0
"Light buses","NSW","1949",0
"Light buses","NSW","1950",0
"Light buses","NSW","1951",0
"Light buses","NSW","1952",0
"Light buses","NSW","1953",0
"Light buses","NSW","1954",0
"Light buses","NSW","1955",0
"Light buses","NSW","1956",0
"Light buses","NSW","1957",0
"Light buses","NSW","1958",0
"Light buses","NSW","1959",0
"Light buses","NSW","1960",0
"Light buses","NSW","1961",3
"Light buses","NSW","1962",0
"Light buses","NSW","1963",0
"Light buses","NSW","1964",0
"Light buses","NSW","1965",0
"Light buses","NSW","1966",0
"Light buses","NSW","1967",0
"Light buses","NSW","1968",0
"Light buses","NSW","1969",3
"Light buses","NSW","1970",0
"Light buses","NSW","1971",0
"Light buses","NSW","1972",0
"Light buses","NSW","1973",0
"Light buses","NSW","1974",3
"Light buses","NSW","1975",0
"Light buses","NSW","1976",3
"Light buses","NSW","1977",0
"Light buses","NSW","1978",0
"Light buses","NSW","1979",0
"Light buses","NSW","1980",0
"Light buses","NSW","1981",3
"Light buses","NSW","1982",0
"Light buses","NSW","1983",0
"Light buses","NSW","1984",7
"Light buses","NSW","1985",3
"Light buses","NSW","1986",4
"Light buses","NSW","1987",5
"Light buses","NSW","1988",6
"Light buses","NSW","1989",14
"Light buses","NSW","1990",10
"Light buses","NSW","1991",25
"Light buses","NSW","1992",20
"Light buses","NSW","1993",27
"Light buses","NSW","1994",47
"Light buses","NSW","1995",53
"Light buses","NSW","1996",48
"Light buses","NSW","1997",60
"Light buses","NSW","1998",109
"Light buses","NSW","1999",101
"Light buses","NSW","2000",174
"Light buses","NSW","2001",92
"Light buses","NSW","2002",141
"Light buses","NSW","2003",198
"Light buses","NSW","2004",146
"Light buses","NSW","2005",398
"Light buses","NSW","2006",467
"Light buses","NSW","2007",478
"Light buses","NSW","2008",813
"Light buses","NSW","2009",518
"Light buses","NSW","2010",584
"Light buses","NSW","2011",806
"Light buses","NSW","2012",543
"Light buses","NSW","2013",533
"Light buses","NSW","2014",731
"Light buses","NSW","2015",737
"Light buses","NSW","2016",680
"Light buses","NSW","2017",676
"Light buses","NSW","2018",669
"Light buses","NSW","2019",709
"Light buses","NSW","2020",469
"Light buses","NSW","2021",825
"Light buses","NSW","2022",443
"Light buses","NSW","2023",682
"Light buses","NSW","2024",742
"Light buses","NSW","2025",3
"Light buses","NSW","Not stated",0
"Light buses","Vic","1901",0
"Light buses","Vic","1902",0
"Light buses","Vic","1903",0
"Light buses","Vic","1904",0
"Light buses","Vic","1905",0
"Light buses","Vic","1906",0
"Light buses","Vic","1907",0
"Light buses","Vic","1908",0
"Light buses","Vic","1909",0
"Light buses","Vic","1910",0
"Light buses","Vic","1911",0
"Light buses","Vic","1912",0
"Light buses","Vic","1913",0
"Light buses","Vic","1914",0
"Light buses","Vic","1915",0
"Light buses","Vic","1916",0
"Light buses","Vic","1917",0
"Light buses","Vic","1918",0
"Light buses","Vic","1919",0
"Light buses","Vic","1920",0
"Light buses","Vic","1921",0
"Light buses","Vic","1922",0
"Light buses","Vic","1923",0
"Light buses","Vic","1924",0
"Light buses","Vic","1925",0
"Light buses","Vic","1926",0
"Light buses","Vic","1927",0
"Light buses","Vic","1928",0
"Light buses","Vic","1929",0
"Light buses","Vic","1930",0
"Light buses","Vic","1931",0
"Light buses","Vic","1932",0
"Light buses","Vic","1933",0
"Light buses","Vic","1934",0
"Light buses","Vic","1935",0
"Light buses","Vic","1936",0
"Light buses","Vic","1937",0
"Light buses","Vic","1938",0
"Light buses","Vic","1939",0
"Light buses","Vic","1940",0
"Light buses","Vic","1941",0
"Light buses","Vic","1942",0
"Light buses","Vic","1943",0
"Light buses","Vic","1944",0
"Light buses","Vic","1945",0
"Light buses","Vic","1946",0
"Light buses","Vic","1947",0
"Light buses","Vic","1948",0
"Light buses","Vic","1949",0
"Light buses","Vic","1950",0
"Light buses","Vic","1951",0
"Light buses","Vic","1952",0
"Light buses","Vic","1953",0
"Light buses","Vic","1954",0
"Light buses","Vic","1955",3
"Light buses","Vic","1956",0
"Light buses","Vic","1957",3
"Light buses","Vic","1958",0
"Light buses","Vic","1959",0
"Light buses","Vic","1960",0
"Light buses","Vic","1961",0
"Light buses","Vic","1962",0
"Light buses","Vic","1963",0
"Light buses","Vic","1964",0
"Light buses","Vic","1965",0
"Light buses","Vic","1966",0
"Light buses","Vic","1967",0
"Light buses","Vic","1968",3
"Light buses","Vic","1969",0
"Light buses","Vic","1970",0
"Light buses","Vic","1971",0
"Light buses","Vic","1972",0
"Light buses","Vic","1973",0
"Light buses","Vic","1974",3
"Light buses","Vic","1975",0
"Light buses","Vic","1976",3
"Light buses","Vic","1977",3
"Light buses","Vic","1978",3
"Light buses","Vic","1979",3
"Light buses","Vic","1980",4
"Light buses","Vic","1981",5
"Light buses","Vic","1982",14
"Light buses","Vic","1983",11
"Light buses","Vic","1984",27
"Light buses","Vic","1985",24
"Light buses","Vic","1986",25
"Light buses","Vic","1987",28
"Light buses","Vic","1988",36
"Light buses","Vic","1989",30
"Light buses","Vic","1990",46
"Light buses","Vic","1991",55
"Light buses","Vic","1992",58
"Light buses","Vic","1993",70
"Light buses","Vic","1994",90
"Light buses","Vic","1995",91
"Light buses","Vic","1996",100
"Light buses","Vic","1997",136
"Light buses","Vic","1998",139
"Light buses","Vic","1999",159
"Light buses","Vic","2000",223
"Light buses","Vic","2001",166
"Light buses","Vic","2002",167
"Light buses","Vic","2003",172
"Light buses","Vic","2004",144
"Light buses","Vic","2005",323
"Light buses","Vic","2006",420
"Light buses","Vic","2007",355
"Light buses","Vic","2008",538
"Light buses","Vic","2009",432
"Light buses","Vic","2010",490
"Light buses","Vic","2011",703
"Light buses","Vic","2012",371
"Light buses","Vic","2013",388
"Light buses","Vic","2014",510
"Light buses","Vic","2015",559
"Light buses","Vic","2016",533
"Light buses","Vic","2017",520
"Light buses","Vic","2018",686
"Light buses","Vic","2019",657
"Light buses","Vic","2020",286
"Light buses","Vic","2021",424
"Light buses","Vic","2022",341
"Light buses","Vic","2023",359
"Light buses","Vic","2024",489
"Light buses","Vic","2025",0
"Light buses","Vic","Not stated",0
"Light buses","Qld","1901",0
"Light buses","Qld","1902",0
"Light buses","Qld","1903",0
"Light buses","Qld","1904",0
"Light buses","Qld","1905",0
"Light buses","Qld","1906",0
"Light buses","Qld","1907",0
"Light buses","Qld","1908",0
"Light buses","Qld","1909",0
"Light buses","Qld","1910",0
"Light buses","Qld","1911",0
"Light buses","Qld","1912",0
"Light buses","Qld","1913",0
"Light buses","Qld","1914",0
"Light buses","Qld","1915",0
"Light buses","Qld","1916",0
"Light buses","Qld","1917",0
"Light buses","Qld","1918",0
"Light buses","Qld","1919",0
"Light buses","Qld","1920",0
"Light buses","Qld","1921",0
"Light buses","Qld","1922",0
"Light buses","Qld","1923",0
"Light buses","Qld","1924",0
"Light buses","Qld","1925",0
"Light buses","Qld","1926",0
"Light buses","Qld","1927",0
"Light buses","Qld","1928",0
"Light buses","Qld","1929",0
"Light buses","Qld","1930",0
"Light buses","Qld","1931",0
"Light buses","Qld","1932",0
"Light buses","Qld","1933",0
"Light buses","Qld","1934",0
"Light buses","Qld","1935",0
"Light buses","Qld","1936",0
"Light buses","Qld","1937",0
"Light buses","Qld","1938",0
"Light buses","Qld","1939",0
"Light buses","Qld","1940",0
"Light buses","Qld","1941",0
"Light buses","Qld","1942",3
"Light buses","Qld","1943",0
"Light buses","Qld","1944",0
"Light buses","Qld","1945",0
"Light buses","Qld","1946",0
"Light buses","Qld","1947",0
"Light buses","Qld","1948",0
"Light buses","Qld","1949",0
"Light buses","Qld","1950",0
"Light buses","Qld","1951",0
"Light buses","Qld","1952",0
"Light buses","Qld","1953",0
"Light buses","Qld","1954",0
"Light buses","Qld","1955",0
"Light buses","Qld","1956",0
"Light buses","Qld","1957",0
"Light buses","Qld","1958",0
"Light buses","Qld","1959",0
"Light buses","Qld","1960",0
"Light buses","Qld","1961",0
"Light buses","Qld","1962",3
"Light buses","Qld","1963",0
"Light buses","Qld","1964",3
"Light buses","Qld","1965",0
"Light buses","Qld","1966",0
"Light buses","Qld","1967",0
"Light buses","Qld","1968",3
"Light buses","Qld","1969",0
"Light buses","Qld","1970",3
"Light buses","Qld","1971",3
"Light buses","Qld","1972",3
"Light buses","Qld","1973",0
"Light buses","Qld","1974",0
"Light buses","Qld","1975",3
"Light buses","Qld","1976",0
"Light buses","Qld","1977",0
"Light buses","Qld","1978",3
"Light buses","Qld","1979",7
"Light buses","Qld","1980",6
"Light buses","Qld","1981",11
"Light buses","Qld","1982",11
"Light buses","Qld","1983",15
"Light buses","Qld","1984",17
"Light buses","Qld","1985",24
"Light buses","Qld","1986",21
"Light buses","Qld","1987",29
"Light buses","Qld","1988",45
"Light buses","Qld","1989",35
"Light buses","Qld","1990",49
"Light buses","Qld","1991",49
"Light buses","Qld","1992",63
"Light buses","Qld","1993",64
"Light buses","Qld","1994",82
"Light buses","Qld","1995",83
"Light buses","Qld","1996",80
"Light buses","Qld","1997",96
"Light buses","Qld","1998",107
"Light buses","Qld","1999",151
"Light buses","Qld","2000",176
"Light buses","Qld","2001",146
"Light buses","Qld","2002",162
"Light buses","Qld","2003",201
"Light buses","Qld","2004",152
"Light buses","Qld","2005",323
"Light buses","Qld","2006",478
"Light buses","Qld","2007",488
"Light buses","Qld","2008",674
"Light buses","Qld","2009",330
"Light buses","Qld","2010",466
"Light buses","Qld","2011",590
"Light buses","Qld","2012",483
"Light buses","Qld","2013",467
"Light buses","Qld","2014",649
"Light buses","Qld","2015",549
"Light buses","Qld","2016",548
"Light buses","Qld","2017",613
"Light buses","Qld","2018",597
"Light buses","Qld","2019",525
"Light buses","Qld","2020",472
"Light buses","Qld","2021",749
"Light buses","Qld","2022",681
"Light buses","Qld","2023",793
"Light buses","Qld","2024",881
"Light buses","Qld","2025",0
"Light buses","Qld","Not stated",0
"Light buses","SA","1901",0
"Light buses","SA","1902",0
"Light buses","SA","1903",0
"Light buses","SA","1904",0
"Light buses","SA","1905",0
"Light buses","SA","1906",0
"Light buses","SA","1907",0
"Light buses","SA","1908",0
"Light buses","SA","1909",0
"Light buses","SA","1910",0
"Light buses","SA","1911",0
"Light buses","SA","1912",0
"Light buses","SA","1913",0
"Light buses","SA","1914",0
"Light buses","SA","1915",0
"Light buses","SA","1916",0
"Light buses","SA","1917",0
"Light buses","SA","1918",0
"Light buses","SA","1919",0
"Light buses","SA","1920",0
"Light buses","SA","1921",0
"Light buses","SA","1922",0
"Light buses","SA","1923",0
"Light buses","SA","1924",0
"Light buses","SA","1925",0
"Light buses","SA","1926",0
"Light buses","SA","1927",0
"Light buses","SA","1928",0
"Light buses","SA","1929",3
"Light buses","SA","1930",0
"Light buses","SA","1931",0
"Light buses","SA","1932",0
"Light buses","SA","1933",0
"Light buses","SA","1934",0
"Light buses","SA","1935",0
"Light buses","SA","1936",3
"Light buses","SA","1937",0
"Light buses","SA","1938",0
"Light buses","SA","1939",0
"Light buses","SA","1940",0
"Light buses","SA","1941",0
"Light buses","SA","1942",0
"Light buses","SA","1943",0
"Light buses","SA","1944",0
"Light buses","SA","1945",0
"Light buses","SA","1946",0
"Light buses","SA","1947",0
"Light buses","SA","1948",0
"Light buses","SA","1949",0
"Light buses","SA","1950",0
"Light buses","SA","1951",0
"Light buses","SA","1952",0
"Light buses","SA","1953",0
"Light buses","SA","1954",0
"Light buses","SA","1955",0
"Light buses","SA","1956",0
"Light buses","SA","1957",3
"Light buses","SA","1958",0
"Light buses","SA","1959",0
"Light buses","SA","1960",0
"Light buses","SA","1961",0
"Light buses","SA","1962",0
"Light buses","SA","1963",0
"Light buses","SA","1964",0
"Light buses","SA","1965",0
"Light buses","SA","1966",0
"Light buses","SA","1967",0
"Light buses","SA","1968",0
"Light buses","SA","1969",0
"Light buses","SA","1970",0
"Light buses","SA","1971",0
"Light buses","SA","1972",0
"Light buses","SA","1973",0
"Light buses","SA","1974",0
"Light buses","SA","1975",0
"Light buses","SA","1976",3
"Light buses","SA","1977",0
"Light buses","SA","1978",0
"Light buses","SA","1979",0
"Light buses","SA","1980",3
"Light buses","SA","1981",0
"Light buses","SA","1982",0
"Light buses","SA","1983",3
"Light buses","SA","1984",6
"Light buses","SA","1985",12
"Light buses","SA","1986",4
"Light buses","SA","1987",0
"Light buses","SA","1988",15
"Light buses","SA","1989",7
"Light buses","SA","1990",13
"Light buses","SA","1991",9
"Light buses","SA","1992",20
"Light buses","SA","1993",26
"Light buses","SA","1994",38
"Light buses","SA","1995",28
"Light buses","SA","1996",40
"Light buses","SA","1997",41
"Light buses","SA","1998",58
"Light buses","SA","1999",47
"Light buses","SA","2000",49
"Light buses","SA","2001",36
"Light buses","SA","2002",51
"Light buses","SA","2003",76
"Light buses","SA","2004",42
"Light buses","SA","2005",100
"Light buses","SA","2006",118
"Light buses","SA","2007",116
"Light buses","SA","2008",156
"Light buses","SA","2009",89
"Light buses","SA","2010",95
"Light buses","SA","2011",146
"Light buses","SA","2012",100
"Light buses","SA","2013",106
"Light buses","SA","2014",164
"Light buses","SA","2015",146
"Light buses","SA","2016",115
"Light buses","SA","2017",186
"Light buses","SA","2018",139
"Light buses","SA","2019",191
"Light buses","SA","2020",111
"Light buses","SA","2021",197
"Light buses","SA","2022",233
"Light buses","SA","2023",211
"Light buses","SA","2024",207
"Light buses","SA","2025",0
"Light buses","SA","Not stated",0
"Light buses","WA","1901",0
"Light buses","WA","1902",0
"Light buses","WA","1903",0
"Light buses","WA","1904",0
"Light buses","WA","1905",0
"Light buses","WA","1906",0
"Light buses","WA","1907",0
"Light buses","WA","1908",0
"Light buses","WA","1909",0
"Light buses","WA","1910",0
"Light buses","WA","1911",0
"Light buses","WA","1912",0
"Light buses","WA","1913",0
"Light buses","WA","1914",0
"Light buses","WA","1915",0
"Light buses","WA","1916",0
"Light buses","WA","1917",0
"Light buses","WA","1918",0
"Light buses","WA","1919",0
"Light buses","WA","1920",0
"Light buses","WA","1921",0
"Light buses","WA","1922",0
"Light buses","WA","1923",0
"Light buses","WA","1924",0
"Light buses","WA","1925",0
"Light buses","WA","1926",0
"Light buses","WA","1927",0
"Light buses","WA","1928",0
"Light buses","WA","1929",0
"Light buses","WA","1930",4
"Light buses","WA","1931",0
"Light buses","WA","1932",0
"Light buses","WA","1933",0
"Light buses","WA","1934",0
"Light buses","WA","1935",0
"Light buses","WA","1936",0
"Light buses","WA","1937",0
"Light buses","WA","1938",0
"Light buses","WA","1939",0
"Light buses","WA","1940",0
"Light buses","WA","1941",0
"Light buses","WA","1942",0
"Light buses","WA","1943",0
"Light buses","WA","1944",0
"Light buses","WA","1945",0
"Light buses","WA","1946",0
"Light buses","WA","1947",0
"Light buses","WA","1948",0
"Light buses","WA","1949",0
"Light buses","WA","1950",0
"Light buses","WA","1951",0
"Light buses","WA","1952",0
"Light buses","WA","1953",0
"Light buses","WA","1954",0
"Light buses","WA","1955",0
"Light buses","WA","1956",0
"Light buses","WA","1957",0
"Light buses","WA","1958",0
"Light buses","WA","1959",0
"Light buses","WA","1960",0
"Light buses","WA","1961",0
"Light buses","WA","1962",3
"Light buses","WA","1963",0
"Light buses","WA","1964",3
"Light buses","WA","1965",0
"Light buses","WA","1966",4
"Light buses","WA","1967",3
"Light buses","WA","1968",0
"Light buses","WA","1969",0
"Light buses","WA","1970",3
"Light buses","WA","1971",3
"Light buses","WA","1972",0
"Light buses","WA","1973",3
"Light buses","WA","1974",5
"Light buses","WA","1975",14
"Light buses","WA","1976",5
"Light buses","WA","1977",7
"Light buses","WA","1978",3
"Light buses","WA","1979",3
"Light buses","WA","1980",6
"Light buses","WA","1981",4
"Light buses","WA","1982",7
"Light buses","WA","1983",5
"Light buses","WA","1984",12
"Light buses","WA","1985",13
"Light buses","WA","1986",10
"Light buses","WA","1987",15
"Light buses","WA","1988",27
"Light buses","WA","1989",41
"Light buses","WA","1990",52
"Light buses","WA","1991",82
"Light buses","WA","1992",76
"Light buses","WA","1993",35
"Light buses","WA","1994",55
"Light buses","WA","1995",49
"Light buses","WA","1996",52
"Light buses","WA","1997",56
"Light buses","WA","1998",67
"Light buses","WA","1999",101
"Light buses","WA","2000",166
"Light buses","WA","2001",127
"Light buses","WA","2002",131
"Light buses","WA","2003",156
"Light buses","WA","2004",126
"Light buses","WA","2005",208
"Light buses","WA","2006",270
"Light buses","WA","2007",227
"Light buses","WA","2008",456
"Light buses","WA","2009",303
"Light buses","WA","2010",426
"Light buses","WA","2011",459
"Light buses","WA","2012",507
"Light buses","WA","2013",321
"Light buses","WA","2014",410
"Light buses","WA","2015",359
"Light buses","WA","2016",262
"Light buses","WA","2017",313
"Light buses","WA","2018",480
"Light buses","WA","2019",501
"Light buses","WA","2020",493
"Light buses","WA","2021",694
"Light buses","WA","2022",396
"Light buses","WA","2023",522
"Light buses","WA","2024",589
"Light buses","WA","2025",0
"Light buses","WA","Not stated",0
"Light buses","Tas","1901",0
"Light buses","Tas","1902",0
"Light buses","Tas","1903",0
"Light buses","Tas","1904",0
"Light buses","Tas","1905",0
"Light buses","Tas","1906",0
"Light buses","Tas","1907",0
"Light buses","Tas","1908",0
"Light buses","Tas","1909",0
"Light buses","Tas","1910",0
"Light buses","Tas","1911",0
"Light buses","Tas","1912",0
"Light buses","Tas","1913",0
"Light buses","Tas","1914",0
"Light buses","Tas","1915",0
"Light buses","Tas","1916",0
"Light buses","Tas","1917",0
"Light buses","Tas","1918",0
"Light buses","Tas","1919",0
"Light buses","Tas","1920",0
"Light buses","Tas","1921",0
"Light buses","Tas","1922",0
"Light buses","Tas","1923",0
"Light buses","Tas","1924",0
"Light buses","Tas","1925",0
"Light buses","Tas","1926",0
"Light buses","Tas","1927",0
"Light buses","Tas","1928",0
"Light buses","Tas","1929",0
"Light buses","Tas","1930",0
"Light buses","Tas","1931",0
"Light buses","Tas","1932",0
"Light buses","Tas","1933",0
"Light buses","Tas","1934",0
"Light buses","Tas","1935",0
"Light buses","Tas","1936",0
"Light buses","Tas","1937",0
"Light buses","Tas","1938",0
"Light buses","Tas","1939",0
"Light buses","Tas","1940",0
"Light buses","Tas","1941",0
"Light buses","Tas","1942",0
"Light buses","Tas","1943",0
"Light buses","Tas","1944",0
"Light buses","Tas","1945",0
"Light buses","Tas","1946",0
"Light buses","Tas","1947",0
"Light buses","Tas","1948",0
"Light buses","Tas","1949",0
"Light buses","Tas","1950",0
"Light buses","Tas","1951",0
"Light buses","Tas","1952",0
"Light buses","Tas","1953",0
"Light buses","Tas","1954",0
"Light buses","Tas","1955",0
"Light buses","Tas","1956",0
"Light buses","Tas","1957",0
"Light buses","Tas","1958",0
"Light buses","Tas","1959",0
"Light buses","Tas","1960",0
"Light buses","Tas","1961",0
"Light buses","Tas","1962",0
"Light buses","Tas","1963",0
"Light buses","Tas","1964",0
"Light buses","Tas","1965",0
"Light buses","Tas","1966",0
"Light buses","Tas","1967",0
"Light buses","Tas","1968",0
"Light buses","Tas","1969",0
"Light buses","Tas","1970",0
"Light buses","Tas","1971",0
"Light buses","Tas","1972",0
"Light buses","Tas","1973",0
"Light buses","Tas","1974",3
"Light buses","Tas","1975",0
"Light buses","Tas","1976",0
"Light buses","Tas","1977",0
"Light buses","Tas","1978",0
"Light buses","Tas","1979",0
"Light buses","Tas","1980",0
"Light buses","Tas","1981",4
"Light buses","Tas","1982",4
"Light buses","Tas","1983",3
"Light buses","Tas","1984",4
"Light buses","Tas","1985",9
"Light buses","Tas","1986",3
"Light buses","Tas","1987",6
"Light buses","Tas","1988",8
"Light buses","Tas","1989",8
"Light buses","Tas","1990",11
"Light buses","Tas","1991",9
"Light buses","Tas","1992",23
"Light buses","Tas","1993",12
"Light buses","Tas","1994",21
"Light buses","Tas","1995",19
"Light buses","Tas","1996",14
"Light buses","Tas","1997",19
"Light buses","Tas","1998",32
"Light buses","Tas","1999",25
"Light buses","Tas","2000",45
"Light buses","Tas","2001",23
"Light buses","Tas","2002",32
"Light buses","Tas","2003",52
"Light buses","Tas","2004",22
"Light buses","Tas","2005",51
"Light buses","Tas","2006",59
"Light buses","Tas","2007",55
"Light buses","Tas","2008",56
"Light buses","Tas","2009",43
"Light buses","Tas","2010",56
"Light buses","Tas","2011",58
"Light buses","Tas","2012",50
"Light buses","Tas","2013",55
"Light buses","Tas","2014",56
"Light buses","Tas","2015",98
"Light buses","Tas","2016",61
"Light buses","Tas","2017",40
"Light buses","Tas","2018",51
"Light buses","Tas","2019",71
"Light buses","Tas","2020",30
"Light buses","Tas","2021",82
"Light buses","Tas","2022",42
"Light buses","Tas","2023",72
"Light buses","Tas","2024",46
"Light buses","Tas","2025",0
"Light buses","Tas","Not stated",0
"Light buses","NT","1901",0
"Light buses","NT","1902",0
"Light buses","NT","1903",0
"Light buses","NT","1904",0
"Light buses","NT","1905",0
"Light buses","NT","1906",0
"Light buses","NT","1907",0
"Light buses","NT","1908",0
"Light buses","NT","1909",0
"Light buses","NT","1910",0
"Light buses","NT","1911",0
"Light buses","NT","1912",0
"Light buses","NT","1913",0
"Light buses","NT","1914",0
"Light buses","NT","1915",0
"Light buses","NT","1916",0
"Light buses","NT","1917",0
"Light buses","NT","1918",0
"Light buses","NT","1919",0
"Light buses","NT","1920",0
"Light buses","NT","1921",0
"Light buses","NT","1922",0
"Light buses","NT","1923",0
"Light buses","NT","1924",0
"Light buses","NT","1925",0
"Light buses","NT","1926",0
"Light buses","NT","1927",0
"Light buses","NT","1928",0
"Light buses","NT","1929",0
"Light buses","NT","1930",0
"Light buses","NT","1931",0
"Light buses","NT","1932",0
"Light buses","NT","1933",0
"Light buses","NT","1934",0
"Light buses","NT","1935",0
"Light buses","NT","1936",0
"Light buses","NT","1937",0
"Light buses","NT","1938",0
"Light buses","NT","1939",0
"Light buses","NT","1940",0
"Light buses","NT","1941",0
"Light buses","NT","1942",0
"Light buses","NT","1943",0
"Light buses","NT","1944",0
"Light buses","NT","1945",0
"Light buses","NT","1946",0
"Light buses","NT","1947",0
"Light buses","NT","1948",0
"Light buses","NT","1949",0
"Light buses","NT","1950",0
"Light buses","NT","1951",0
"Light buses","NT","1952",0
"Light buses","NT","1953",0
"Light buses","NT","1954",0
"Light buses","NT","1955",0
"Light buses","NT","1956",0
"Light buses","NT","1957",0
"Light buses","NT","1958",0
"Light buses","NT","1959",0
"Light buses","NT","1960",0
"Light buses","NT","1961",0
"Light buses","NT","1962",0
"Light buses","NT","1963",0
"Light buses","NT","1964",0
"Light buses","NT","1965",0
"Light buses","NT","1966",0
"Light buses","NT","1967",0
"Light buses","NT","1968",0
"Light buses","NT","1969",0
"Light buses","NT","1970",0
"Light buses","NT","1971",0
"Light buses","NT","1972",0
"Light buses","NT","1973",0
"Light buses","NT","1974",0
"Light buses","NT","1975",0
"Light buses","NT","1976",0
"Light buses","NT","1977",0
"Light buses","NT","1978",0
"Light buses","NT","1979",0
"Light buses","NT","1980",0
"Light buses","NT","1981",0
"Light buses","NT","1982",0
"Light buses","NT","1983",0
"Light buses","NT","1984",0
"Light buses","NT","1985",0
"Light buses","NT","1986",3
"Light buses","NT","1987",3
"Light buses","NT","1988",7
"Light buses","NT","1989",0
"Light buses","NT","1990",3
"Light buses","NT","1991",3
"Light buses","NT","1992",0
"Light buses","NT","1993",6
"Light buses","NT","1994",4
"Light buses","NT","1995",6
"Light buses","NT","1996",4
"Light buses","NT","1997",3
"Light buses","NT","1998",5
"Light buses","NT","1999",7
"Light buses","NT","2000",14
"Light buses","NT","2001",7
"Light buses","NT","2002",8
"Light buses","NT","2003",5
"Light buses","NT","2004",14
"Light buses","NT","2005",51
"Light buses","NT","2006",72
"Light buses","NT","2007",39
"Light buses","NT","2008",80
"Light buses","NT","2009",46
"Light buses","NT","2010",67
"Light buses","NT","2011",124
"Light buses","NT","2012",82
"Light buses","NT","2013",61
"Light buses","NT","2014",108
"Light buses","NT","2015",72
"Light buses","NT","2016",90
"Light buses","NT","2017",93
"Light buses","NT","2018",120
"Light buses","NT","2019",88
"Light buses","NT","2020",107
"Light buses","NT","2021",157
"Light buses","NT","2022",142
"Light buses","NT","2023",132
"Light buses","NT","2024",129
"Light buses","NT","2025",0
"Light buses","NT","Not stated",0
"Light buses","ACT","1901",0
"Light buses","ACT","1902",0
"Light buses","ACT","1903",0
"Light buses","ACT","1904",0
"Light buses","ACT","1905",0
"Light buses","ACT","1906",0
"Light buses","ACT","1907",0
"Light buses","ACT","1908",0
"Light buses","ACT","1909",0
"Light buses","ACT","1910",0
"Light buses","ACT","1911",0
"Light buses","ACT","1912",0
"Light buses","ACT","1913",0
"Light buses","ACT","1914",0
"Light buses","ACT","1915",0
"Light buses","ACT","1916",0
"Light buses","ACT","1917",0
"Light buses","ACT","1918",0
"Light buses","ACT","1919",0
"Light buses","ACT","1920",0
"Light buses","ACT","1921",0
"Light buses","ACT","1922",0
"Light buses","ACT","1923",0
"Light buses","ACT","1924",0
"Light buses","ACT","1925",0
"Light buses","ACT","1926",0
"Light buses","ACT","1927",0
"Light buses","ACT","1928",0
"Light buses","ACT","1929",0
"Light buses","ACT","1930",0
"Light buses","ACT","1931",0
"Light buses","ACT","1932",0
"Light buses","ACT","1933",0
"Light buses","ACT","1934",0
"Light buses","ACT","1935",0
"Light buses","ACT","1936",0
"Light buses","ACT","1937",0
"Light buses","ACT","1938",0
"Light buses","ACT","1939",0
"Light buses","ACT","1940",0
"Light buses","ACT","1941",0
"Light buses","ACT","1942",0
"Light buses","ACT","1943",0
"Light buses","ACT","1944",0
"Light buses","ACT","1945",0
"Light buses","ACT","1946",0
"Light buses","ACT","1947",0
"Light buses","ACT","1948",0
"Light buses","ACT","1949",0
"Light buses","ACT","1950",0
"Light buses","ACT","1951",0
"Light buses","ACT","1952",0
"Light buses","ACT","1953",0
"Light buses","ACT","1954",0
"Light buses","ACT","1955",0
"Light buses","ACT","1956",0
"Light buses","ACT","1957",0
"Light buses","ACT","1958",0
"Light buses","ACT","1959",0
"Light buses","ACT","1960",0
"Light buses","ACT","1961",0
"Light buses","ACT","1962",0
"Light buses","ACT","1963",0
"Light buses","ACT","1964",0
"Light buses","ACT","1965",0
"Light buses","ACT","1966",0
"Light buses","ACT","1967",0
"Light buses","ACT","1968",0
"Light buses","ACT","1969",0
"Light buses","ACT","1970",0
"Light buses","ACT","1971",0
"Light buses","ACT","1972",0
"Light buses","ACT","1973",0
"Light buses","ACT","1974",0
"Light buses","ACT","1975",0
"Light buses","ACT","1976",0
"Light buses","ACT","1977",0
"Light buses","ACT","1978",0
"Light buses","ACT","1979",0
"Light buses","ACT","1980",3
"Light buses","ACT","1981",0
"Light buses","ACT","1982",0
"Light buses","ACT","1983",0
"Light buses","ACT","1984",0
"Light buses","ACT","1985",0
"Light buses","ACT","1986",0
"Light buses","ACT","1987",0
"Light buses","ACT","1988",0
"Light buses","ACT","1989",3
"Light buses","ACT","1990",3
"Light buses","ACT","1991",0
"Light buses","ACT","1992",3
"Light buses","ACT","1993",3
"Light buses","ACT","1994",3
"Light buses","ACT","1995",5
"Light buses","ACT","1996",3
"Light buses","ACT","1997",4
"Light buses","ACT","1998",3
"Light buses","ACT","1999",3
"Light buses","ACT","2000",10
"Light buses","ACT","2001",3
"Light buses","ACT","2002",5
"Light buses","ACT","2003",5
"Light buses","ACT","2004",6
"Light buses","ACT","2005",13
"Light buses","ACT","2006",8
"Light buses","ACT","2007",10
"Light buses","ACT","2008",30
"Light buses","ACT","2009",9
"Light buses","ACT","2010",15
"Light buses","ACT","2011",16
"Light buses","ACT","2012",14
"Light buses","ACT","2013",10
"Light buses","ACT","2014",21
"Light buses","ACT","2015",15
"Light buses","ACT","2016",19
"Light buses","ACT","2017",29
"Light buses","ACT","2018",21
"Light buses","ACT","2019",37
"Light buses","ACT","2020",20
"Light buses","ACT","2021",20
"Light buses","ACT","2022",12
"Light buses","ACT","2023",22
"Light buses","ACT","2024",20
"Light buses","ACT","2025",0
"Light buses","ACT","Not stated",0
"Heavy buses","NSW","1901",0
"Heavy buses","NSW","1902",0
"Heavy buses","NSW","1903",0
"Heavy buses","NSW","1904",0
"Heavy buses","NSW","1905",0
"Heavy buses","NSW","1906",0
"Heavy buses","NSW","1907",0
"Heavy buses","NSW","1908",0
"Heavy buses","NSW","1909",0
"Heavy buses","NSW","1910",0
"Heavy buses","NSW","1911",0
"Heavy buses","NSW","1912",0
"Heavy buses","NSW","1913",0
"Heavy buses","NSW","1914",0
"Heavy buses","NSW","1915",0
"Heavy buses","NSW","1916",0
"Heavy buses","NSW","1917",0
"Heavy buses","NSW","1918",0
"Heavy buses","NSW","1919",0
"Heavy buses","NSW","1920",0
"Heavy buses","NSW","1921",0
"Heavy buses","NSW","1922",0
"Heavy buses","NSW","1923",0
"Heavy buses","NSW","1924",0
"Heavy buses","NSW","1925",0
"Heavy buses","NSW","1926",0
"Heavy buses","NSW","1927",0
"Heavy buses","NSW","1928",0
"Heavy buses","NSW","1929",0
"Heavy buses","NSW","1930",0
"Heavy buses","NSW","1931",0
"Heavy buses","NSW","1932",0
"Heavy buses","NSW","1933",0
"Heavy buses","NSW","1934",0
"Heavy buses","NSW","1935",0
"Heavy buses","NSW","1936",0
"Heavy buses","NSW","1937",0
"Heavy buses","NSW","1938",3
"Heavy buses","NSW","1939",0
"Heavy buses","NSW","1940",0
"Heavy buses","NSW","1941",0
"Heavy buses","NSW","1942",0
"Heavy buses","NSW","1943",0
"Heavy buses","NSW","1944",0
"Heavy buses","NSW","1945",0
"Heavy buses","NSW","1946",0
"Heavy buses","NSW","1947",0
"Heavy buses","NSW","1948",0
"Heavy buses","NSW","1949",0
"Heavy buses","NSW","1950",0
"Heavy buses","NSW","1951",0
"Heavy buses","NSW","1952",0
"Heavy buses","NSW","1953",0
"Heavy buses","NSW","1954",3
"Heavy buses","NSW","1955",0
"Heavy buses","NSW","1956",0
"Heavy buses","NSW","1957",0
"Heavy buses","NSW","1958",0
"Heavy buses","NSW","1959",0
"Heavy buses","NSW","1960",0
"Heavy buses","NSW","1961",0
"Heavy buses","NSW","1962",0
"Heavy buses","NSW","1963",0
"Heavy buses","NSW","1964",0
"Heavy buses","NSW","1965",0
"Heavy buses","NSW","1966",0
"Heavy buses","NSW","1967",0
"Heavy buses","NSW","1968",0
"Heavy buses","NSW","1969",3
"Heavy buses","NSW","1970",0
"Heavy buses","NSW","1971",0
"Heavy buses","NSW","1972",0
"Heavy buses","NSW","1973",0
"Heavy buses","NSW","1974",0
"Heavy buses","NSW","1975",3
"Heavy buses","NSW","1976",0
"Heavy buses","NSW","1977",0
"Heavy buses","NSW","1978",4
"Heavy buses","NSW","1979",0
"Heavy buses","NSW","1980",0
"Heavy buses","NSW","1981",4
"Heavy buses","NSW","1982",3
"Heavy buses","NSW","1983",3
"Heavy buses","NSW","1984",10
"Heavy buses","NSW","1985",13
"Heavy buses","NSW","1986",15
"Heavy buses","NSW","1987",10
"Heavy buses","NSW","1988",27
"Heavy buses","NSW","1989",30
"Heavy buses","NSW","1990",34
"Heavy buses","NSW","1991",34
"Heavy buses","NSW","1992",59
"Heavy buses","NSW","1993",58
"Heavy buses","NSW","1994",72
"Heavy buses","NSW","1995",91
"Heavy buses","NSW","1996",96
"Heavy buses","NSW","1997",174
"Heavy buses","NSW","1998",327
"Heavy buses","NSW","1999",283
"Heavy buses","NSW","2000",276
"Heavy buses","NSW","2001",219
"Heavy buses","NSW","2002",265
"Heavy buses","NSW","2003",305
"Heavy buses","NSW","2004",292
"Heavy buses","NSW","2005",359
"Heavy buses","NSW","2006",404
"Heavy buses","NSW","2007",671
"Heavy buses","NSW","2008",641
"Heavy buses","NSW","2009",869
"Heavy buses","NSW","2010",837
"Heavy buses","NSW","2011",650
"Heavy buses","NSW","2012",624
"Heavy buses","NSW","2013",605
"Heavy buses","NSW","2014",585
"Heavy buses","NSW","2015",591
"Heavy buses","NSW","2016",588
"Heavy buses","NSW","2017",702
"Heavy buses","NSW","2018",738
"Heavy buses","NSW","2019",633
"Heavy buses","NSW","2020",462
"Heavy buses","NSW","2021",456
"Heavy buses","NSW","2022",448
"Heavy buses","NSW","2023",483
"Heavy buses","NSW","2024",441
"Heavy buses","NSW","2025",0
"Heavy buses","NSW","Not stated",0
"Heavy buses","Vic","1901",0
"Heavy buses","Vic","1902",0
"Heavy buses","Vic","1903",0
"Heavy buses","Vic","1904",0
"Heavy buses","Vic","1905",0
"Heavy buses","Vic","1906",0
"Heavy buses","Vic","1907",0
"Heavy buses","Vic","1908",0
"Heavy buses","Vic","1909",0
"Heavy buses","Vic","1910",0
"Heavy buses","Vic","1911",0
"Heavy buses","Vic","1912",0
"Heavy buses","Vic","1913",0
"Heavy buses","Vic","1914",0
"Heavy buses","Vic","1915",0
"Heavy buses","Vic","1916",0
"Heavy buses","Vic","1917",0
"Heavy buses","Vic","1918",0
"Heavy buses","Vic","1919",0
"Heavy buses","Vic","1920",0
"Heavy buses","Vic","1921",0
"Heavy buses","Vic","1922",0
"Heavy buses","Vic","1923",0
"Heavy buses","Vic","1924",0
"Heavy buses","Vic","1925",0
"Heavy buses","Vic","1926",0
"Heavy buses","Vic","1927",0
"Heavy buses","Vic","1928",0
"Heavy buses","Vic","1929",0
"Heavy buses","Vic","1930",0
"Heavy buses","Vic","1931",0
"Heavy buses","Vic","1932",0
"Heavy buses","Vic","1933",0
"Heavy buses","Vic","1934",0
"Heavy buses","Vic","1935",0
"Heavy buses","Vic","1936",0
"Heavy buses","Vic","1937",0
"Heavy buses","Vic","1938",0
"Heavy buses","Vic","1939",0
"Heavy buses","Vic","1940",3
"Heavy buses","Vic","1941",0
"Heavy buses","Vic","1942",3
"Heavy buses","Vic","1943",0
"Heavy buses","Vic","1944",0
"Heavy buses","Vic","1945",0
"Heavy buses","Vic","1946",0
"Heavy buses","Vic","1947",0
"Heavy buses","Vic","1948",0
"Heavy buses","Vic","1949",0
"Heavy buses","Vic","1950",0
"Heavy buses","Vic","1951",0
"Heavy buses","Vic","1952",0
"Heavy buses","Vic","1953",0
"Heavy buses","Vic","1954",0
"Heavy buses","Vic","1955",0
"Heavy buses","Vic","1956",3
"Heavy buses","Vic","1957",3
"Heavy buses","Vic","1958",0
"Heavy buses","Vic","1959",0
"Heavy buses","Vic","1960",0
"Heavy buses","Vic","1961",0
"Heavy buses","Vic","1962",0
"Heavy buses","Vic","1963",3
"Heavy buses","Vic","1964",0
"Heavy buses","Vic","1965",3
"Heavy buses","Vic","1966",0
"Heavy buses","Vic","1967",3
"Heavy buses","Vic","1968",0
"Heavy buses","Vic","1969",0
"Heavy buses","Vic","1970",4
"Heavy buses","Vic","1971",0
"Heavy buses","Vic","1972",3
"Heavy buses","Vic","1973",0
"Heavy buses","Vic","1974",4
"Heavy buses","Vic","1975",0
"Heavy buses","Vic","1976",5
"Heavy buses","Vic","1977",3
"Heavy buses","Vic","1978",5
"Heavy buses","Vic","1979",0
"Heavy buses","Vic","1980",5
"Heavy buses","Vic","1981",5
"Heavy buses","Vic","1982",4
"Heavy buses","Vic","1983",6
"Heavy buses","Vic","1984",16
"Heavy buses","Vic","1985",17
"Heavy buses","Vic","1986",23
"Heavy buses","Vic","1987",28
"Heavy buses","Vic","1988",32
"Heavy buses","Vic","1989",26
"Heavy buses","Vic","1990",24
"Heavy buses","Vic","1991",19
"Heavy buses","Vic","1992",34
"Heavy buses","Vic","1993",26
"Heavy buses","Vic","1994",43
"Heavy buses","Vic","1995",66
"Heavy buses","Vic","1996",60
"Heavy buses","Vic","1997",73
"Heavy buses","Vic","1998",74
"Heavy buses","Vic","1999",141
"Heavy buses","Vic","2000",206
"Heavy buses","Vic","2001",198
"Heavy buses","Vic","2002",209
"Heavy buses","Vic","2003",210
"Heavy buses","Vic","2004",270
"Heavy buses","Vic","2005",301
"Heavy buses","Vic","2006",334
"Heavy buses","Vic","2007",411
"Heavy buses","Vic","2008",409
"Heavy buses","Vic","2009",371
"Heavy buses","Vic","2010",446
"Heavy buses","Vic","2011",358
"Heavy buses","Vic","2012",432
"Heavy buses","Vic","2013",473
"Heavy buses","Vic","2014",436
"Heavy buses","Vic","2015",415
"Heavy buses","Vic","2016",530
"Heavy buses","Vic","2017",435
"Heavy buses","Vic","2018",462
"Heavy buses","Vic","2019",527
"Heavy buses","Vic","2020",362
"Heavy buses","Vic","2021",453
"Heavy buses","Vic","2022",372
"Heavy buses","Vic","2023",428
"Heavy buses","Vic","2024",513
"Heavy buses","Vic","2025",20
"Heavy buses","Vic","Not stated",0
"Heavy buses","Qld","1901",0
"Heavy buses","Qld","1902",0
"Heavy buses","Qld","1903",0
"Heavy buses","Qld","1904",0
"Heavy buses","Qld","1905",0
"Heavy buses","Qld","1906",0
"Heavy buses","Qld","1907",0
"Heavy buses","Qld","1908",0
"Heavy buses","Qld","1909",0
"Heavy buses","Qld","1910",0
"Heavy buses","Qld","1911",0
"Heavy buses","Qld","1912",0
"Heavy buses","Qld","1913",0
"Heavy buses","Qld","1914",0
"Heavy buses","Qld","1915",0
"Heavy buses","Qld","1916",0
"Heavy buses","Qld","1917",0
"Heavy buses","Qld","1918",0
"Heavy buses","Qld","1919",0
"Heavy buses","Qld","1920",0
"Heavy buses","Qld","1921",0
"Heavy buses","Qld","1922",0
"Heavy buses","Qld","1923",0
"Heavy buses","Qld","1924",0
"Heavy buses","Qld","1925",3
"Heavy buses","Qld","1926",0
"Heavy buses","Qld","1927",0
"Heavy buses","Qld","1928",0
"Heavy buses","Qld","1929",0
"Heavy buses","Qld","1930",0
"Heavy buses","Qld","1931",0
"Heavy buses","Qld","1932",3
"Heavy buses","Qld","1933",0
"Heavy buses","Qld","1934",0
"Heavy buses","Qld","1935",3
"Heavy buses","Qld","1936",3
"Heavy buses","Qld","1937",3
"Heavy buses","Qld","1938",0
"Heavy buses","Qld","1939",3
"Heavy buses","Qld","1940",0
"Heavy buses","Qld","1941",3
"Heavy buses","Qld","1942",3
"Heavy buses","Qld","1943",0
"Heavy buses","Qld","1944",0
"Heavy buses","Qld","1945",0
"Heavy buses","Qld","1946",0
"Heavy buses","Qld","1947",0
"Heavy buses","Qld","1948",3
"Heavy buses","Qld","1949",0
"Heavy buses","Qld","1950",0
"Heavy buses","Qld","1951",0
"Heavy buses","Qld","1952",0
"Heavy buses","Qld","1953",0
"Heavy buses","Qld","1954",0
"Heavy buses","Qld","1955",0
"Heavy buses","Qld","1956",3
"Heavy buses","Qld","1957",0
"Heavy buses","Qld","1958",3
"Heavy buses","Qld","1959",0
"Heavy buses","Qld","1960",0
"Heavy buses","Qld","1961",0
"Heavy buses","Qld","1962",0
"Heavy buses","Qld","1963",0
"Heavy buses","Qld","1964",0
"Heavy buses","Qld","1965",0
"Heavy buses","Qld","1966",0
"Heavy buses","Qld","1967",0
"Heavy buses","Qld","1968",3
"Heavy buses","Qld","1969",3
"Heavy buses","Qld","1970",0
"Heavy buses","Qld","1971",5
"Heavy buses","Qld","1972",5
"Heavy buses","Qld","1973",3
"Heavy buses","Qld","1974",0
"Heavy buses","Qld","1975",3
"Heavy buses","Qld","1976",4
"Heavy buses","Qld","1977",3
"Heavy buses","Qld","1978",3
"Heavy buses","Qld","1979",5
"Heavy buses","Qld","1980",6
"Heavy buses","Qld","1981",14
"Heavy buses","Qld","1982",10
"Heavy buses","Qld","1983",14
"Heavy buses","Qld","1984",16
"Heavy buses","Qld","1985",29
"Heavy buses","Qld","1986",31
"Heavy buses","Qld","1987",33
"Heavy buses","Qld","1988",55
"Heavy buses","Qld","1989",40
"Heavy buses","Qld","1990",69
"Heavy buses","Qld","1991",42
"Heavy buses","Qld","1992",48
"Heavy buses","Qld","1993",45
"Heavy buses","Qld","1994",54
"Heavy buses","Qld","1995",61
"Heavy buses","Qld","1996",58
"Heavy buses","Qld","1997",61
"Heavy buses","Qld","1998",76
"Heavy buses","Qld","1999",72
"Heavy buses","Qld","2000",117
"Heavy buses","Qld","2001",71
"Heavy buses","Qld","2002",93
"Heavy buses","Qld","2003",83
"Heavy buses","Qld","2004",174
"Heavy buses","Qld","2005",314
"Heavy buses","Qld","2006",324
"Heavy buses","Qld","2007",463
"Heavy buses","Qld","2008",641
"Heavy buses","Qld","2009",579
"Heavy buses","Qld","2010",622
"Heavy buses","Qld","2011",493
"Heavy buses","Qld","2012",579
"Heavy buses","Qld","2013",486
"Heavy buses","Qld","2014",381
"Heavy buses","Qld","2015",339
"Heavy buses","Qld","2016",336
"Heavy buses","Qld","2017",340
"Heavy buses","Qld","2018",352
"Heavy buses","Qld","2019",454
"Heavy buses","Qld","2020",360
"Heavy buses","Qld","2021",342
"Heavy buses","Qld","2022",329
"Heavy buses","Qld","2023",408
"Heavy buses","Qld","2024",565
"Heavy buses","Qld","2025",7
"Heavy buses","Qld","Not stated",0
"Heavy buses","SA","1901",0
"Heavy buses","SA","1902",0
"Heavy buses","SA","1903",0
"Heavy buses","SA","1904",0
"Heavy buses","SA","1905",0
"Heavy buses","SA","1906",0
"Heavy buses","SA","1907",0
"Heavy buses","SA","1908",0
"Heavy buses","SA","1909",0
"Heavy buses","SA","1910",0
"Heavy buses","SA","1911",0
"Heavy buses","SA","1912",0
"Heavy buses","SA","1913",0
"Heavy buses","SA","1914",0
"Heavy buses","SA","1915",0
"Heavy buses","SA","1916",0
"Heavy buses","SA","1917",0
"Heavy buses","SA","1918",0
"Heavy buses","SA","1919",0
"Heavy buses","SA","1920",0
"Heavy buses","SA","1921",0
"Heavy buses","SA","1922",0
"Heavy buses","SA","1923",0
"Heavy buses","SA","1924",0
"Heavy buses","SA","1925",0
"Heavy buses","SA","1926",0
"Heavy buses","SA","1927",0
"Heavy buses","SA","1928",0
"Heavy buses","SA","1929",0
"Heavy buses","SA","1930",0
"Heavy buses","SA","1931",0
"Heavy buses","SA","1932",0
"Heavy buses","SA","1933",0
"Heavy buses","SA","1934",0
"Heavy buses","SA","1935",0
"Heavy buses","SA","1936",0
"Heavy buses","SA","1937",0
"Heavy buses","SA","1938",0
"Heavy buses","SA","1939",0
"Heavy buses","SA","1940",0
"Heavy buses","SA","1941",0
"Heavy buses","SA","1942",0
"Heavy buses","SA","1943",0
"Heavy buses","SA","1944",0
"Heavy buses","SA","1945",0
"Heavy buses","SA","1946",0
"Heavy buses","SA","1947",0
"Heavy buses","SA","1948",0
"Heavy buses","SA","1949",0
"Heavy buses","SA","1950",0
"Heavy buses","SA","1951",0
"Heavy buses","SA","1952",0
"Heavy buses","SA","1953",0
"Heavy buses","SA","1954",0
"Heavy buses","SA","1955",0
"Heavy buses","SA","1956",0
"Heavy buses","SA","1957",0
"Heavy buses","SA","1958",0
"Heavy buses","SA","1959",0
"Heavy buses","SA","1960",0
"Heavy buses","SA","1961",0
"Heavy buses","SA","1962",0
"Heavy buses","SA","1963",0
"Heavy buses","SA","1964",0
"Heavy buses","SA","1965",3
"Heavy buses","SA","1966",0
"Heavy buses","SA","1967",0
"Heavy buses","SA","1968",0
"Heavy buses","SA","1969",0
"Heavy buses","SA","1970",0
"Heavy buses","SA","1971",0
"Heavy buses","SA","1972",0
"Heavy buses","SA","1973",3
"Heavy buses","SA","1974",3
"Heavy buses","SA","1975",0
"Heavy buses","SA","1976",3
"Heavy buses","SA","1977",4
"Heavy buses","SA","1978",3
"Heavy buses","SA","1979",0
"Heavy buses","SA","1980",9
"Heavy buses","SA","1981",11
"Heavy buses","SA","1982",16
"Heavy buses","SA","1983",11
"Heavy buses","SA","1984",19
"Heavy buses","SA","1985",20
"Heavy buses","SA","1986",24
"Heavy buses","SA","1987",21
"Heavy buses","SA","1988",37
"Heavy buses","SA","1989",31
"Heavy buses","SA","1990",18
"Heavy buses","SA","1991",18
"Heavy buses","SA","1992",12
"Heavy buses","SA","1993",9
"Heavy buses","SA","1994",16
"Heavy buses","SA","1995",18
"Heavy buses","SA","1996",18
"Heavy buses","SA","1997",22
"Heavy buses","SA","1998",24
"Heavy buses","SA","1999",26
"Heavy buses","SA","2000",61
"Heavy buses","SA","2001",70
"Heavy buses","SA","2002",115
"Heavy buses","SA","2003",78
"Heavy buses","SA","2004",63
"Heavy buses","SA","2005",77
"Heavy buses","SA","2006",97
"Heavy buses","SA","2007",103
"Heavy buses","SA","2008",127
"Heavy buses","SA","2009",128
"Heavy buses","SA","2010",167
"Heavy buses","SA","2011",201
"Heavy buses","SA","2012",242
"Heavy buses","SA","2013",144
"Heavy buses","SA","2014",123
"Heavy buses","SA","2015",106
"Heavy buses","SA","2016",107
"Heavy buses","SA","2017",109
"Heavy buses","SA","2018",96
"Heavy buses","SA","2019",119
"Heavy buses","SA","2020",122
"Heavy buses","SA","2021",91
"Heavy buses","SA","2022",109
"Heavy buses","SA","2023",115
"Heavy buses","SA","2024",129
"Heavy buses","SA","2025",0
"Heavy buses","SA","Not stated",0
"Heavy buses","WA","1901",0
"Heavy buses","WA","1902",0
"Heavy buses","WA","1903",0
"Heavy buses","WA","1904",0
"Heavy buses","WA","1905",0
"Heavy buses","WA","1906",0
"Heavy buses","WA","1907",0
"Heavy buses","WA","1908",0
"Heavy buses","WA","1909",0
"Heavy buses","WA","1910",0
"Heavy buses","WA","1911",0
"Heavy buses","WA","1912",0
"Heavy buses","WA","1913",0
"Heavy buses","WA","1914",0
"Heavy buses","WA","1915",0
"Heavy buses","WA","1916",0
"Heavy buses","WA","1917",0
"Heavy buses","WA","1918",0
"Heavy buses","WA","1919",0
"Heavy buses","WA","1920",0
"Heavy buses","WA","1921",3
"Heavy buses","WA","1922",0
"Heavy buses","WA","1923",0
"Heavy buses","WA","1924",0
"Heavy buses","WA","1925",0
"Heavy buses","WA","1926",0
"Heavy buses","WA","1927",3
"Heavy buses","WA","1928",0
"Heavy buses","WA","1929",0
"Heavy buses","WA","1930",0
"Heavy buses","WA","1931",0
"Heavy buses","WA","1932",0
"Heavy buses","WA","1933",3
"Heavy buses","WA","1934",0
"Heavy buses","WA","1935",0
"Heavy buses","WA","1936",0
"Heavy buses","WA","1937",0
"Heavy buses","WA","1938",3
"Heavy buses","WA","1939",0
"Heavy buses","WA","1940",0
"Heavy buses","WA","1941",0
"Heavy buses","WA","1942",0
"Heavy buses","WA","1943",3
"Heavy buses","WA","1944",0
"Heavy buses","WA","1945",0
"Heavy buses","WA","1946",0
"Heavy buses","WA","1947",0
"Heavy buses","WA","1948",0
"Heavy buses","WA","1949",3
"Heavy buses","WA","1950",0
"Heavy buses","WA","1951",3
"Heavy buses","WA","1952",3
"Heavy buses","WA","1953",0
"Heavy buses","WA","1954",0
"Heavy buses","WA","1955",0
"Heavy buses","WA","1956",0
"Heavy buses","WA","1957",0
"Heavy buses","WA","1958",0
"Heavy buses","WA","1959",0
"Heavy buses","WA","1960",0
"Heavy buses","WA","1961",0
"Heavy buses","WA","1962",0
"Heavy buses","WA","1963",0
"Heavy buses","WA","1964",0
"Heavy buses","WA","1965",3
"Heavy buses","WA","1966",0
"Heavy buses","WA","1967",3
"Heavy buses","WA","1968",0
"Heavy buses","WA","1969",0
"Heavy buses","WA","1970",3
"Heavy buses","WA","1971",3
"Heavy buses","WA","1972",3
"Heavy buses","WA","1973",3
"Heavy buses","WA","1974",5
"Heavy buses","WA","1975",3
"Heavy buses","WA","1976",6
"Heavy buses","WA","1977",7
"Heavy buses","WA","1978",6
"Heavy buses","WA","1979",3
"Heavy buses","WA","1980",9
"Heavy buses","WA","1981",4
"Heavy buses","WA","1982",10
"Heavy buses","WA","1983",17
"Heavy buses","WA","1984",22
"Heavy buses","WA","1985",22
"Heavy buses","WA","1986",38
"Heavy buses","WA","1987",29
"Heavy buses","WA","1988",36
"Heavy buses","WA","1989",43
"Heavy buses","WA","1990",25
"Heavy buses","WA","1991",36
"Heavy buses","WA","1992",30
"Heavy buses","WA","1993",31
"Heavy buses","WA","1994",37
"Heavy buses","WA","1995",39
"Heavy buses","WA","1996",42
"Heavy buses","WA","1997",39
"Heavy buses","WA","1998",40
"Heavy buses","WA","1999",62
"Heavy buses","WA","2000",111
"Heavy buses","WA","2001",126
"Heavy buses","WA","2002",76
"Heavy buses","WA","2003",53
"Heavy buses","WA","2004",71
"Heavy buses","WA","2005",69
"Heavy buses","WA","2006",107
"Heavy buses","WA","2007",199
"Heavy buses","WA","2008",288
"Heavy buses","WA","2009",295
"Heavy buses","WA","2010",271
"Heavy buses","WA","2011",338
"Heavy buses","WA","2012",401
"Heavy buses","WA","2013",292
"Heavy buses","WA","2014",299
"Heavy buses","WA","2015",376
"Heavy buses","WA","2016",307
"Heavy buses","WA","2017",233
"Heavy buses","WA","2018",316
"Heavy buses","WA","2019",352
"Heavy buses","WA","2020",361
"Heavy buses","WA","2021",390
"Heavy buses","WA","2022",407
"Heavy buses","WA","2023",419
"Heavy buses","WA","2024",437
"Heavy buses","WA","2025",29
"Heavy buses","WA","Not stated",0
"Heavy buses","Tas","1901",0
"Heavy buses","Tas","1902",0
"Heavy buses","Tas","1903",0
"Heavy buses","Tas","1904",0
"Heavy buses","Tas","1905",0
"Heavy buses","Tas","1906",0
"Heavy buses","Tas","1907",0
"Heavy buses","Tas","1908",0
"Heavy buses","Tas","1909",0
"Heavy buses","Tas","1910",0
"Heavy buses","Tas","1911",0
"Heavy buses","Tas","1912",0
"Heavy buses","Tas","1913",0
"Heavy buses","Tas","1914",0
"Heavy buses","Tas","1915",0
"Heavy buses","Tas","1916",0
"Heavy buses","Tas","1917",0
"Heavy buses","Tas","1918",0
"Heavy buses","Tas","1919",0
"Heavy buses","Tas","1920",0
"Heavy buses","Tas","1921",0
"Heavy buses","Tas","1922",0
"Heavy buses","Tas","1923",0
"Heavy buses","Tas","1924",0
"Heavy buses","Tas","1925",0
"Heavy buses","Tas","1926",0
"Heavy buses","Tas","1927",0
"Heavy buses","Tas","1928",0
"Heavy buses","Tas","1929",0
"Heavy buses","Tas","1930",0
"Heavy buses","Tas","1931",0
"Heavy buses","Tas","1932",0
"Heavy buses","Tas","1933",0
"Heavy buses","Tas","1934",0
"Heavy buses","Tas","1935",0
"Heavy buses","Tas","1936",0
"Heavy buses","Tas","1937",0
"Heavy buses","Tas","1938",0
"Heavy buses","Tas","1939",0
"Heavy buses","Tas","1940",0
"Heavy buses","Tas","1941",0
"Heavy buses","Tas","1942",0
"Heavy buses","Tas","1943",0
"Heavy buses","Tas","1944",0
"Heavy buses","Tas","1945",0
"Heavy buses","Tas","1946",0
"Heavy buses","Tas","1947",0
"Heavy buses","Tas","1948",0
"Heavy buses","Tas","1949",0
"Heavy buses","Tas","1950",0
"Heavy buses","Tas","1951",0
"Heavy buses","Tas","1952",0
"Heavy buses","Tas","1953",0
"Heavy buses","Tas","1954",0
"Heavy buses","Tas","1955",3
"Heavy buses","Tas","1956",0
"Heavy buses","Tas","1957",0
"Heavy buses","Tas","1958",0
"Heavy buses","Tas","1959",3
"Heavy buses","Tas","1960",0
"Heavy buses","Tas","1961",0
"Heavy buses","Tas","1962",0
"Heavy buses","Tas","1963",0
"Heavy buses","Tas","1964",0
"Heavy buses","Tas","1965",0
"Heavy buses","Tas","1966",0
"Heavy buses","Tas","1967",0
"Heavy buses","Tas","1968",3
"Heavy buses","Tas","1969",0
"Heavy buses","Tas","1970",3
"Heavy buses","Tas","1971",0
"Heavy buses","Tas","1972",3
"Heavy buses","Tas","1973",0
"Heavy buses","Tas","1974",0
"Heavy buses","Tas","1975",3
"Heavy buses","Tas","1976",0
"Heavy buses","Tas","1977",0
"Heavy buses","Tas","1978",4
"Heavy buses","Tas","1979",0
"Heavy buses","Tas","1980",3
"Heavy buses","Tas","1981",3
"Heavy buses","Tas","1982",3
"Heavy buses","Tas","1983",3
"Heavy buses","Tas","1984",5
"Heavy buses","Tas","1985",0
"Heavy buses","Tas","1986",11
"Heavy buses","Tas","1987",11
"Heavy buses","Tas","1988",5
"Heavy buses","Tas","1989",10
"Heavy buses","Tas","1990",11
"Heavy buses","Tas","1991",4
"Heavy buses","Tas","1992",14
"Heavy buses","Tas","1993",26
"Heavy buses","Tas","1994",26
"Heavy buses","Tas","1995",23
"Heavy buses","Tas","1996",38
"Heavy buses","Tas","1997",31
"Heavy buses","Tas","1998",42
"Heavy buses","Tas","1999",39
"Heavy buses","Tas","2000",27
"Heavy buses","Tas","2001",31
"Heavy buses","Tas","2002",46
"Heavy buses","Tas","2003",42
"Heavy buses","Tas","2004",32
"Heavy buses","Tas","2005",43
"Heavy buses","Tas","2006",48
"Heavy buses","Tas","2007",77
"Heavy buses","Tas","2008",74
"Heavy buses","Tas","2009",98
"Heavy buses","Tas","2010",97
"Heavy buses","Tas","2011",83
"Heavy buses","Tas","2012",83
"Heavy buses","Tas","2013",52
"Heavy buses","Tas","2014",50
"Heavy buses","Tas","2015",33
"Heavy buses","Tas","2016",26
"Heavy buses","Tas","2017",40
"Heavy buses","Tas","2018",60
"Heavy buses","Tas","2019",73
"Heavy buses","Tas","2020",95
"Heavy buses","Tas","2021",46
"Heavy buses","Tas","2022",32
"Heavy buses","Tas","2023",41
"Heavy buses","Tas","2024",19
"Heavy buses","Tas","2025",0
"Heavy buses","Tas","Not stated",0
"Heavy buses","NT","1901",0
"Heavy buses","NT","1902",0
"Heavy buses","NT","1903",0
"Heavy buses","NT","1904",0
"Heavy buses","NT","1905",0
"Heavy buses","NT","1906",0
"Heavy buses","NT","1907",0
"Heavy buses","NT","1908",0
"Heavy buses","NT","1909",0
"Heavy buses","NT","1910",0
"Heavy buses","NT","1911",0
"Heavy buses","NT","1912",0
"Heavy buses","NT","1913",0
"Heavy buses","NT","1914",0
"Heavy buses","NT","1915",0
"Heavy buses","NT","1916",0
"Heavy buses","NT","1917",0
"Heavy buses","NT","1918",0
"Heavy buses","NT","1919",0
"Heavy buses","NT","1920",0
"Heavy buses","NT","1921",0
"Heavy buses","NT","1922",0
"Heavy buses","NT","1923",0
"Heavy buses","NT","1924",0
"Heavy buses","NT","1925",0
"Heavy buses","NT","1926",0
"Heavy buses","NT","1927",0
"Heavy buses","NT","1928",0
"Heavy buses","NT","1929",0
"Heavy buses","NT","1930",0
"Heavy buses","NT","1931",0
"Heavy buses","NT","1932",0
"Heavy buses","NT","1933",0
"Heavy buses","NT","1934",0
"Heavy buses","NT","1935",0
"Heavy buses","NT","1936",0
"Heavy buses","NT","1937",0
"Heavy buses","NT","1938",0
"Heavy buses","NT","1939",0
"Heavy buses","NT","1940",0
"Heavy buses","NT","1941",0
"Heavy buses","NT","1942",0
"Heavy buses","NT","1943",3
"Heavy buses","NT","1944",0
"Heavy buses","NT","1945",0
"Heavy buses","NT","1946",0
"Heavy buses","NT","1947",0
"Heavy buses","NT","1948",0
"Heavy buses","NT","1949",0
"Heavy buses","NT","1950",0
"Heavy buses","NT","1951",0
"Heavy buses","NT","1952",0
"Heavy buses","NT","1953",0
"Heavy buses","NT","1954",0
"Heavy buses","NT","1955",0
"Heavy buses","NT","1956",0
"Heavy buses","NT","1957",0
"Heavy buses","NT","1958",0
"Heavy buses","NT","1959",0
"Heavy buses","NT","1960",0
"Heavy buses","NT","1961",0
"Heavy buses","NT","1962",0
"Heavy buses","NT","1963",0
"Heavy buses","NT","1964",0
"Heavy buses","NT","1965",0
"Heavy buses","NT","1966",0
"Heavy buses","NT","1967",0
"Heavy buses","NT","1968",0
"Heavy buses","NT","1969",0
"Heavy buses","NT","1970",0
"Heavy buses","NT","1971",0
"Heavy buses","NT","1972",0
"Heavy buses","NT","1973",0
"Heavy buses","NT","1974",0
"Heavy buses","NT","1975",0
"Heavy buses","NT","1976",0
"Heavy buses","NT","1977",0
"Heavy buses","NT","1978",3
"Heavy buses","NT","1979",3
"Heavy buses","NT","1980",3
"Heavy buses","NT","1981",0
"Heavy buses","NT","1982",3
"Heavy buses","NT","1983",3
"Heavy buses","NT","1984",0
"Heavy buses","NT","1985",5
"Heavy buses","NT","1986",0
"Heavy buses","NT","1987",4
"Heavy buses","NT","1988",7
"Heavy buses","NT","1989",0
"Heavy buses","NT","1990",6
"Heavy buses","NT","1991",0
"Heavy buses","NT","1992",4
"Heavy buses","NT","1993",3
"Heavy buses","NT","1994",7
"Heavy buses","NT","1995",7
"Heavy buses","NT","1996",6
"Heavy buses","NT","1997",9
"Heavy buses","NT","1998",8
"Heavy buses","NT","1999",12
"Heavy buses","NT","2000",23
"Heavy buses","NT","2001",10
"Heavy buses","NT","2002",15
"Heavy buses","NT","2003",11
"Heavy buses","NT","2004",19
"Heavy buses","NT","2005",22
"Heavy buses","NT","2006",33
"Heavy buses","NT","2007",70
"Heavy buses","NT","2008",31
"Heavy buses","NT","2009",22
"Heavy buses","NT","2010",55
"Heavy buses","NT","2011",35
"Heavy buses","NT","2012",54
"Heavy buses","NT","2013",82
"Heavy buses","NT","2014",42
"Heavy buses","NT","2015",50
"Heavy buses","NT","2016",33
"Heavy buses","NT","2017",35
"Heavy buses","NT","2018",43
"Heavy buses","NT","2019",45
"Heavy buses","NT","2020",30
"Heavy buses","NT","2021",37
"Heavy buses","NT","2022",54
"Heavy buses","NT","2023",42
"Heavy buses","NT","2024",25
"Heavy buses","NT","2025",0
"Heavy buses","NT","Not stated",0
"Heavy buses","ACT","1901",0
"Heavy buses","ACT","1902",0
"Heavy buses","ACT","1903",0
"Heavy buses","ACT","1904",0
"Heavy buses","ACT","1905",0
"Heavy buses","ACT","1906",0
"Heavy buses","ACT","1907",0
"Heavy buses","ACT","1908",0
"Heavy buses","ACT","1909",0
"Heavy buses","ACT","1910",0
"Heavy buses","ACT","1911",0
"Heavy buses","ACT","1912",0
"Heavy buses","ACT","1913",0
"Heavy buses","ACT","1914",0
"Heavy buses","ACT","1915",0
"Heavy buses","ACT","1916",0
"Heavy buses","ACT","1917",0
"Heavy buses","ACT","1918",0
"Heavy buses","ACT","1919",0
"Heavy buses","ACT","1920",0
"Heavy buses","ACT","1921",0
"Heavy buses","ACT","1922",0
"Heavy buses","ACT","1923",0
"Heavy buses","ACT","1924",0
"Heavy buses","ACT","1925",0
"Heavy buses","ACT","1926",0
"Heavy buses","ACT","1927",0
"Heavy buses","ACT","1928",0
"Heavy buses","ACT","1929",0
"Heavy buses","ACT","1930",0
"Heavy buses","ACT","1931",0
"Heavy buses","ACT","1932",0
"Heavy buses","ACT","1933",0
"Heavy buses","ACT","1934",0
"Heavy buses","ACT","1935",0
"Heavy buses","ACT","1936",0
"Heavy buses","ACT","1937",0
"Heavy buses","ACT","1938",0
"Heavy buses","ACT","1939",0
"Heavy buses","ACT","1940",0
"Heavy buses","ACT","1941",0
"Heavy buses","ACT","1942",0
"Heavy buses","ACT","1943",0
"Heavy buses","ACT","1944",0
"Heavy buses","ACT","1945",0
"Heavy buses","ACT","1946",0
"Heavy buses","ACT","1947",0
"Heavy buses","ACT","1948",0
"Heavy buses","ACT","1949",0
"Heavy buses","ACT","1950",0
"Heavy buses","ACT","1951",0
"Heavy buses","ACT","1952",0
"Heavy buses","ACT","1953",0
"Heavy buses","ACT","1954",0
"Heavy buses","ACT","1955",0
"Heavy buses","ACT","1956",3
"Heavy buses","ACT","1957",0
"Heavy buses","ACT","1958",0
"Heavy buses","ACT","1959",0
"Heavy buses","ACT","1960",0
"Heavy buses","ACT","1961",0
"Heavy buses","ACT","1962",0
"Heavy buses","ACT","1963",0
"Heavy buses","ACT","1964",0
"Heavy buses","ACT","1965",0
"Heavy buses","ACT","1966",0
"Heavy buses","ACT","1967",0
"Heavy buses","ACT","1968",3
"Heavy buses","ACT","1969",0
"Heavy buses","ACT","1970",0
"Heavy buses","ACT","1971",0
"Heavy buses","ACT","1972",0
"Heavy buses","ACT","1973",0
"Heavy buses","ACT","1974",0
"Heavy buses","ACT","1975",0
"Heavy buses","ACT","1976",0
"Heavy buses","ACT","1977",0
"Heavy buses","ACT","1978",0
"Heavy buses","ACT","1979",0
"Heavy buses","ACT","1980",0
"Heavy buses","ACT","1981",0
"Heavy buses","ACT","1982",0
"Heavy buses","ACT","1983",0
"Heavy buses","ACT","1984",0
"Heavy buses","ACT","1985",0
"Heavy buses","ACT","1986",0
"Heavy buses","ACT","1987",0
"Heavy buses","ACT","1988",0
"Heavy buses","ACT","1989",0
"Heavy buses","ACT","1990",0
"Heavy buses","ACT","1991",0
"Heavy buses","ACT","1992",4
"Heavy buses","ACT","1993",3
"Heavy buses","ACT","1994",3
"Heavy buses","ACT","1995",0
"Heavy buses","ACT","1996",0
"Heavy buses","ACT","1997",0
"Heavy buses","ACT","1998",3
"Heavy buses","ACT","1999",0
"Heavy buses","ACT","2000",7
"Heavy buses","ACT","2001",3
"Heavy buses","ACT","2002",13
"Heavy buses","ACT","2003",6
"Heavy buses","ACT","2004",21
"Heavy buses","ACT","2005",17
"Heavy buses","ACT","2006",17
"Heavy buses","ACT","2007",6
"Heavy buses","ACT","2008",22
"Heavy buses","ACT","2009",17
"Heavy buses","ACT","2010",58
"Heavy buses","ACT","2011",39
"Heavy buses","ACT","2012",33
"Heavy buses","ACT","2013",22
"Heavy buses","ACT","2014",30
"Heavy buses","ACT","2015",35
"Heavy buses","ACT","2016",38
"Heavy buses","ACT","2017",36
"Heavy buses","ACT","2018",48
"Heavy buses","ACT","2019",32
"Heavy buses","ACT","2020",35
"Heavy buses","ACT","2021",8
"Heavy buses","ACT","2022",6
"Heavy buses","ACT","2023",29
"Heavy buses","ACT","2024",32
"Heavy buses","ACT","2025",3
"Heavy buses","ACT","Not stated",0
"Motorcycles","NSW","1901",0
"Motorcycles","NSW","1902",0
"Motorcycles","NSW","1903",0
"Motorcycles","NSW","1904",0
"Motorcycles","NSW","1905",0
"Motorcycles","NSW","1906",0
"Motorcycles","NSW","1907",0
"Motorcycles","NSW","1908",0
"Motorcycles","NSW","1909",0
"Motorcycles","NSW","1910",0
"Motorcycles","NSW","1911",0
"Motorcycles","NSW","1912",0
"Motorcycles","NSW","1913",0
"Motorcycles","NSW","1914",0
"Motorcycles","NSW","1915",0
"Motorcycles","NSW","1916",0
"Motorcycles","NSW","1917",0
"Motorcycles","NSW","1918",0
"Motorcycles","NSW","1919",0
"Motorcycles","NSW","1920",0
"Motorcycles","NSW","1921",0
"Motorcycles","NSW","1922",0
"Motorcycles","NSW","1923",0
"Motorcycles","NSW","1924",0
"Motorcycles","NSW","1925",0
"Motorcycles","NSW","1926",0
"Motorcycles","NSW","1927",0
"Motorcycles","NSW","1928",0
"Motorcycles","NSW","1929",0
"Motorcycles","NSW","1930",0
"Motorcycles","NSW","1931",0
"Motorcycles","NSW","1932",0
"Motorcycles","NSW","1933",0
"Motorcycles","NSW","1934",0
"Motorcycles","NSW","1935",0
"Motorcycles","NSW","1936",3
"Motorcycles","NSW","1937",3
"Motorcycles","NSW","1938",0
"Motorcycles","NSW","1939",0
"Motorcycles","NSW","1940",0
"Motorcycles","NSW","1941",4
"Motorcycles","NSW","1942",27
"Motorcycles","NSW","1943",0
"Motorcycles","NSW","1944",0
"Motorcycles","NSW","1945",0
"Motorcycles","NSW","1946",7
"Motorcycles","NSW","1947",7
"Motorcycles","NSW","1948",7
"Motorcycles","NSW","1949",9
"Motorcycles","NSW","1950",11
"Motorcycles","NSW","1951",10
"Motorcycles","NSW","1952",7
"Motorcycles","NSW","1953",11
"Motorcycles","NSW","1954",16
"Motorcycles","NSW","1955",12
"Motorcycles","NSW","1956",13
"Motorcycles","NSW","1957",17
"Motorcycles","NSW","1958",7
"Motorcycles","NSW","1959",16
"Motorcycles","NSW","1960",14
"Motorcycles","NSW","1961",24
"Motorcycles","NSW","1962",27
"Motorcycles","NSW","1963",46
"Motorcycles","NSW","1964",36
"Motorcycles","NSW","1965",50
"Motorcycles","NSW","1966",53
"Motorcycles","NSW","1967",58
"Motorcycles","NSW","1968",66
"Motorcycles","NSW","1969",77
"Motorcycles","NSW","1970",83
"Motorcycles","NSW","1971",93
"Motorcycles","NSW","1972",165
"Motorcycles","NSW","1973",130
"Motorcycles","NSW","1974",150
"Motorcycles","NSW","1975",157
"Motorcycles","NSW","1976",163
"Motorcycles","NSW","1977",143
"Motorcycles","NSW","1978",184
"Motorcycles","NSW","1979",170
"Motorcycles","NSW","1980",337
"Motorcycles","NSW","1981",364
"Motorcycles","NSW","1982",301
"Motorcycles","NSW","1983",209
"Motorcycles","NSW","1984",277
"Motorcycles","NSW","1985",371
"Motorcycles","NSW","1986",279
"Motorcycles","NSW","1987",270
"Motorcycles","NSW","1988",403
"Motorcycles","NSW","1989",296
"Motorcycles","NSW","1990",376
"Motorcycles","NSW","1991",443
"Motorcycles","NSW","1992",453
"Motorcycles","NSW","1993",583
"Motorcycles","NSW","1994",864
"Motorcycles","NSW","1995",1464
"Motorcycles","NSW","1996",1544
"Motorcycles","NSW","1997",1794
"Motorcycles","NSW","1998",2270
"Motorcycles","NSW","1999",2534
"Motorcycles","NSW","2000",2605
"Motorcycles","NSW","2001",3032
"Motorcycles","NSW","2002",3445
"Motorcycles","NSW","2003",4029
"Motorcycles","NSW","2004",4528
"Motorcycles","NSW","2005",5951
"Motorcycles","NSW","2006",7791
"Motorcycles","NSW","2007",9352
"Motorcycles","NSW","2008",10413
"Motorcycles","NSW","2009",8456
"Motorcycles","NSW","2010",9080
"Motorcycles","NSW","2011",8999
"Motorcycles","NSW","2012",10897
"Motorcycles","NSW","2013",11661
"Motorcycles","NSW","2014",12382
"Motorcycles","NSW","2015",13718
"Motorcycles","NSW","2016",15760
"Motorcycles","NSW","2017",14803
"Motorcycles","NSW","2018",14287
"Motorcycles","NSW","2019",14945
"Motorcycles","NSW","2020",15244
"Motorcycles","NSW","2021",23335
"Motorcycles","NSW","2022",18469
"Motorcycles","NSW","2023",19424
"Motorcycles","NSW","2024",9246
"Motorcycles","NSW","2025",0
"Motorcycles","NSW","Not stated",4
"Motorcycles","Vic","1901",20
"Motorcycles","Vic","1902",0
"Motorcycles","Vic","1903",0
"Motorcycles","Vic","1904",0
"Motorcycles","Vic","1905",0
"Motorcycles","Vic","1906",0
"Motorcycles","Vic","1907",0
"Motorcycles","Vic","1908",0
"Motorcycles","Vic","1909",0
"Motorcycles","Vic","1910",0
"Motorcycles","Vic","1911",0
"Motorcycles","Vic","1912",0
"Motorcycles","Vic","1913",0
"Motorcycles","Vic","1914",0
"Motorcycles","Vic","1915",0
"Motorcycles","Vic","1916",0
"Motorcycles","Vic","1917",0
"Motorcycles","Vic","1918",0
"Motorcycles","Vic","1919",0
"Motorcycles","Vic","1920",0
"Motorcycles","Vic","1921",0
"Motorcycles","Vic","1922",0
"Motorcycles","Vic","1923",0
"Motorcycles","Vic","1924",0
"Motorcycles","Vic","1925",3
"Motorcycles","Vic","1926",0
"Motorcycles","Vic","1927",3
"Motorcycles","Vic","1928",3
"Motorcycles","Vic","1929",0
"Motorcycles","Vic","1930",3
"Motorcycles","Vic","1931",3
"Motorcycles","Vic","1932",0
"Motorcycles","Vic","1933",0
"Motorcycles","Vic","1934",0
"Motorcycles","Vic","1935",0
"Motorcycles","Vic","1936",3
"Motorcycles","Vic","1937",0
"Motorcycles","Vic","1938",3
"Motorcycles","Vic","1939",7
"Motorcycles","Vic","1940",0
"Motorcycles","Vic","1941",0
"Motorcycles","Vic","1942",19
"Motorcycles","Vic","1943",0
"Motorcycles","Vic","1944",4
"Motorcycles","Vic","1945",0
"Motorcycles","Vic","1946",0
"Motorcycles","Vic","1947",10
"Motorcycles","Vic","1948",14
"Motorcycles","Vic","1949",12
"Motorcycles","Vic","1950",11
"Motorcycles","Vic","1951",19
"Motorcycles","Vic","1952",12
"Motorcycles","Vic","1953",10
"Motorcycles","Vic","1954",15
"Motorcycles","Vic","1955",14
"Motorcycles","Vic","1956",7
"Motorcycles","Vic","1957",18
"Motorcycles","Vic","1958",21
"Motorcycles","Vic","1959",16
"Motorcycles","Vic","1960",11
"Motorcycles","Vic","1961",8
"Motorcycles","Vic","1962",20
"Motorcycles","Vic","1963",25
"Motorcycles","Vic","1964",39
"Motorcycles","Vic","1965",58
"Motorcycles","Vic","1966",35
"Motorcycles","Vic","1967",31
"Motorcycles","Vic","1968",42
"Motorcycles","Vic","1969",49
"Motorcycles","Vic","1970",49
"Motorcycles","Vic","1971",72
"Motorcycles","Vic","1972",101
"Motorcycles","Vic","1973",112
"Motorcycles","Vic","1974",128
"Motorcycles","Vic","1975",122
"Motorcycles","Vic","1976",166
"Motorcycles","Vic","1977",115
"Motorcycles","Vic","1978",182
"Motorcycles","Vic","1979",182
"Motorcycles","Vic","1980",268
"Motorcycles","Vic","1981",313
"Motorcycles","Vic","1982",314
"Motorcycles","Vic","1983",305
"Motorcycles","Vic","1984",344
"Motorcycles","Vic","1985",450
"Motorcycles","Vic","1986",292
"Motorcycles","Vic","1987",279
"Motorcycles","Vic","1988",672
"Motorcycles","Vic","1989",301
"Motorcycles","Vic","1990",374
"Motorcycles","Vic","1991",496
"Motorcycles","Vic","1992",527
"Motorcycles","Vic","1993",564
"Motorcycles","Vic","1994",762
"Motorcycles","Vic","1995",985
"Motorcycles","Vic","1996",1130
"Motorcycles","Vic","1997",1545
"Motorcycles","Vic","1998",1973
"Motorcycles","Vic","1999",2495
"Motorcycles","Vic","2000",3188
"Motorcycles","Vic","2001",3990
"Motorcycles","Vic","2002",3445
"Motorcycles","Vic","2003",4015
"Motorcycles","Vic","2004",4463
"Motorcycles","Vic","2005",5536
"Motorcycles","Vic","2006",7030
"Motorcycles","Vic","2007",8383
"Motorcycles","Vic","2008",9574
"Motorcycles","Vic","2009",8056
"Motorcycles","Vic","2010",6726
"Motorcycles","Vic","2011",6246
"Motorcycles","Vic","2012",7038
"Motorcycles","Vic","2013",7575
"Motorcycles","Vic","2014",8856
"Motorcycles","Vic","2015",9661
"Motorcycles","Vic","2016",9952
"Motorcycles","Vic","2017",9343
"Motorcycles","Vic","2018",9075
"Motorcycles","Vic","2019",8709
"Motorcycles","Vic","2020",8119
"Motorcycles","Vic","2021",14365
"Motorcycles","Vic","2022",12534
"Motorcycles","Vic","2023",12630
"Motorcycles","Vic","2024",5944
"Motorcycles","Vic","2025",5
"Motorcycles","Vic","Not stated",7944
"Motorcycles","Qld","1901",0
"Motorcycles","Qld","1902",0
"Motorcycles","Qld","1903",0
"Motorcycles","Qld","1904",0
"Motorcycles","Qld","1905",0
"Motorcycles","Qld","1906",0
"Motorcycles","Qld","1907",0
"Motorcycles","Qld","1908",3
"Motorcycles","Qld","1909",3
"Motorcycles","Qld","1910",3
"Motorcycles","Qld","1911",4
"Motorcycles","Qld","1912",8
"Motorcycles","Qld","1913",6
"Motorcycles","Qld","1914",16
"Motorcycles","Qld","1915",19
"Motorcycles","Qld","1916",15
"Motorcycles","Qld","1917",7
"Motorcycles","Qld","1918",3
"Motorcycles","Qld","1919",0
"Motorcycles","Qld","1920",3
"Motorcycles","Qld","1921",0
"Motorcycles","Qld","1922",3
"Motorcycles","Qld","1923",6
"Motorcycles","Qld","1924",12
"Motorcycles","Qld","1925",6
"Motorcycles","Qld","1926",8
"Motorcycles","Qld","1927",12
"Motorcycles","Qld","1928",23
"Motorcycles","Qld","1929",13
"Motorcycles","Qld","1930",11
"Motorcycles","Qld","1931",4
"Motorcycles","Qld","1932",3
"Motorcycles","Qld","1933",5
"Motorcycles","Qld","1934",10
"Motorcycles","Qld","1935",12
"Motorcycles","Qld","1936",14
"Motorcycles","Qld","1937",20
"Motorcycles","Qld","1938",34
"Motorcycles","Qld","1939",34
"Motorcycles","Qld","1940",17
"Motorcycles","Qld","1941",43
"Motorcycles","Qld","1942",149
"Motorcycles","Qld","1943",7
"Motorcycles","Qld","1944",25
"Motorcycles","Qld","1945",7
"Motorcycles","Qld","1946",40
"Motorcycles","Qld","1947",46
"Motorcycles","Qld","1948",78
"Motorcycles","Qld","1949",65
"Motorcycles","Qld","1950",88
"Motorcycles","Qld","1951",96
"Motorcycles","Qld","1952",71
"Motorcycles","Qld","1953",63
"Motorcycles","Qld","1954",86
"Motorcycles","Qld","1955",78
"Motorcycles","Qld","1956",77
"Motorcycles","Qld","1957",90
"Motorcycles","Qld","1958",98
"Motorcycles","Qld","1959",65
"Motorcycles","Qld","1960",95
"Motorcycles","Qld","1961",58
"Motorcycles","Qld","1962",80
"Motorcycles","Qld","1963",73
"Motorcycles","Qld","1964",86
"Motorcycles","Qld","1965",117
"Motorcycles","Qld","1966",132
"Motorcycles","Qld","1967",132
"Motorcycles","Qld","1968",159
"Motorcycles","Qld","1969",261
"Motorcycles","Qld","1970",237
"Motorcycles","Qld","1971",366
"Motorcycles","Qld","1972",542
"Motorcycles","Qld","1973",504
"Motorcycles","Qld","1974",644
"Motorcycles","Qld","1975",616
"Motorcycles","Qld","1976",561
"Motorcycles","Qld","1977",349
"Motorcycles","Qld","1978",458
"Motorcycles","Qld","1979",486
"Motorcycles","Qld","1980",618
"Motorcycles","Qld","1981",841
"Motorcycles","Qld","1982",615
"Motorcycles","Qld","1983",466
"Motorcycles","Qld","1984",537
"Motorcycles","Qld","1985",637
"Motorcycles","Qld","1986",460
"Motorcycles","Qld","1987",414
"Motorcycles","Qld","1988",692
"Motorcycles","Qld","1989",527
"Motorcycles","Qld","1990",594
"Motorcycles","Qld","1991",719
"Motorcycles","Qld","1992",754
"Motorcycles","Qld","1993",865
"Motorcycles","Qld","1994",1066
"Motorcycles","Qld","1995",1359
"Motorcycles","Qld","1996",1430
"Motorcycles","Qld","1997",1459
"Motorcycles","Qld","1998",2113
"Motorcycles","Qld","1999",2193
"Motorcycles","Qld","2000",2442
"Motorcycles","Qld","2001",2679
"Motorcycles","Qld","2002",3108
"Motorcycles","Qld","2003",3713
"Motorcycles","Qld","2004",4486
"Motorcycles","Qld","2005",6501
"Motorcycles","Qld","2006",7957
"Motorcycles","Qld","2007",9132
"Motorcycles","Qld","2008",9780
"Motorcycles","Qld","2009",7208
"Motorcycles","Qld","2010",7417
"Motorcycles","Qld","2011",7656
"Motorcycles","Qld","2012",9229
"Motorcycles","Qld","2013",9746
"Motorcycles","Qld","2014",9880
"Motorcycles","Qld","2015",10756
"Motorcycles","Qld","2016",12070
"Motorcycles","Qld","2017",11005
"Motorcycles","Qld","2018",10204
"Motorcycles","Qld","2019",9631
"Motorcycles","Qld","2020",10345
"Motorcycles","Qld","2021",15722
"Motorcycles","Qld","2022",13263
"Motorcycles","Qld","2023",13763
"Motorcycles","Qld","2024",6283
"Motorcycles","Qld","2025",0
"Motorcycles","Qld","Not stated",10
"Motorcycles","SA","1901",3
"Motorcycles","SA","1902",0
"Motorcycles","SA","1903",0
"Motorcycles","SA","1904",0
"Motorcycles","SA","1905",0
"Motorcycles","SA","1906",0
"Motorcycles","SA","1907",0
"Motorcycles","SA","1908",0
"Motorcycles","SA","1909",0
"Motorcycles","SA","1910",0
"Motorcycles","SA","1911",0
"Motorcycles","SA","1912",0
"Motorcycles","SA","1913",5
"Motorcycles","SA","1914",3
"Motorcycles","SA","1915",3
"Motorcycles","SA","1916",0
"Motorcycles","SA","1917",0
"Motorcycles","SA","1918",0
"Motorcycles","SA","1919",3
"Motorcycles","SA","1920",0
"Motorcycles","SA","1921",0
"Motorcycles","SA","1922",3
"Motorcycles","SA","1923",3
"Motorcycles","SA","1924",6
"Motorcycles","SA","1925",3
"Motorcycles","SA","1926",0
"Motorcycles","SA","1927",8
"Motorcycles","SA","1928",9
"Motorcycles","SA","1929",7
"Motorcycles","SA","1930",9
"Motorcycles","SA","1931",3
"Motorcycles","SA","1932",3
"Motorcycles","SA","1933",0
"Motorcycles","SA","1934",6
"Motorcycles","SA","1935",10
"Motorcycles","SA","1936",16
"Motorcycles","SA","1937",5
"Motorcycles","SA","1938",11
"Motorcycles","SA","1939",14
"Motorcycles","SA","1940",7
"Motorcycles","SA","1941",10
"Motorcycles","SA","1942",47
"Motorcycles","SA","1943",0
"Motorcycles","SA","1944",8
"Motorcycles","SA","1945",0
"Motorcycles","SA","1946",11
"Motorcycles","SA","1947",38
"Motorcycles","SA","1948",66
"Motorcycles","SA","1949",68
"Motorcycles","SA","1950",36
"Motorcycles","SA","1951",65
"Motorcycles","SA","1952",38
"Motorcycles","SA","1953",27
"Motorcycles","SA","1954",51
"Motorcycles","SA","1955",40
"Motorcycles","SA","1956",44
"Motorcycles","SA","1957",37
"Motorcycles","SA","1958",37
"Motorcycles","SA","1959",44
"Motorcycles","SA","1960",31
"Motorcycles","SA","1961",26
"Motorcycles","SA","1962",36
"Motorcycles","SA","1963",29
"Motorcycles","SA","1964",37
"Motorcycles","SA","1965",28
"Motorcycles","SA","1966",34
"Motorcycles","SA","1967",47
"Motorcycles","SA","1968",50
"Motorcycles","SA","1969",82
"Motorcycles","SA","1970",73
"Motorcycles","SA","1971",105
"Motorcycles","SA","1972",189
"Motorcycles","SA","1973",168
"Motorcycles","SA","1974",200
"Motorcycles","SA","1975",193
"Motorcycles","SA","1976",208
"Motorcycles","SA","1977",128
"Motorcycles","SA","1978",144
"Motorcycles","SA","1979",125
"Motorcycles","SA","1980",173
"Motorcycles","SA","1981",206
"Motorcycles","SA","1982",148
"Motorcycles","SA","1983",126
"Motorcycles","SA","1984",140
"Motorcycles","SA","1985",156
"Motorcycles","SA","1986",115
"Motorcycles","SA","1987",119
"Motorcycles","SA","1988",177
"Motorcycles","SA","1989",122
"Motorcycles","SA","1990",162
"Motorcycles","SA","1991",212
"Motorcycles","SA","1992",257
"Motorcycles","SA","1993",259
"Motorcycles","SA","1994",338
"Motorcycles","SA","1995",436
"Motorcycles","SA","1996",444
"Motorcycles","SA","1997",490
"Motorcycles","SA","1998",631
"Motorcycles","SA","1999",673
"Motorcycles","SA","2000",700
"Motorcycles","SA","2001",708
"Motorcycles","SA","2002",798
"Motorcycles","SA","2003",956
"Motorcycles","SA","2004",1143
"Motorcycles","SA","2005",1482
"Motorcycles","SA","2006",2099
"Motorcycles","SA","2007",2477
"Motorcycles","SA","2008",2800
"Motorcycles","SA","2009",2044
"Motorcycles","SA","2010",2101
"Motorcycles","SA","2011",1848
"Motorcycles","SA","2012",2153
"Motorcycles","SA","2013",2251
"Motorcycles","SA","2014",2374
"Motorcycles","SA","2015",2579
"Motorcycles","SA","2016",2708
"Motorcycles","SA","2017",2582
"Motorcycles","SA","2018",2409
"Motorcycles","SA","2019",2315
"Motorcycles","SA","2020",2359
"Motorcycles","SA","2021",4071
"Motorcycles","SA","2022",3180
"Motorcycles","SA","2023",3221
"Motorcycles","SA","2024",1647
"Motorcycles","SA","2025",0
"Motorcycles","SA","Not stated",1013
"Motorcycles","WA","1901",0
"Motorcycles","WA","1902",0
"Motorcycles","WA","1903",3
"Motorcycles","WA","1904",0
"Motorcycles","WA","1905",0
"Motorcycles","WA","1906",0
"Motorcycles","WA","1907",3
"Motorcycles","WA","1908",0
"Motorcycles","WA","1909",0
"Motorcycles","WA","1910",3
"Motorcycles","WA","1911",3
"Motorcycles","WA","1912",7
"Motorcycles","WA","1913",9
"Motorcycles","WA","1914",17
"Motorcycles","WA","1915",11
"Motorcycles","WA","1916",5
"Motorcycles","WA","1917",3
"Motorcycles","WA","1918",7
"Motorcycles","WA","1919",0
"Motorcycles","WA","1920",3
"Motorcycles","WA","1921",0
"Motorcycles","WA","1922",3
"Motorcycles","WA","1923",9
"Motorcycles","WA","1924",11
"Motorcycles","WA","1925",14
"Motorcycles","WA","1926",24
"Motorcycles","WA","1927",17
"Motorcycles","WA","1928",35
"Motorcycles","WA","1929",34
"Motorcycles","WA","1930",19
"Motorcycles","WA","1931",4
"Motorcycles","WA","1932",0
"Motorcycles","WA","1933",4
"Motorcycles","WA","1934",8
"Motorcycles","WA","1935",16
"Motorcycles","WA","1936",22
"Motorcycles","WA","1937",30
"Motorcycles","WA","1938",26
"Motorcycles","WA","1939",24
"Motorcycles","WA","1940",25
"Motorcycles","WA","1941",49
"Motorcycles","WA","1942",130
"Motorcycles","WA","1943",12
"Motorcycles","WA","1944",22
"Motorcycles","WA","1945",5
"Motorcycles","WA","1946",23
"Motorcycles","WA","1947",51
"Motorcycles","WA","1948",61
"Motorcycles","WA","1949",75
"Motorcycles","WA","1950",76
"Motorcycles","WA","1951",120
"Motorcycles","WA","1952",70
"Motorcycles","WA","1953",57
"Motorcycles","WA","1954",85
"Motorcycles","WA","1955",71
"Motorcycles","WA","1956",83
"Motorcycles","WA","1957",74
"Motorcycles","WA","1958",74
"Motorcycles","WA","1959",91
"Motorcycles","WA","1960",97
"Motorcycles","WA","1961",76
"Motorcycles","WA","1962",76
"Motorcycles","WA","1963",93
"Motorcycles","WA","1964",113
"Motorcycles","WA","1965",125
"Motorcycles","WA","1966",168
"Motorcycles","WA","1967",170
"Motorcycles","WA","1968",263
"Motorcycles","WA","1969",155
"Motorcycles","WA","1970",160
"Motorcycles","WA","1971",223
"Motorcycles","WA","1972",328
"Motorcycles","WA","1973",337
"Motorcycles","WA","1974",447
"Motorcycles","WA","1975",485
"Motorcycles","WA","1976",423
"Motorcycles","WA","1977",306
"Motorcycles","WA","1978",388
"Motorcycles","WA","1979",378
"Motorcycles","WA","1980",496
"Motorcycles","WA","1981",618
"Motorcycles","WA","1982",489
"Motorcycles","WA","1983",465
"Motorcycles","WA","1984",446
"Motorcycles","WA","1985",530
"Motorcycles","WA","1986",382
"Motorcycles","WA","1987",384
"Motorcycles","WA","1988",674
"Motorcycles","WA","1989",507
"Motorcycles","WA","1990",500
"Motorcycles","WA","1991",541
"Motorcycles","WA","1992",561
"Motorcycles","WA","1993",665
"Motorcycles","WA","1994",864
"Motorcycles","WA","1995",1027
"Motorcycles","WA","1996",1063
"Motorcycles","WA","1997",1132
"Motorcycles","WA","1998",1464
"Motorcycles","WA","1999",1526
"Motorcycles","WA","2000",1570
"Motorcycles","WA","2001",1565
"Motorcycles","WA","2002",1549
"Motorcycles","WA","2003",1899
"Motorcycles","WA","2004",2319
"Motorcycles","WA","2005",3830
"Motorcycles","WA","2006",5174
"Motorcycles","WA","2007",5901
"Motorcycles","WA","2008",6386
"Motorcycles","WA","2009",5091
"Motorcycles","WA","2010",4966
"Motorcycles","WA","2011",5037
"Motorcycles","WA","2012",5968
"Motorcycles","WA","2013",6557
"Motorcycles","WA","2014",5547
"Motorcycles","WA","2015",5454
"Motorcycles","WA","2016",4865
"Motorcycles","WA","2017",4049
"Motorcycles","WA","2018",3743
"Motorcycles","WA","2019",3534
"Motorcycles","WA","2020",4494
"Motorcycles","WA","2021",6956
"Motorcycles","WA","2022",5613
"Motorcycles","WA","2023",5670
"Motorcycles","WA","2024",2858
"Motorcycles","WA","2025",0
"Motorcycles","WA","Not stated",3
"Motorcycles","Tas","1901",0
"Motorcycles","Tas","1902",0
"Motorcycles","Tas","1903",0
"Motorcycles","Tas","1904",0
"Motorcycles","Tas","1905",0
"Motorcycles","Tas","1906",0
"Motorcycles","Tas","1907",0
"Motorcycles","Tas","1908",0
"Motorcycles","Tas","1909",0
"Motorcycles","Tas","1910",0
"Motorcycles","Tas","1911",0
"Motorcycles","Tas","1912",3
"Motorcycles","Tas","1913",3
"Motorcycles","Tas","1914",0
"Motorcycles","Tas","1915",0
"Motorcycles","Tas","1916",0
"Motorcycles","Tas","1917",0
"Motorcycles","Tas","1918",0
"Motorcycles","Tas","1919",0
"Motorcycles","Tas","1920",0
"Motorcycles","Tas","1921",0
"Motorcycles","Tas","1922",0
"Motorcycles","Tas","1923",0
"Motorcycles","Tas","1924",0
"Motorcycles","Tas","1925",3
"Motorcycles","Tas","1926",3
"Motorcycles","Tas","1927",3
"Motorcycles","Tas","1928",5
"Motorcycles","Tas","1929",3
"Motorcycles","Tas","1930",5
"Motorcycles","Tas","1931",3
"Motorcycles","Tas","1932",0
"Motorcycles","Tas","1933",3
"Motorcycles","Tas","1934",0
"Motorcycles","Tas","1935",3
"Motorcycles","Tas","1936",3
"Motorcycles","Tas","1937",10
"Motorcycles","Tas","1938",6
"Motorcycles","Tas","1939",7
"Motorcycles","Tas","1940",3
"Motorcycles","Tas","1941",0
"Motorcycles","Tas","1942",3
"Motorcycles","Tas","1943",0
"Motorcycles","Tas","1944",3
"Motorcycles","Tas","1945",0
"Motorcycles","Tas","1946",0
"Motorcycles","Tas","1947",4
"Motorcycles","Tas","1948",6
"Motorcycles","Tas","1949",4
"Motorcycles","Tas","1950",10
"Motorcycles","Tas","1951",10
"Motorcycles","Tas","1952",6
"Motorcycles","Tas","1953",3
"Motorcycles","Tas","1954",6
"Motorcycles","Tas","1955",8
"Motorcycles","Tas","1956",11
"Motorcycles","Tas","1957",9
"Motorcycles","Tas","1958",3
"Motorcycles","Tas","1959",7
"Motorcycles","Tas","1960",3
"Motorcycles","Tas","1961",0
"Motorcycles","Tas","1962",5
"Motorcycles","Tas","1963",0
"Motorcycles","Tas","1964",4
"Motorcycles","Tas","1965",3
"Motorcycles","Tas","1966",7
"Motorcycles","Tas","1967",8
"Motorcycles","Tas","1968",6
"Motorcycles","Tas","1969",10
"Motorcycles","Tas","1970",5
"Motorcycles","Tas","1971",15
"Motorcycles","Tas","1972",15
"Motorcycles","Tas","1973",21
"Motorcycles","Tas","1974",16
"Motorcycles","Tas","1975",21
"Motorcycles","Tas","1976",17
"Motorcycles","Tas","1977",16
"Motorcycles","Tas","1978",20
"Motorcycles","Tas","1979",22
"Motorcycles","Tas","1980",30
"Motorcycles","Tas","1981",38
"Motorcycles","Tas","1982",25
"Motorcycles","Tas","1983",37
"Motorcycles","Tas","1984",33
"Motorcycles","Tas","1985",40
"Motorcycles","Tas","1986",33
"Motorcycles","Tas","1987",37
"Motorcycles","Tas","1988",39
"Motorcycles","Tas","1989",31
"Motorcycles","Tas","1990",46
"Motorcycles","Tas","1991",52
"Motorcycles","Tas","1992",62
"Motorcycles","Tas","1993",72
"Motorcycles","Tas","1994",111
"Motorcycles","Tas","1995",183
"Motorcycles","Tas","1996",211
"Motorcycles","Tas","1997",231
"Motorcycles","Tas","1998",271
"Motorcycles","Tas","1999",294
"Motorcycles","Tas","2000",318
"Motorcycles","Tas","2001",344
"Motorcycles","Tas","2002",335
"Motorcycles","Tas","2003",407
"Motorcycles","Tas","2004",519
"Motorcycles","Tas","2005",628
"Motorcycles","Tas","2006",813
"Motorcycles","Tas","2007",984
"Motorcycles","Tas","2008",1059
"Motorcycles","Tas","2009",839
"Motorcycles","Tas","2010",806
"Motorcycles","Tas","2011",717
"Motorcycles","Tas","2012",815
"Motorcycles","Tas","2013",886
"Motorcycles","Tas","2014",937
"Motorcycles","Tas","2015",957
"Motorcycles","Tas","2016",1049
"Motorcycles","Tas","2017",889
"Motorcycles","Tas","2018",730
"Motorcycles","Tas","2019",725
"Motorcycles","Tas","2020",688
"Motorcycles","Tas","2021",1194
"Motorcycles","Tas","2022",1064
"Motorcycles","Tas","2023",979
"Motorcycles","Tas","2024",447
"Motorcycles","Tas","2025",0
"Motorcycles","Tas","Not stated",0
"Motorcycles","NT","1901",0
"Motorcycles","NT","1902",0
"Motorcycles","NT","1903",0
"Motorcycles","NT","1904",0
"Motorcycles","NT","1905",0
"Motorcycles","NT","1906",0
"Motorcycles","NT","1907",0
"Motorcycles","NT","1908",0
"Motorcycles","NT","1909",0
"Motorcycles","NT","1910",0
"Motorcycles","NT","1911",0
"Motorcycles","NT","1912",0
"Motorcycles","NT","1913",0
"Motorcycles","NT","1914",0
"Motorcycles","NT","1915",0
"Motorcycles","NT","1916",0
"Motorcycles","NT","1917",0
"Motorcycles","NT","1918",0
"Motorcycles","NT","1919",3
"Motorcycles","NT","1920",0
"Motorcycles","NT","1921",3
"Motorcycles","NT","1922",0
"Motorcycles","NT","1923",0
"Motorcycles","NT","1924",0
"Motorcycles","NT","1925",0
"Motorcycles","NT","1926",0
"Motorcycles","NT","1927",0
"Motorcycles","NT","1928",0
"Motorcycles","NT","1929",3
"Motorcycles","NT","1930",0
"Motorcycles","NT","1931",0
"Motorcycles","NT","1932",0
"Motorcycles","NT","1933",0
"Motorcycles","NT","1934",0
"Motorcycles","NT","1935",0
"Motorcycles","NT","1936",3
"Motorcycles","NT","1937",0
"Motorcycles","NT","1938",0
"Motorcycles","NT","1939",0
"Motorcycles","NT","1940",3
"Motorcycles","NT","1941",0
"Motorcycles","NT","1942",5
"Motorcycles","NT","1943",0
"Motorcycles","NT","1944",0
"Motorcycles","NT","1945",0
"Motorcycles","NT","1946",3
"Motorcycles","NT","1947",3
"Motorcycles","NT","1948",0
"Motorcycles","NT","1949",0
"Motorcycles","NT","1950",0
"Motorcycles","NT","1951",0
"Motorcycles","NT","1952",0
"Motorcycles","NT","1953",0
"Motorcycles","NT","1954",0
"Motorcycles","NT","1955",3
"Motorcycles","NT","1956",0
"Motorcycles","NT","1957",3
"Motorcycles","NT","1958",3
"Motorcycles","NT","1959",0
"Motorcycles","NT","1960",3
"Motorcycles","NT","1961",0
"Motorcycles","NT","1962",0
"Motorcycles","NT","1963",0
"Motorcycles","NT","1964",3
"Motorcycles","NT","1965",0
"Motorcycles","NT","1966",5
"Motorcycles","NT","1967",6
"Motorcycles","NT","1968",6
"Motorcycles","NT","1969",5
"Motorcycles","NT","1970",5
"Motorcycles","NT","1971",6
"Motorcycles","NT","1972",4
"Motorcycles","NT","1973",4
"Motorcycles","NT","1974",7
"Motorcycles","NT","1975",6
"Motorcycles","NT","1976",6
"Motorcycles","NT","1977",3
"Motorcycles","NT","1978",4
"Motorcycles","NT","1979",5
"Motorcycles","NT","1980",8
"Motorcycles","NT","1981",7
"Motorcycles","NT","1982",5
"Motorcycles","NT","1983",11
"Motorcycles","NT","1984",8
"Motorcycles","NT","1985",11
"Motorcycles","NT","1986",6
"Motorcycles","NT","1987",6
"Motorcycles","NT","1988",9
"Motorcycles","NT","1989",9
"Motorcycles","NT","1990",8
"Motorcycles","NT","1991",7
"Motorcycles","NT","1992",7
"Motorcycles","NT","1993",11
"Motorcycles","NT","1994",18
"Motorcycles","NT","1995",16
"Motorcycles","NT","1996",23
"Motorcycles","NT","1997",18
"Motorcycles","NT","1998",31
"Motorcycles","NT","1999",34
"Motorcycles","NT","2000",34
"Motorcycles","NT","2001",38
"Motorcycles","NT","2002",37
"Motorcycles","NT","2003",42
"Motorcycles","NT","2004",82
"Motorcycles","NT","2005",74
"Motorcycles","NT","2006",115
"Motorcycles","NT","2007",144
"Motorcycles","NT","2008",186
"Motorcycles","NT","2009",137
"Motorcycles","NT","2010",135
"Motorcycles","NT","2011",140
"Motorcycles","NT","2012",185
"Motorcycles","NT","2013",217
"Motorcycles","NT","2014",233
"Motorcycles","NT","2015",228
"Motorcycles","NT","2016",253
"Motorcycles","NT","2017",257
"Motorcycles","NT","2018",198
"Motorcycles","NT","2019",258
"Motorcycles","NT","2020",326
"Motorcycles","NT","2021",530
"Motorcycles","NT","2022",399
"Motorcycles","NT","2023",465
"Motorcycles","NT","2024",254
"Motorcycles","NT","2025",0
"Motorcycles","NT","Not stated",0
"Motorcycles","ACT","1901",0
"Motorcycles","ACT","1902",0
"Motorcycles","ACT","1903",0
"Motorcycles","ACT","1904",0
"Motorcycles","ACT","1905",0
"Motorcycles","ACT","1906",0
"Motorcycles","ACT","1907",3
"Motorcycles","ACT","1908",0
"Motorcycles","ACT","1909",0
"Motorcycles","ACT","1910",0
"Motorcycles","ACT","1911",0
"Motorcycles","ACT","1912",0
"Motorcycles","ACT","1913",0
"Motorcycles","ACT","1914",0
"Motorcycles","ACT","1915",0
"Motorcycles","ACT","1916",0
"Motorcycles","ACT","1917",3
"Motorcycles","ACT","1918",0
"Motorcycles","ACT","1919",0
"Motorcycles","ACT","1920",0
"Motorcycles","ACT","1921",0
"Motorcycles","ACT","1922",0
"Motorcycles","ACT","1923",0
"Motorcycles","ACT","1924",0
"Motorcycles","ACT","1925",3
"Motorcycles","ACT","1926",0
"Motorcycles","ACT","1927",3
"Motorcycles","ACT","1928",3
"Motorcycles","ACT","1929",3
"Motorcycles","ACT","1930",3
"Motorcycles","ACT","1931",0
"Motorcycles","ACT","1932",0
"Motorcycles","ACT","1933",0
"Motorcycles","ACT","1934",0
"Motorcycles","ACT","1935",3
"Motorcycles","ACT","1936",0
"Motorcycles","ACT","1937",0
"Motorcycles","ACT","1938",0
"Motorcycles","ACT","1939",3
"Motorcycles","ACT","1940",0
"Motorcycles","ACT","1941",3
"Motorcycles","ACT","1942",3
"Motorcycles","ACT","1943",0
"Motorcycles","ACT","1944",0
"Motorcycles","ACT","1945",0
"Motorcycles","ACT","1946",0
"Motorcycles","ACT","1947",4
"Motorcycles","ACT","1948",5
"Motorcycles","ACT","1949",5
"Motorcycles","ACT","1950",6
"Motorcycles","ACT","1951",4
"Motorcycles","ACT","1952",6
"Motorcycles","ACT","1953",0
"Motorcycles","ACT","1954",0
"Motorcycles","ACT","1955",3
"Motorcycles","ACT","1956",3
"Motorcycles","ACT","1957",4
"Motorcycles","ACT","1958",6
"Motorcycles","ACT","1959",4
"Motorcycles","ACT","1960",5
"Motorcycles","ACT","1961",3
"Motorcycles","ACT","1962",3
"Motorcycles","ACT","1963",4
"Motorcycles","ACT","1964",3
"Motorcycles","ACT","1965",7
"Motorcycles","ACT","1966",12
"Motorcycles","ACT","1967",10
"Motorcycles","ACT","1968",12
"Motorcycles","ACT","1969",21
"Motorcycles","ACT","1970",17
"Motorcycles","ACT","1971",13
"Motorcycles","ACT","1972",25
"Motorcycles","ACT","1973",19
"Motorcycles","ACT","1974",26
"Motorcycles","ACT","1975",19
"Motorcycles","ACT","1976",15
"Motorcycles","ACT","1977",18
"Motorcycles","ACT","1978",30
"Motorcycles","ACT","1979",21
"Motorcycles","ACT","1980",29
"Motorcycles","ACT","1981",43
"Motorcycles","ACT","1982",33
"Motorcycles","ACT","1983",32
"Motorcycles","ACT","1984",34
"Motorcycles","ACT","1985",28
"Motorcycles","ACT","1986",19
"Motorcycles","ACT","1987",18
"Motorcycles","ACT","1988",36
"Motorcycles","ACT","1989",19
"Motorcycles","ACT","1990",26
"Motorcycles","ACT","1991",33
"Motorcycles","ACT","1992",32
"Motorcycles","ACT","1993",46
"Motorcycles","ACT","1994",53
"Motorcycles","ACT","1995",73
"Motorcycles","ACT","1996",57
"Motorcycles","ACT","1997",90
"Motorcycles","ACT","1998",101
"Motorcycles","ACT","1999",113
"Motorcycles","ACT","2000",141
"Motorcycles","ACT","2001",160
"Motorcycles","ACT","2002",148
"Motorcycles","ACT","2003",217
"Motorcycles","ACT","2004",233
"Motorcycles","ACT","2005",297
"Motorcycles","ACT","2006",415
"Motorcycles","ACT","2007",490
"Motorcycles","ACT","2008",548
"Motorcycles","ACT","2009",457
"Motorcycles","ACT","2010",464
"Motorcycles","ACT","2011",445
"Motorcycles","ACT","2012",511
"Motorcycles","ACT","2013",569
"Motorcycles","ACT","2014",603
"Motorcycles","ACT","2015",677
"Motorcycles","ACT","2016",719
"Motorcycles","ACT","2017",678
"Motorcycles","ACT","2018",618
"Motorcycles","ACT","2019",581
"Motorcycles","ACT","2020",643
"Motorcycles","ACT","2021",973
"Motorcycles","ACT","2022",840
"Motorcycles","ACT","2023",790
"Motorcycles","ACT","2024",500
"Motorcycles","ACT","2025",0
"Motorcycles","ACT","Not stated",0
"Total","-","-",22305347
